Nome,Latitudine,Longitudine,Tipo,TAG
" E' Bona Furia""""",42.8541214,13.5683192,restaurant,"Food, Leisure"
' Biancaneve ' Di De Santis Luigi,42.86045120000001,13.5666947,point_of_interest,"Retail, Kids, Leisure"
180,42.85447050000001,13.5757099,restaurant,"Food, Leisure"
2 Emme Immobiliare Di Mario Manfroni & C. S.A.S.,42.8568141,13.5786333,real_estate_agency,Professional/Commercial Services
A Casa Di Leo,42.8528844,13.5818592,lodging,Travel
A. R. T. & Co. Srl,42.8500864,13.5728422,point_of_interest,Professional/Commercial Services
A.S.D. Take Down lotta Ascoli Piceno,42.8471134,13.5882464,gym,"Fitness, Health"
A.s.s.a.m.,42.854251,13.5871254,point_of_interest,"Government/Civic/Legal Services, Food"
A.T. Office sas di Cinciripini Irene & C.,42.8531506,13.5974256,store,Retail
A.T.O. N.5 Marche Sud Ascoli Piceno,42.85447849999999,13.5922756,point_of_interest,"Government/Civic/Legal Services, Specific Services/Utilities"
Abbigliamento Manni Ivana,42.852735,13.591056,clothing_store,"Fashion, Retail"
Abbigliamento Regnicoli Elena Maria,42.8546389,13.5733043,clothing_store,"Fashion, Retail"
Acanto House - Casa vacanza,42.85764409999999,13.5829668,lodging,Travel
ACI Ufficio Provinciale,42.8544803,13.5914826,local_government_office,Government/Civic/Legal Services
Acli Service Ascoli Srl,42.8498274,13.588273,finance,Finance
Acqua & Sapone,42.8600782,13.5700659,home_goods_store,"Home Decor, Interior Design, Home Appliances, Retail"
Acqua & Sapone,42.85375979999999,13.5714608,home_goods_store,"Home Decor, Interior Design, Home Appliances, Retail"
ADI Ascoli Piceno,42.8601845,13.5808849,church,Culture
Affiliato Tecnocasa Studio Piceno S.R.L.,42.8506387,13.5897171,real_estate_agency,Professional/Commercial Services
Ag Generali Ascoli Piceno,42.8573609,13.5930006,insurance_agency,"Insurance, Finance"
Ag Generali ASCOLI PICENO VIA NAPOLI,42.8499749,13.5979091,insurance_agency,"Insurance, Finance"
Agenzia Badanti Ascoli Piceno - Family Care trova la Badante,42.8540308,13.5902993,point_of_interest,"Professional/Commercial Services, Health"
Agenzia delle Entrate - Direzione provinciale di Ascoli Piceno,42.85523119999999,13.5928686,accounting,Professional/Commercial Services
Agenzia Disbrigo Pratiche Ascoli Piceno,42.856785,13.574627,finance,Finance
Agricola Solestá,42.8600785,13.572073,store,Retail
AIA - Sezione Ascoli Piceno,42.8472366,13.5878183,point_of_interest,"Fitness, Leisure"
AIOP Marche,42.849333,13.5880777,point_of_interest,"Health, Professional/Commercial Services"
Aipa Spa,42.8515916,13.5862214,spa,"Health, Beauty, Leisure"
AISM | Associazione Italiana Sclerosi Multipla - Sezione provinciale di Ascoli Piceno,42.8607291,13.5667056,point_of_interest,Health
Alesiani Impianti Tecnologici,42.86041,13.5713867,point_of_interest,"Technical/Artisan/Repair Services, Home Appliances"
Alessandro dr Cappelli - Studio dentistico Ascoli Piceno,42.85798080000001,13.5813863,dentist,Health
Alessandro Romanucci Architetto,42.859451,13.5829714,point_of_interest,Professional/Commercial Services
ALFA SOFTWARE,42.8580482,13.5822339,point_of_interest,"Tech, Professional/Commercial Services"
Aliberti Dott.ssa Stefania - Studio Oculistico,42.8600428,13.5778004,doctor,Health
Alimentari Piu' Gusto,42.8593945,13.5828722,grocery_or_supermarket,"Food, Retail"
All Services Edilizia - Ristrutturazione Casa,42.8539649,13.5715019,general_contractor,Technical/Artisan/Repair Services
Allegra Parrucchiere - Estetica,42.8573789,13.5933232,beauty_salon,Beauty
Allevi Roberto,42.8518108,13.5787304,lawyer,Professional/Commercial Services
Allianz Ascoli Luciani,42.8492494,13.5916373,insurance_agency,"Insurance, Finance"
Allianz Ascoli Piceno,42.8577887,13.582551,insurance_agency,"Insurance, Finance"
Allianz Ascoli Piceno,42.85281939999999,13.5769049,insurance_agency,"Insurance, Finance"
"Allianz Ascoli Piceno, Lanciotti & Partners Srl",42.8494101,13.5998434,insurance_agency,"Insurance, Finance"
Allianz di Ascoli Piceno,42.84926689999999,13.6004871,insurance_agency,"Insurance, Finance"
Altilia Filippo,42.85216080000001,13.5877665,doctor,Health
Amazon Counter - CAFFE' DEL DUCA TABACCHERIA,42.85748290000001,13.5933136,point_of_interest,Specific Services/Utilities
Amazon Locker - diambra,42.85663760000001,13.5858281,point_of_interest,Specific Services/Utilities
Ambulatorio Veterinario Brunetti Marco E Sapia Francesco,42.86179120000001,13.5895741,veterinary_care,"Pet, Health"
Ambulatorio Veterinario Mariani Dott. Marco,42.86053479999999,13.5690112,veterinary_care,"Pet, Health"
Amedeo Giorgetti,42.8547512,13.5922652,doctor,Health
Amnesia Entertainment,42.8496457,13.5725945,point_of_interest,"Entertainment, Leisure, Professional/Commercial Services"
"Amplifon Piazza Giacomo Matteotti, Ascoli Piceno",42.8541767,13.5844711,hospital,Health
Anastasia Lori,42.8546632,13.5688649,gym,"Fitness, Health"
Anastasio Geom. Paolo,42.8525321,13.5942885,point_of_interest,Professional/Commercial Services
Andrea Fusco Ceramiche,42.85419399999999,13.5895551,point_of_interest,"Culture, Retail, Technical/Artisan/Repair Services"
Anffas di Ascoli Piceno APS,42.8548825,13.5723194,point_of_interest,"Health, Leisure"
Angelini Dr. Sestilio,42.86084020000001,13.5854087,dentist,Health
Angelo Scioli,42.84934740000001,13.5880191,point_of_interest,Point of Interest
Anisetta Rosati dal 1877 in Ascoli Piceno,42.8551144,13.5749126,pharmacy,"Health, Retail"
ANMIL Sede di Ascoli Piceno,42.85537000000001,13.57916,point_of_interest,"Health, Government/Civic/Legal Services"
Anna Paola Scioletti,42.8527223,13.5815634,health,Health
Antico Molino Santa Chiara - Mulino,42.8556758,13.5841183,point_of_interest,"Food, Culture, Point of Interest"
Antico Ristoro del Palazzo,42.8552757,13.5802846,restaurant,"Food, Leisure"
Aotsuki Ristorante Giapponese,42.8546089,13.592211,restaurant,"Food, Leisure"
APe Tour,42.8529036,13.5804523,tourist_attraction,"Culture, Entertainment, Travel, Leisure, Point of Interest"
Apperò,42.85844,13.58321,point_of_interest,Point of Interest
Arch. Laura Federici | Studio di Architettura & Interior Design,42.8539858,13.5900849,point_of_interest,"Professional/Commercial Services, Home Decor, Interior Design"
Archè,42.8617189,13.5902079,gas_station,"Automotive, Energy"
archicafe',42.8516176,13.5725466,bar,"Food, Entertainment, Leisure"
Architetto Andrea Mancini,42.84986320000001,13.5730635,point_of_interest,Professional/Commercial Services
Archivio di Stato di Ascoli Piceno,42.85791379999999,13.5671618,library,"Book, Culture, Leisure"
Archivio Notarile Distrettuale,42.8516521,13.5969201,point_of_interest,Government/Civic/Legal Services
Area Archeologica Ventidio Basso,42.8575581,13.574089,museum,"Culture, Leisure"
Areacasa Servizi Immobiliari,42.8538007,13.5877582,real_estate_agency,Professional/Commercial Services
Argenteria Artistica Di Fazzini Anna,42.86072300000001,13.5858348,jewelry_store,"Fashion, Luxury, Retail"
Aria Fritta,42.8538364,13.5783316,restaurant,"Food, Leisure"
Armeria Dionisi CLCF Sportline srl,42.8608885,13.5768537,point_of_interest,"Retail, Leisure"
Armin Sefiu,42.86034009999999,13.5704976,point_of_interest,Point of Interest
Armonia,42.8598291,13.5644799,clothing_store,"Fashion, Retail"
Artcafè,42.85028639999999,13.5871735,bar,"Food, Entertainment, Leisure"
Arté di Barbara Tomassini,42.8523637,13.575185,art_gallery,"Culture, Leisure"
"Arte Pubblica 2015 - Alice Pasquini See me grow""""",42.8532678,13.5717857,museum,"Culture, Leisure"
"Arte Pubblica 2018 - Luis Gome de Teran Aika""""",42.856193,13.5942417,museum,"Culture, Leisure"
Ascensore Porta Torricella,42.8529735,13.5792871,parking,"Automotive, Travel"
Ascolana,42.8545388,13.5762729,restaurant,"Food, Leisure"
Ascoli apartment,42.86053479999999,13.5690112,lodging,Travel
Ascoli Calcio FC Store,42.85680779999999,13.5744998,clothing_store,"Fashion, Retail"
Ascoli Centro- Tra Rue e Travertino,42.8529679,13.5745346,lodging,Travel
ASCOLI CITY TOUR Minibus elettrico aperto,42.8549718,13.575444,tourist_attraction,"Culture, Entertainment, Travel, Leisure, Point of Interest"
Ascoli Piceno,42.855352,13.5879652,train_station,"Travel, Automotive"
ascoli piceno,42.8554288,13.5761171,parking,"Automotive, Travel"
Ascoli Piceno Centro Storico,42.8548944,13.5749753,tourist_attraction,"Culture, Entertainment, Travel, Leisure, Point of Interest"
ascoli tools,42.8540401,13.5599226,point_of_interest,Point of Interest
ASD Ascoli Boxe,42.8471503,13.5876136,gym,"Fitness, Health"
ASD KARATE CLUB ASCOLI PICENO,42.8471134,13.5882464,gym,"Fitness, Health"
Asd Picchiorunning,42.85255979999999,13.6006093,point_of_interest,"Fitness, Leisure"
Asd Towers Ascoli,42.8476525,13.5892833,gym,"Fitness, Health"
Assicurazioni Santillo & De Angelis Snc,42.857798,13.5825403,insurance_agency,"Insurance, Finance"
Assistenza Computer,42.8598957,13.5788159,point_of_interest,"Tech, Technical/Artisan/Repair Services"
Associazione Antidroga Picena,42.85523999999999,13.583,point_of_interest,Health
Associazione B&B Ascoli PIceno,42.8520548,13.5750712,lodging,Travel
Associazione Cose Di Questo Mondo,42.8516296,13.5926856,point_of_interest,"Culture, Leisure"
Associazione Culturale LE VIE DI SAN MICHELE,42.8494567,13.5948802,point_of_interest,"Culture, Leisure, Travel"
Associazione Di Volontariato Zarepta,42.8529662,13.5796332,point_of_interest,"Leisure, Health, Government/Civic/Legal Services"
Associazione Italiana Alberghi Per La Gioventu',42.857447,13.5719847,lodging,Travel
Associazione Nazionale Polizia Di Stato Sezione Di Ascoli Piceno,42.8543712,13.5918703,police,Government/Civic/Legal Services
Associazione Pensionati Piazzarola e Porta Cartara,42.8495363,13.5747398,point_of_interest,Leisure
Associazione Sportiva Ascoli,42.8471685,13.5896148,point_of_interest,"Fitness, Leisure"
Associazione Volontariato Marche,42.8531118,13.5873289,point_of_interest,"Leisure, Health, Government/Civic/Legal Services"
Atelier B&B,42.8550225,13.5833636,lodging,Travel
Atelier Fashion Srl,42.8609426,13.5705376,clothing_store,"Fashion, Retail"
Atelier Franco Mariani,42.8556693,13.579011,clothing_store,"Fashion, Retail"
Attorre Dr. Maria Carmen,42.8581105,13.5802539,doctor,Health
Auditorium Fondazione Cassa Di Risparmio Di Ascoli Piceno Chiesa S.Francesco Di Paola,42.85717500000001,13.575025,point_of_interest,"Culture, Entertainment, Point of Interest"
Augusto Agostini Oculista,42.8538407,13.5746948,doctor,Health
Aurea immobiliare di Sandro Drudi,42.85924349999999,13.5802156,real_estate_agency,Professional/Commercial Services
AussieHome,42.8544158,13.5614954,lodging,Travel
AUTO-MOTO CECI SRL,42.8598688,13.56475,car_dealer,Automotive
Autocarrozzeria ASCOCARS,42.8618295,13.5683349,car_repair,Automotive
autonoleggio,42.85988629999999,13.5645629,car_rental,"Automotive, Travel"
Autoscuola Sciamanna,42.8538876,13.5727512,insurance_agency,"Insurance, Finance"
Avis Autonoleggio - Ascoli Piceno,42.8519616,13.590277,car_rental,"Automotive, Travel"
Avv. Alessio De Vecchis,42.8563735,13.5746943,lawyer,Professional/Commercial Services
Avv. De Santis Maria Gabriella,42.8601017,13.5827657,lawyer,Professional/Commercial Services
Avv. Eufemia Gennaro,42.8587365,13.5789238,point_of_interest,Professional/Commercial Services
Avv. Paoletti Francesco,42.85748239999999,13.5933139,lawyer,Professional/Commercial Services
Avvocato Mauro Gionni,42.8516267,13.578502,lawyer,Professional/Commercial Services
Avvocato Vanessa Novelli,42.85242420000001,13.5751935,point_of_interest,Professional/Commercial Services
Azienda Agricola Apostoli,42.85393819999999,13.5605065,grocery_or_supermarket,"Food, Retail"
Azienda olivicola Prosperino di Prosperi Stefano,42.8473267,13.5947706,food,Food
B&B Ascoli antica,42.8559107,13.576415,lodging,Travel
B&B Casa Perry,42.85508110000001,13.5715653,lodging,Travel
B&B Chicca e Vale,42.859976,13.5831958,lodging,Travel
B&B Covo del Carbonaro,42.8549186,13.5837923,lodging,Travel
B&B DIETRO PIAZZA,42.8540563,13.5756859,lodging,Travel
B&B Dimora Giosafatti,42.8511668,13.5748252,lodging,Travel
B&B Il Ciclamino,42.8529339,13.5745878,lodging,Travel
B&B Il Giardino Segreto,42.8521343,13.5750728,lodging,Travel
B&B LA LOCANDA DI CECCO,42.8547257,13.5834833,lodging,Travel
B&B Language and Art,42.85720649999999,13.5711319,lodging,Travel
B&B Piazza del Popolo,42.8545677,13.5745592,lodging,Travel
B&B Porta Romana,42.8547652,13.5661159,lodging,Travel
B&B Rosa Spina,42.8529618,13.5820325,lodging,Travel
B&B Tra le Torri,42.8574324,13.5722476,lodging,Travel
B&B Tufilla,42.8580741,13.5781655,lodging,Travel
B&B Villa Fortezza,42.85182100000001,13.569231,lodging,Travel
B&F Foundation,42.85252939999999,13.5779566,point_of_interest,"Culture, Professional/Commercial Services"
Babbo S Bar,42.8599782,13.5689386,bar,"Food, Entertainment, Leisure"
Bachetti Dr. Francesco,42.8518767,13.5863428,doctor,Health
BACK CENTER,42.85202350000001,13.5934126,health,Health
Backstage Cafe,42.85477170000001,13.575538,cafe,"Food, Leisure"
Banca Monte dei Paschi di Siena S.p.A,42.8538757,13.576472,bank,Finance
Banca Monte dei Paschi di Siena S.p.A,42.85038460000001,13.5902663,bank,Finance
Banca Popolare Di Bari,42.85028519999999,13.5871689,bank,Finance
Banca Reale Mutua Assicurazioni,42.8544663,13.5922259,bank,Finance
Banca Tercas,42.8502293,13.5870094,bank,Finance
Banca Widiba,42.8503082,13.5897559,bank,Finance
Banca Widiba - Ufficio Finanziario,42.8506546,13.5898583,bank,Finance
Banco Desio,42.8514334,13.5946677,bank,Finance
"BANCO DESIO - Filiale di ASCOLI PICENO, via Erasmo Mari 18",42.8512857,13.5942893,bank,Finance
Bancomat,42.8553838,13.5781199,atm,Finance
Bar,42.85790129999999,13.5789463,bar,"Food, Entertainment, Leisure"
Bar - Ricevitoria Arlecchino di Bollettini Teresa,42.8513514,13.5937436,bar,"Food, Entertainment, Leisure"
Bar Al Buon Caffè Di Parissi Elena,42.8562879,13.5747174,bar,"Food, Entertainment, Leisure"
Bar Centrale,42.854829,13.5753075,bar,"Food, Entertainment, Leisure"
Bar Dello Sport,42.86209820000001,13.5929978,bar,"Food, Entertainment, Leisure"
Bar Diana,42.8517064,13.5900233,bar,"Food, Entertainment, Leisure"
Bar Katà Tabaccheria,42.8544221,13.5939909,bar,"Food, Entertainment, Leisure"
Bar L'Isola Che Non C'E'Di Felicetti Piergiorgio,42.859814,13.5645049,bar,"Food, Entertainment, Leisure"
Bar Las Vegas - Orange 2.0,42.85392929999999,13.5877231,bar,"Food, Entertainment, Leisure"
Bar Latteria Moderna,42.8539541,13.5780154,bar,"Food, Entertainment, Leisure"
BAR LORI di Lori Fabio Maurizio,42.8550771,13.5747822,bar,"Food, Entertainment, Leisure"
Bar Lungotronto,42.85678719999999,13.5787022,bar,"Food, Entertainment, Leisure"
Bar Marconi & C Snc,42.8522046,13.5879801,bar,"Food, Entertainment, Leisure"
Bar Moka Rica,42.85791069999999,13.5789551,bar,"Food, Entertainment, Leisure"
Bar Nepi,42.8520578,13.5929082,bar,"Food, Entertainment, Leisure"
bar of dreams,42.8566165,13.5786148,bar,"Food, Entertainment, Leisure"
Bar OLIMPICO,42.8594089,13.5826171,bar,"Food, Entertainment, Leisure"
Bar Pasticceria Guido,42.8539781,13.5874012,cafe,"Food, Leisure"
Bar Perugia Di Cola & Mascetti Snc,42.84942470000001,13.5910268,bar,"Food, Entertainment, Leisure"
Bar Piceno Di Amadio Giuseppe,42.8597829,13.571668,bar,"Food, Entertainment, Leisure"
Bar Saloon Di Volponi Oreste,42.85050690000001,13.5969646,cafe,"Food, Leisure"
Bar Sestili,42.8550156,13.5758826,bar,"Food, Entertainment, Leisure"
Bar Tazza D'Oro Di Quartarulli Fabio & C. Snc,42.8550491,13.5781787,bar,"Food, Entertainment, Leisure"
Bar-Tabacchi,42.859475,13.5820058,bar,"Food, Entertainment, Leisure"
Barberia Hair Center,42.8514617,13.6010622,hair_care,Beauty
Barnabei Francesco,42.84825590000001,13.5944999,point_of_interest,Point of Interest
Bartoli Alfredo,42.85416499999999,13.5753137,clothing_store,"Fashion, Retail"
Bartolini Snc Carburanti Api,42.8494375,13.5931158,point_of_interest,"Automotive, Energy"
Bcc Picena,42.859821,13.5789211,bank,Finance
Beautiful Hair Srl,42.85263860000001,13.5869477,store,Retail
BeB Palazzo Migliani - Ascoli Piceno -,42.854412,13.577846,lodging,Travel
Beer Coyote,42.85634400000001,13.576096,bar,"Food, Entertainment, Leisure"
Belli Dott. Marco,42.85262,13.5752401,doctor,Health
Bemal Servizi,42.85184479999999,13.6011329,point_of_interest,Professional/Commercial Services
"Berardi Massimiliano Montascale, Servoscale ed Elevatori",42.8578189,13.5734527,point_of_interest,"Health, Technical/Artisan/Repair Services, Home Appliances"
Biblioteca Comunale Gabrielli,42.85497030000001,13.5716165,library,"Book, Culture, Leisure"
Biblioteca Comunale Giulio Gabrielli. Posto di Prestito di Campo Parignano,42.8592416,13.580466,library,"Book, Culture, Leisure"
Biblioteca Comunale Via S. Serafino,42.8569171,13.5648146,library,"Book, Culture, Leisure"
Biblioteca Provinciale di Storia Contemporanea Ugo Toria,42.8495692,13.5701595,library,"Book, Culture, Leisure"
Big Ben,42.85427730000001,13.5750167,clothing_store,"Fashion, Retail"
Bimbus,42.853856,13.579985,clothing_store,"Fashion, Retail"
Biofon Acustica Ascoli,42.85780740000001,13.5936331,health,Health
Birroteca57,42.85653559999999,13.5785301,liquor_store,"Food, Retail"
Bivio Cimitero,42.85814939999999,13.5621292,transit_station,"Travel, Automotive"
Bivio Palombare,42.8459649,13.565489,transit_station,"Travel, Automotive"
Bivio Vallesenzana,42.8596957,13.5967021,transit_station,"Travel, Automotive"
Bivio Vallesenzana,42.8591981,13.5979409,transit_station,"Travel, Automotive"
Bivio Vallevenere,42.8628824,13.5830791,transit_station,"Travel, Automotive"
Black Wolf Kombat Academy,42.84711060000001,13.5882649,gym,"Fitness, Health"
Blanc Ascoli Piceno,42.8566942,13.5744666,restaurant,"Food, Leisure"
BnB Centro Centro PVB,42.8577418,13.5729016,lodging,Travel
Bnl,42.85499120000001,13.5762375,atm,Finance
BNL BNP Paribas,42.8541428,13.5915581,bank,Finance
BNL BNP Paribas,42.85524119999999,13.5764169,bank,Finance
Boccascena Cibo Vino Caffè Ascoli Piceno,42.85577189999999,13.5749598,restaurant,"Food, Leisure"
Bocciodromo Città di Ascoli Piceno,42.85543320000001,13.5961508,gym,"Fitness, Health"
Bottega Della Ceramica di Lazzarotti Paolo,42.8572411,13.5713967,point_of_interest,"Culture, Retail, Technical/Artisan/Repair Services"
Bottega Panichi 1943,42.85412389999999,13.575374,meal_takeaway,Food
Boutique Liola,42.8534961,13.5793666,clothing_store,"Fashion, Retail"
Boutique Saint Germain UOMO,42.85648,13.574753,clothing_store,"Fashion, Retail"
BPER,42.8544803,13.5924778,bank,Finance
BPER Banca,42.8539415,13.5815015,bank,Finance
Brainware Srl,42.85447849999999,13.5922756,point_of_interest,"Tech, Professional/Commercial Services"
Brandozzi dott. Giuliano,42.8514431,13.5581058,health,Health
Brunori Germana,42.8532237,13.5646797,point_of_interest,Point of Interest
C.A.P. Di Eredi Palermi,42.85746820000001,13.5731948,clothing_store,"Fashion, Retail"
C.a.v. Engineering S.r.l.,42.8476017,13.5984509,point_of_interest,"Professional/Commercial Services, Technical/Artisan/Repair Services"
C.S.A. cENTRO STUDI aLPHA SRL,42.85202919999999,13.5918641,point_of_interest,"Kids, Culture, Professional/Commercial Services"
C.S.E.N | COMITATO REGIONALE MARCHE,42.8477177,13.5934516,point_of_interest,"Fitness, Leisure"
C' Era Una Volta - S. Marco,42.8472578,13.5807578,transit_station,"Travel, Automotive"
C' Era Una Volta - S. Marco,42.8469437,13.5812216,transit_station,"Travel, Automotive"
CAAF CGIL - C.R.S. Centro Regionale Servizi,42.8576966,13.5934536,accounting,Professional/Commercial Services
Caffè Aquila D'oro,42.8571313,13.5727883,bar,"Food, Entertainment, Leisure"
Caffè Bistrò,42.85648859999999,13.5753532,cafe,"Food, Leisure"
Caffè Borgo Chiaro,42.860496,13.5851746,cafe,"Food, Leisure"
Caffè Dei Sogni,42.8543022,13.5891999,bar,"Food, Entertainment, Leisure"
Caffè del Corso,42.8550632,13.5733547,cafe,"Food, Leisure"
Caffè Del Duca Tabaccheria,42.8573609,13.5930006,bar,"Food, Entertainment, Leisure"
Caffè Dell'oca,42.8541778,13.5933259,bar,"Food, Entertainment, Leisure"
Caffè Invidia,42.85373269999999,13.5803802,cafe,"Food, Leisure"
Caffè Meletti,42.85431759999999,13.5752593,restaurant,"Food, Leisure"
Caffè Pasticceria Damiani,42.8543051,13.5762356,bakery,Food
Caffè Pretoriano,42.8531986,13.5751578,bar,"Food, Entertainment, Leisure"
Caffè Saccaria,42.85938050000001,13.5826283,cafe,"Food, Leisure"
Caffè Trieste & Angolo dell'est,42.8564387,13.576104,cafe,"Food, Leisure"
Caffe’Porta Romana,42.85497319999999,13.5676494,bar,"Food, Entertainment, Leisure"
Caffitaly Shop Ascoli Piceno,42.8506582,13.5902404,cafe,"Food, Leisure"
Cafini Dr. Giuseppe,42.85571100000001,13.5793482,doctor,Health
Cameli Dr. Giovanna,42.859859,13.5803717,doctor,Health
Camera del Lavoro CGIL Ascoli Piceno - CAAF CRS - Patronato INCA,42.8576966,13.5934388,point_of_interest,"Government/Civic/Legal Services, Finance, Professional/Commercial Services"
Camera Del Lavoro Territoriale,42.8607931,13.5854833,point_of_interest,Government/Civic/Legal Services
"Camera di Mediazione Familiare Forense Picena - Mediazione Familiare (Ascoli Piceno, Marche)",42.85187690000001,13.5824302,health,Health
Campo da Calcio,42.8579502,13.5656764,park,"Leisure, Fitness, Kids, Pet"
"Campo Scuola di Atletica Leggera Mauro Bracciolani"" - ASA Ascoli""",42.8471385,13.5896463,point_of_interest,"Fitness, Leisure, Point of Interest"
Campo Squarcia,42.85301339999999,13.5840559,point_of_interest,Point of Interest
Campobase _ Rifugio Urbano,42.8539453,13.5743278,bar,"Food, Entertainment, Leisure"
Canala Milene Teresa,42.8492907,13.5921733,point_of_interest,Point of Interest
Cantalamessa Abbigliamento,42.8512199,13.5926844,clothing_store,"Fashion, Retail"
Cantine Biagi,42.85910800000001,13.5673654,supermarket,"Food, Retail"
Cantine Di Castignano: punto vendita diretto Ascoli Piceno,42.8521608,13.5877664,liquor_store,"Food, Retail"
Capponi Dentisti,42.85780740000001,13.5936331,dentist,Health
Capriotti Vincenzo,42.8542147,13.5843227,supermarket,"Food, Retail"
Carabinieri • Comando Provinciale Ascoli Piceno,42.86018920000001,13.5634925,police,Government/Civic/Legal Services
Carabinieri Comando Gruppo Nucleo Forestale Ascoli Piceno,42.8531979,13.5896568,police,Government/Civic/Legal Services
Carabinieri Comando Stazione Nucleo Forestale Ascoli Piceno,42.8490686,13.587013,police,Government/Civic/Legal Services
Carassi,42.85216080000001,13.5877665,general_contractor,Technical/Artisan/Repair Services
Cardola,42.8548855,13.5678613,point_of_interest,Point of Interest
Carfagna Guido,42.8543869,13.5918494,bakery,Food
Carifermo,42.854251,13.5871254,bank,Finance
Caritas di Ascoli Piceno,42.8526872,13.5815055,point_of_interest,"Health, Leisure, Government/Civic/Legal Services"
Cartolibreria La Fortezza,42.8598122,13.5837884,store,Retail
Casa Di Cura Villa San Marco,42.849333,13.5880777,hospital,Health
Casa Malena,42.85383189999999,13.5720991,lodging,Travel
Casa Vacanze Filarmonici,42.85633420000001,13.5723397,lodging,Travel
Casabella Design,42.8538818,13.5722522,furniture_store,"Home Decor, Interior Design, Home Appliances, Retail"
Casanova Food & Drink,42.8548787,13.5695133,bar,"Food, Entertainment, Leisure"
Casermette,42.848879,13.6026355,transit_station,"Travel, Automotive"
Cassa Di Risparmio Di Ascoli Piceno S.P.A.,42.8551908,13.5776608,bank,Finance
Cassa Edile Artigianato Piccola E Media Impresa Delle Marche,42.85717,13.57398,general_contractor,Technical/Artisan/Repair Services
Catia Mancini,42.8554369,13.567896,clothing_store,"Fashion, Retail"
Cattolica Assicurazioni Salvi & Santori srl,42.8562879,13.5747174,insurance_agency,"Insurance, Finance"
Cava S.r.l.s.,42.8513583,13.5934536,grocery_or_supermarket,"Food, Retail"
Cave Cavam,42.85438369999999,13.5757166,museum,"Culture, Leisure"
Ce.Me.F. Di Campili Clara S.A.S.,42.8467124,13.5936741,health,Health
Cedi Srl,42.8549367,13.5752427,general_contractor,Technical/Artisan/Repair Services
Celani Antonio & C. (S.A.S.),42.84917189999999,13.6005797,point_of_interest,Professional/Commercial Services
Centrale idroelettrica ENEL - Ascoli porta Romana,42.8556766,13.5657815,point_of_interest,"Energy, Specific Services/Utilities, Point of Interest"
Centro Acustico New Italservice Di Turla G. & C. snc,42.859777,13.583804,store,Retail
Centro Analisi,42.85447849999999,13.5922756,health,Health
Centro Casa 2,42.8564946,13.5757486,real_estate_agency,Professional/Commercial Services
Centro Coni Di Medicina Dello Sport Di Ascoli Piceno,42.84717000000001,13.58821,point_of_interest,"Health, Fitness"
Centro Dentale Carradori S R L,42.8497428,13.5906666,dentist,Health
Centro Di Fisioterapia Accreditato Asur,42.8487419,13.5941389,health,Health
Centro Diagnostico Piceno,42.8545104,13.5923244,hospital,Health
Centro Estetico Beauty Cate,42.85747440000001,13.5667866,beauty_salon,Beauty
Centro Freschi Piceno S.N.C. Di Gaspari L. & C.,42.85364999999999,13.5895005,shopping_mall,"Entertainment, Leisure, Retail"
Centro Gomme,42.8597889,13.5644392,car_repair,Automotive
Centro Impresa On-Line Ascoli Piceno Srl,42.8538673,13.5719594,university,"Culture, Kids"
Centro Medico San Tommaso,42.8498764,13.597841,hospital,Health
Centro Medico Sant'Emidio,42.8538407,13.5746948,hospital,Health
Centro Olos,42.8527348,13.5814354,health,Health
Centro Sfera,42.8523513,13.5871826,gym,"Fitness, Health"
Centro Socio Culturale Tofare,42.8493845,13.5976208,point_of_interest,"Culture, Leisure"
"Centro Sportivo Parco Ugo Tasselli""""",42.853928,13.5638263,point_of_interest,"Fitness, Leisure, Point of Interest"
Centro Vaccinale CASA DELLA GIOVENTU',42.85775699999999,13.5942944,health,Health
Cerini Dr. Patrizia,42.852253,13.5749886,doctor,Health
Cesaroni Sigismondo,42.8525044,13.6008562,point_of_interest,Point of Interest
Chez Amedeo,42.85506649999999,13.5758501,restaurant,"Food, Leisure"
Chiedilo al Farmacista,42.8506493,13.5899108,drugstore,"Health, Beauty, Retail"
Chiesa dei Santi Vincenzo e Anastasio,42.857534,13.5738261,tourist_attraction,"Culture, Entertainment, Travel, Leisure, Point of Interest"
Chiesa del Sacro Cuore di Gesù,42.86024859999999,13.5792401,church,Culture
Chiesa del SS. Crocifisso,42.8543823,13.5674589,tourist_attraction,"Culture, Entertainment, Travel, Leisure, Point of Interest"
Chiesa Dell'immacolata Concezione,42.8569731,13.5709837,church,Culture
Chiesa della Santissima Annunziata,42.8517595,13.572029,tourist_attraction,"Culture, Entertainment, Travel, Leisure, Point of Interest"
Chiesa di Madonna del Ponte,42.8485157,13.5707938,church,Culture
Chiesa di S. Maria della Carità (detta della Scopa),42.8538334,13.5750099,tourist_attraction,"Culture, Entertainment, Travel, Leisure, Point of Interest"
Chiesa di S. Serafino di Montegranaro,42.85845509999999,13.5683815,church,Culture
Chiesa di San Cristoforo (della Confraternita della Buona Morte),42.8552469,13.5788645,tourist_attraction,"Culture, Entertainment, Travel, Leisure, Point of Interest"
Chiesa di San Giacomo della Marca,42.8578175,13.5652228,church,Culture
Chiesa di San Marcello,42.8569353,13.5917863,church,Culture
Chiesa di San Pietro Martire,42.8572496,13.5733235,tourist_attraction,"Culture, Entertainment, Travel, Leisure, Point of Interest"
Chiesa di San Tommaso Apostolo,42.8557548,13.5710744,tourist_attraction,"Culture, Entertainment, Travel, Leisure, Point of Interest"
Chiesa di San Vittore,42.8527727,13.5830796,tourist_attraction,"Culture, Entertainment, Travel, Leisure, Point of Interest"
Chiesa di Santa Croce ai Templari,42.8539345,13.5692778,tourist_attraction,"Culture, Entertainment, Travel, Leisure, Point of Interest"
Chiesa di Santa Maria delle Donne,42.854684,13.5610643,church,Culture
Chiesa di Santa Maria Intervineas,42.8568831,13.576249,tourist_attraction,"Culture, Entertainment, Travel, Leisure, Point of Interest"
CHIESA EVANGELICA ASSEMBLEE DI DIO IN ITALIA,42.8601845,13.5808849,church,Culture
Chiesa S. Giacomo,42.8579346,13.5643293,transit_station,"Travel, Automotive"
Chiodi Dott. Gino,42.8522855,13.5965917,dentist,Health
Chiodi Walter,42.8537216,13.5876003,doctor,Health
Chiostro Maggiore di San Francesco,42.8555046,13.575276,tourist_attraction,"Culture, Entertainment, Travel, Leisure, Point of Interest"
Chisc Restaurant&Cocktail bar,42.85718379999999,13.5739317,restaurant,"Food, Leisure"
CIAMPETTO,42.85854579999999,13.5830511,point_of_interest,Point of Interest
CiBo,42.8555556,13.5761111,restaurant,"Food, Leisure"
Cicli Falgiani,42.8513125,13.5868031,bicycle_store,"Fitness, Travel, Automotive, Retail"
CIIP Cicli Integrati Impianti Primari,42.85414490000001,13.5953831,point_of_interest,"Specific Services/Utilities, Government/Civic/Legal Services"
Cimitero - Porta Cappuccina,42.8570564,13.5582214,transit_station,"Travel, Automotive"
Cimitero Comunale di Ascoli Piceno,42.856509,13.5570156,cemetery,Specific Services/Utilities
Cioccolini Dr.Massimo,42.8512199,13.5926844,doctor,Health
Cipollini Marco,42.8556853,13.576603,post_office,Government/Civic/Legal Services
Circo Danza A.S.D.,42.85256630000001,13.6002986,point_of_interest,"Culture, Leisure, Fitness, Kids"
Circolo Ricreativo Culturale Per Anziani,42.85524579999999,13.582194,point_of_interest,Leisure
Circolo Tennis Piceno,42.8598285,13.5954769,point_of_interest,"Fitness, Leisure, Point of Interest"
Ciriaci S.R.L.,42.8544661,13.5922289,insurance_agency,"Insurance, Finance"
Cisi.amo,42.86053349999999,13.5690496,point_of_interest,"Culture, Leisure, Kids"
Clear Di De Angelis Adalgisa,42.8497798,13.5745592,point_of_interest,"Professional/Commercial Services, Specific Services/Utilities"
Clementi Avv. Alfredino Studio Legale,42.85164590000001,13.5784743,lawyer,Professional/Commercial Services
Clode Food&Friends,42.8565429,13.5751239,restaurant,"Food, Leisure"
clorofilla Ascoli Piceno,42.8515696,13.5782258,restaurant,"Food, Leisure"
Cna Associazione Ascoli Piceno,42.85382240000001,13.586886,point_of_interest,Professional/Commercial Services
Coal Il Market,42.8536102,13.5727585,supermarket,"Food, Retail"
Coffee Hour,42.8547515,13.5922653,cafe,"Food, Leisure"
Coldiretti Ascoli Fermo - Federazione Interprovinciale,42.8580511,13.578186,point_of_interest,Professional/Commercial Services
Colle Pelasgico,42.851316,13.5676599,point_of_interest,Point of Interest
Collegio Provinciale dei Geometri e Geometri Laureati di Ascoli Piceno,42.8572193,13.5930247,point_of_interest,Professional/Commercial Services
Colonnella Dr. Adamo,42.85465,13.56816,doctor,Health
Colucci,42.8552519,13.5820611,point_of_interest,Point of Interest
Complesso Convento dell'Annunziata,42.8518271,13.5720328,place_of_worship,Culture
Comune Di Ascoli Piceno,42.8574983,13.5744934,point_of_interest,"Government/Civic/Legal Services, Point of Interest"
CONAD,42.85993370000001,13.5694273,supermarket,"Food, Retail"
CONAD,42.8503577,13.5980475,supermarket,"Food, Retail"
CONAD SUPERSTORE,42.8574487,13.5926923,supermarket,"Food, Retail"
Confartigianato Imprese Macerata - Ascoli Piceno - Fermo,42.858976,13.5789538,point_of_interest,Professional/Commercial Services
Confcommercio Provincia Di Ascoli Piceno,42.8538673,13.5719594,point_of_interest,Professional/Commercial Services
Consiglio Notarile Distretti Riuniti Di Ascoli P. E Fermo,42.8515252,13.5970656,point_of_interest,"Professional/Commercial Services, Finance"
Consiglio Provinciale Dell'Ordine Dei Consulenti Del Lavoro,42.8550077,13.5747536,point_of_interest,Professional/Commercial Services
Consorzio Del Bacino Imbrifero Del Fiume Tronto,42.8536389,13.5875175,point_of_interest,"Government/Civic/Legal Services, Specific Services/Utilities"
Consul System Energia,42.8525499,13.5588006,point_of_interest,"Energy, Professional/Commercial Services"
Consulenza del Lavoro Studio Fazzini Ernesto Natalino,42.8566072,13.5746065,point_of_interest,Professional/Commercial Services
Consulenza Legale Online,42.85255780000001,13.5749883,point_of_interest,"Professional/Commercial Services, Government/Civic/Legal Services"
Consultorio Familiare,42.8550192,13.5686104,health,Health
Contengo Marini Arredamenti,42.8539799,13.5604059,furniture_store,"Home Decor, Interior Design, Home Appliances, Retail"
Conti e Clerici Sinergy - Arredamenti Elettrodomestici Assistenza,42.8597709,13.5689661,electronics_store,"Tech, Home Appliances, Retail"
Convento Frati Cappuccini,42.8583886,13.5684733,tourist_attraction,"Culture, Entertainment, Travel, Leisure, Point of Interest"
Cooperativa Sociale Pagefha onlus,42.8547197,13.5921786,point_of_interest,"Health, Leisure, Professional/Commercial Services"
Copacabana Gelati,42.85467719999999,13.56535,store,Retail
COPAGRI ASCOLI FERMO,42.8608319,13.5951234,finance,Finance
Corinti Aldo,42.849773,13.5727512,food,Food
Costruzioni Ingegneri Matricardi S.R.L.,42.85471039999999,13.5677794,general_contractor,Technical/Artisan/Repair Services
Cotone,42.8550091,13.5747649,clothing_store,"Fashion, Retail"
Cpl Concordia Soc. Coop. A R.L.,42.855545,13.6008912,point_of_interest,"Energy, Specific Services/Utilities, Professional/Commercial Services"
Croce Rossa Italiana Comitato Provinciale,42.85695899999999,13.5756666,point_of_interest,"Health, Specific Services/Utilities"
CUCINERIA 54,42.8538048,13.5721823,restaurant,"Food, Leisure"
Cuorepiceno,42.8617792,13.5898847,point_of_interest,"Culture, Travel, Food, Leisure, Retail"
Curia Vescovile,42.8494071,13.5739264,point_of_interest,"Government/Civic/Legal Services, Culture, Point of Interest"
Curva Nord - Stadio Cino e Lillo Del Duca,42.8618714,13.5937473,stadium,"Entertainment, Fitness, Leisure"
D.A.I.B. Srl,42.8492964,13.5895378,insurance_agency,"Insurance, Finance"
D.ssa Isadora Nepi,42.8549885,13.5886006,point_of_interest,Professional/Commercial Services
Da Bruno,42.8541692,13.5793369,bar,"Food, Entertainment, Leisure"
Da luca pizza e cucina,42.85410979999999,13.5914899,restaurant,"Food, Leisure"
Dal mio dentista,42.85471039999999,13.5677794,dentist,Health
Damiani & Gatti Assicurazioni Snc,42.8498764,13.597841,insurance_agency,"Insurance, Finance"
Danix ibex,42.85402070000001,13.5635504,park,"Leisure, Fitness, Kids, Pet"
Dante Forlini,42.8525247,13.5753728,gym,"Fitness, Health"
De Angelis Maurizio,42.85687610000001,13.5744914,bar,"Food, Entertainment, Leisure"
De Carolis Enio,42.861739,13.5902532,gas_station,"Automotive, Energy"
Degustazione Saccaria Enoteca,42.8541714,13.5760554,cafe,"Food, Leisure"
Del Corso,42.8552073,13.5799213,restaurant,"Food, Leisure"
"DeltaT Service, di Daniele Clerici",42.85467719999999,13.56535,point_of_interest,Technical/Artisan/Repair Services
Deposito autobus TUA Ascoli Piceno,42.856881,13.5852205,point_of_interest,"Travel, Automotive, Specific Services/Utilities, Point of Interest"
DHL Service Point ✅,42.85780740000001,13.5936331,point_of_interest,Specific Services/Utilities
Di Leonardo Dr. Filippo Studio Commercialista,42.8505113,13.5941548,accounting,Professional/Commercial Services
Di Sabatino LAB,42.855113,13.5762097,clothing_store,"Fashion, Retail"
Diaz,42.8585276,13.5800443,restaurant,"Food, Leisure"
Dicaduca,42.8543209,13.5757822,restaurant,"Food, Leisure"
Dietro Ai Merli,42.85814829999999,13.5719111,museum,"Culture, Leisure"
Dipartimento di Prevenzione,42.860253,13.5779506,doctor,Health
Dirty miscele creative,42.8564534,13.575043,bar,"Food, Entertainment, Leisure"
Distributore automatico preservativi 24/7,42.8598442,13.5838485,point_of_interest,"Health, Retail, Specific Services/Utilities"
Distributore IP,42.85415419999999,13.5925809,gas_station,"Automotive, Energy"
DiVino B&B,42.8528121,13.5755612,lodging,Travel
DiVino Wine Bar,42.85476329999999,13.5756959,bar,"Food, Entertainment, Leisure"
DOLCE FESTA,42.8487158,13.6026795,home_goods_store,"Home Decor, Interior Design, Home Appliances, Retail"
Dolce vita,42.85827279999999,13.5649692,bakery,Food
DOMA Beauty Lab,42.8594921,13.5818027,beauty_salon,Beauty
Donatella Ferretti,42.856615,13.5754547,point_of_interest,Point of Interest
"Dott. Edoardo Agostini, Urologo",42.8538407,13.5746948,doctor,Health
Dott. Fernando Spalvieri - Psicologo Psicoterapeuta,42.8505018,13.5757411,point_of_interest,Health
Dott. Ferruccio Stecher,42.849333,13.5880777,point_of_interest,Professional/Commercial Services
"Dott. Giampiero Di Camillo, Ginecologo",42.8503952,13.590478,doctor,Health
"Dott. Luca Pazzaglia, Ortopedico",42.8503952,13.590478,doctor,Health
Dott. Matteo Lupi,42.84995179999999,13.5979529,point_of_interest,Professional/Commercial Services
Dott. Mautone Alberto,42.85873389999999,13.5789228,doctor,Health
Dott. Passaretti Antonio,42.84984679999999,13.5980403,point_of_interest,Professional/Commercial Services
Dott. Silvano Azzari Psicologo - Psicoterapeuta,42.8545396,13.5645586,health,Health
Dott. Traversa Teodoro Edoardo,42.8593504,13.5610887,dentist,Health
"Dott. Umberto Ianni, Cardiologo",42.8503952,13.5904779,doctor,Health
"Dott. Valerio Benigni, Medico di medicina generale",42.8475304,13.5668306,point_of_interest,Health
"Dott. Valerio Vagnoni, Urologo",42.8538398,13.5746946,doctor,Health
Dott. Vincent Joseph Mazzone,42.8554057,13.5797912,doctor,Health
Dott.Roberto L.M.Romanelli,42.8600375,13.5778528,doctor,Health
DOTT.SSA ALBERTI GIOVANNA,42.8575093,13.5933049,doctor,Health
Dott.ssa Cameli Giovanna,42.86070669999999,13.5742893,point_of_interest,Professional/Commercial Services
Dott.ssa Claudia Malavolta,42.85869879999999,13.5789354,doctor,Health
Dott.ssa Claudia Traini,42.8495404,13.5983413,point_of_interest,Professional/Commercial Services
Dott.ssa Eloisa Manfredi,42.850488,13.6012814,health,Health
"Dott.ssa EMANUELA CHIODI, Psicoterapeuta",42.8587369,13.5788756,doctor,Health
Dott.ssa Fiori Marina,42.8498982,13.5898741,doctor,Health
Dott.ssa Francesca Flaiani - Psicologa Psicoterapeuta,42.8495584,13.5744217,point_of_interest,Health
"Dott.ssa Jessica Bachetti, Medico di base",42.85370999999999,13.5745224,doctor,Health
Dott.ssa Katia Marozzi Biologo Nutrizionista,42.8548164,13.5883779,point_of_interest,Health
Dott.ssa Roberta Giantomassi,42.8511081,13.594439,doctor,Health
Dott.ssa SIlvana Federici,42.8538407,13.5746948,doctor,Health
Dottor Cappelli Alessandro,42.8579515,13.5812671,dentist,Health
Dpiu,42.8594424,13.5641866,grocery_or_supermarket,"Food, Retail"
"Dr Ferrini -Andrologo, Sessuologo,Endocrinologo",42.855126,13.5738613,doctor,Health
Dr Mattia Rossini Urologo,42.84995179999999,13.5979529,point_of_interest,Health
"Dr. Alessandro Caprio, Ortopedico",42.84934740000001,13.5880191,point_of_interest,Health
Dr. Andrea Carraro,42.8569363,13.5653881,doctor,Health
Dr. Cellini Alberto,42.8537216,13.5876003,doctor,Health
Dr. DI DOMENICO Alessandro | Psicologo - Sessuologo - EMDR - Neurofeedback | Ascoli Piceno - Martinsicuro,42.8503949,13.5904783,doctor,Health
"Dr. Eugenio Pretore, Urologo",42.8587369,13.5788756,doctor,Health
Dr. Giovanni Mancini,42.8564793,13.5748595,point_of_interest,Professional/Commercial Services
"Dr. Riccardo Orsini, Ortopedico",42.85390599999999,13.5752828,doctor,Health
"Dr. Riccardo Orsini, Ortopedico",42.85395089999999,13.5793032,doctor,Health
Dr. Roberto Cetroni Psicologo Psicoterapeuta,42.8533318,13.5793786,health,Health
"Dr. Roberto Neri Bristot, Neurochirurgo",42.8499522,13.5979513,point_of_interest,Health
Dr.ssa Anna Laura Capponi,42.852819,13.5909397,doctor,Health
Drutex Le Migliori Finestre,42.8610008,13.5950958,point_of_interest,"Retail, Home Decor, Technical/Artisan/Repair Services"
e-distribuzione,42.8539202,13.5609605,point_of_interest,"Energy, Specific Services/Utilities"
Eccellenze Ascolane,42.8583065,13.5691293,grocery_or_supermarket,"Food, Retail"
EcodesignLab s.r.l,42.85200529999999,13.5735222,point_of_interest,"Professional/Commercial Services, Home Decor, Interior Design, Culture"
ECOPLUS INFISSI,42.8609618,13.5951812,store,Retail
Edicola votiva,42.85503140000001,13.583543,place_of_worship,Culture
EGO Ascoli Piceno,42.8515786,13.5909584,clothing_store,"Fashion, Retail"
Eidos Fotografo,42.8494713,13.6012953,point_of_interest,"Professional/Commercial Services, Culture, Leisure"
Elettronica Leognani Di Leognani Roberto,42.8494548,13.5860882,electronics_store,"Tech, Home Appliances, Retail"
Emisfero Express S.r.l.,42.8598688,13.56475,point_of_interest,"Professional/Commercial Services, Specific Services/Utilities"
Emmebus,42.85456,13.57825,car_rental,"Automotive, Travel"
Enalcaccia,42.8550485,13.5783996,point_of_interest,Leisure
Enel X Charging Station,42.8516887,13.5784765,point_of_interest,"Automotive, Energy, Specific Services/Utilities"
Eni Station,42.8532228,13.5980231,gas_station,"Automotive, Energy"
Enoteca 63100,42.8582687,13.5726884,bar,"Food, Entertainment, Leisure"
Enoteca Vini Marche,42.8543051,13.5893783,liquor_store,"Food, Retail"
Enrico Cucchiaroni Architetto,42.85161979999999,13.5785265,point_of_interest,Professional/Commercial Services
Ente Regionale Per Il Diritto Allo Studio Universitario,42.850105,13.5727486,city_hall,Government/Civic/Legal Services
Ente Regionale Per Il Diritto Allo Studio Universitario,42.85513799999999,13.5786667,city_hall,Government/Civic/Legal Services
ENZO MORGANTI,42.8549563,13.5687357,point_of_interest,"Culture, Professional/Commercial Services"
ERA,42.8569864,13.571854,real_estate_agency,Professional/Commercial Services
Erap Marche Presidio Di Ascoli Piceno,42.85009180000001,13.5976382,city_hall,Government/Civic/Legal Services
Erboristeria Il Germoglio Di Martelli Maria Rita,42.8567551,13.5747274,grocery_or_supermarket,"Food, Retail"
Erboristeria MondoNatura,42.8512622,13.5914751,clothing_store,"Fashion, Retail"
Esa Boutique Srl,42.8562849,13.5747053,clothing_store,"Fashion, Retail"
Espressamente Illy,42.8600651,13.5776252,bar,"Food, Entertainment, Leisure"
Esso,42.85446339999999,13.5878791,gas_station,"Automotive, Energy"
Esso Ascoli Piceno,42.8546081,13.5650725,gas_station,"Automotive, Energy"
Esso Ascoli Piceno,42.8514519,13.5904707,gas_station,"Automotive, Energy"
Estetista Latini Patrizia,42.8499659,13.5898441,beauty_salon,Beauty
Euforia,42.8529658,13.5937555,cafe,"Food, Leisure"
Eugeni Avv. Augusto Studio Legale,42.8548773,13.5696641,lawyer,Professional/Commercial Services
Eurospin,42.8548733,13.5863834,supermarket,"Food, Retail"
Evin Srl,42.84972449999999,13.5872486,point_of_interest,Professional/Commercial Services
Ex campo da calcio,42.860183,13.5675428,park,"Leisure, Fitness, Kids, Pet"
Ex SGL Carbon ( RESTART SRL ),42.8570066,13.5886998,point_of_interest,"Professional/Commercial Services, Point of Interest"
Extension,42.8475303,13.5668302,hair_care,Beauty
Exum - Tutto per la montagna,42.8531548,13.5972276,store,Retail
F.I.P.A.V. - Federazione Italiana Pallavolo,42.84711060000001,13.5882649,point_of_interest,"Fitness, Leisure"
F.M. Infortunistica Stradale Di Maria Capriotti,42.8499932,13.5864995,post_office,Government/Civic/Legal Services
Fabbrica del Reportage,42.8547776,13.5677525,point_of_interest,"Culture, Professional/Commercial Services"
Facolta' Architettura - Bivio,42.8523716,13.5679306,transit_station,"Travel, Automotive"
Farmacia Comunale N 2,42.85141839999999,13.5930049,pharmacy,"Health, Retail"
Farmacia Del Duca dei Dottori Peluso,42.8573609,13.5930006,pharmacy,"Health, Retail"
Farmacia Fortuna,42.85437230000001,13.5680703,pharmacy,"Health, Retail"
Farmacia Fortuna,42.8551312,13.5742054,pharmacy,"Health, Retail"
Farmacia Panata,42.8598343,13.5838489,pharmacy,"Health, Retail"
Farmacia R. Loffreda,42.85503509999999,13.576199,pharmacy,"Health, Retail"
Farmacia Righetti Dott.ssa Patrizia,42.8542615,13.5777232,pharmacy,"Health, Retail"
Farmacia Simonelli Dott. Giovanni,42.8535201,13.5752174,pharmacy,"Health, Retail"
FAS Comunicazione e editore,42.859402,13.5823302,point_of_interest,"Culture, Professional/Commercial Services"
Fazi Marco,42.85587,13.60023,point_of_interest,Point of Interest
Federconsumatori Ascoli Piceno,42.8576966,13.5934388,point_of_interest,"Government/Civic/Legal Services, Professional/Commercial Services"
FEDERICI & PARTNERS srl - Ingegneria & Architettura | Ascoli Piceno,42.85396240000001,13.590122,point_of_interest,"Professional/Commercial Services, Technical/Artisan/Repair Services"
Federico Trentani,42.85377119999999,13.5712557,doctor,Health
Felici Anna Maria,42.854873,13.5677248,point_of_interest,Point of Interest
Feliciani Dr. Fabio Massimo,42.8594239,13.5820626,dentist,Health
Feliziani Dr. Pierluigi,42.85494389999999,13.5762072,doctor,Health
Fermani Immobiliare,42.85775059999999,13.5735066,point_of_interest,Professional/Commercial Services
Ferri Massimo,42.8606864,13.5722353,store,Retail
Ferri Nazzareno Marchetti Andrea & C. S.A.S.,42.86084020000001,13.5854087,insurance_agency,"Insurance, Finance"
Ficerai Aldo,42.8486455,13.5704572,point_of_interest,Point of Interest
Fìdoka Srl - ASCOLI,42.8527538,13.5937035,point_of_interest,"Tech, Professional/Commercial Services"
Figli di,42.8569024,13.5739516,restaurant,"Food, Leisure"
Filippini Sabrina,42.8576956,13.5681439,point_of_interest,Point of Interest
Filipponi Dr. Maria Ida,42.8541858,13.5896268,accounting,Professional/Commercial Services
Finalmente boutique,42.8514578,13.5934291,clothing_store,"Fashion, Retail"
Findomestic Banca - Ascoli Piceno - Stazione,42.8539914,13.5874648,bank,Finance
Fineco,42.85910740000001,13.5793568,bank,Finance
Fiori e Bijoux di Maoloni Francesca,42.8541281,13.5614224,florist,"Home Decor, Retail"
FisioBern,42.8514215,13.6012821,physiotherapist,"Health, Fitness"
FIT - Federazione Italiana Tabaccai,42.8547512,13.5922652,point_of_interest,Professional/Commercial Services
Fly Communications | Ascoli Piceno | Scuola di Musical,42.8584416,13.5782295,point_of_interest,"Culture, Entertainment, Leisure, Kids"
FOCUS Soluzioni Visive,42.8511348,13.597468,store,Retail
Fondazione Cassa Di Risparmio Di Ascoli Piceno,42.85477769999999,13.5763905,atm,Finance
Forneria Di Filippo Di Mattia E C. Snc,42.8511886,13.5937114,bakery,Food
Forno,42.85656729999999,13.5787097,bakery,Food
Forno Crematorio cimitero di Ascoli Piceno,42.8577172,13.5578088,cemetery,"Specific Services/Utilities, Point of Interest"
Forno di Pio Santamaria,42.8511701,13.6010074,bakery,Food
Forno Manfroni,42.8541821,13.5759221,bakery,Food
Forno Marsico caffetteria,42.85950309999999,13.5708582,bakery,Food
Forno Piconi,42.8548998,13.5778432,bakery,Food
Forte Malatesta,42.85286,13.5852788,tourist_attraction,"Culture, Entertainment, Travel, Leisure, Point of Interest"
Fortezza Pia,42.8513779,13.5679097,point_of_interest,Point of Interest
Francesco Zito,42.84995230000001,13.5979532,doctor,Health
Freschi Sapori Piceni S.R.L.,42.85364999999999,13.5895005,shopping_mall,"Entertainment, Leisure, Retail"
Fuori Porta,42.85420939999999,13.5619942,bar,"Food, Entertainment, Leisure"
Future Service Di Walter Scoccia,42.85485,13.60188,point_of_interest,Professional/Commercial Services
G.e.t.a. srl,42.8555737,13.5856919,point_of_interest,Professional/Commercial Services
Gabriella,42.85847099999999,13.5831213,point_of_interest,"Fashion, Retail, Technical/Artisan/Repair Services"
Gagliardi Avv. Barbara,42.8519006,13.5787248,lawyer,Professional/Commercial Services
Gagliardi Avv. Cristina,42.8486114,13.595257,lawyer,Professional/Commercial Services
Galiè Francesca,42.85226319999999,13.5943623,bar,"Food, Entertainment, Leisure"
Galleria 2019 Dipinti e Grafica d'Autore,42.8536952,13.5797183,art_gallery,"Culture, Leisure"
"Galleria d'Arte Contemporanea O. Licini""""",42.8549864,13.5717769,tourist_attraction,"Culture, Entertainment, Travel, Leisure, Point of Interest"
Garag Ceci,42.853715,13.5903574,bar,"Food, Entertainment, Leisure"
Gelateria Emiliana Ascoli Piceno,42.85409120000001,13.5907531,food,Food
GENERA Società Consortile a r.l.,42.85449199999999,13.587897,gas_station,"Automotive, Energy"
Generazione Vincente,42.85347429999999,13.5869021,point_of_interest,Professional/Commercial Services
Genesis Srl,42.84910979999999,13.5907371,clothing_store,"Fashion, Retail"
Gennaro Castorani I Consulente Finanziario I Banca Etica Ascoli Piceno,42.8548128,13.5764068,bank,Finance
Geometra Clementi Bruno,42.854356,13.5894232,point_of_interest,Professional/Commercial Services
Geometra Guerino Fiori,42.8625088,13.5678274,point_of_interest,Professional/Commercial Services
Gi.mi. srl,42.8539474,13.5750187,supermarket,"Food, Retail"
Gianfranco Sistelli,42.8536406,13.5875396,point_of_interest,Point of Interest
Giardini Pubblici,42.8572458,13.5625377,transit_station,"Travel, Automotive"
Giardino dell'Episcopio,42.8530125,13.578214,park,"Leisure, Fitness, Kids, Pet"
Gibellieri Proc.Leg. Walter,42.85381760000001,13.5869431,lawyer,Professional/Commercial Services
Gimmirestauri,42.851125,13.5894283,general_contractor,Technical/Artisan/Repair Services
Ginestre,42.8552135,13.6012407,transit_station,"Travel, Automotive"
Ginnastica Ascoli,42.8471012,13.5882649,gym,"Fitness, Health"
Ginnastica metodo Pilates e Power Yoga,42.8565309,13.561967,gym,"Fitness, Health"
Giochi di ferro,42.8568225,13.5621892,park,"Leisure, Fitness, Kids, Pet"
GIOHAIRDESIGN,42.8530686,13.5938222,hair_care,Beauty
Gioielleria Marini Lucio Ascoli Piceno (AP),42.853989,13.5753703,jewelry_store,"Fashion, Luxury, Retail"
Gioielleria Rosy Di Piccioni Rosanna,42.8554894,13.579023,jewelry_store,"Fashion, Luxury, Retail"
GIOIELLERIA STROILI ORO,42.853037,13.576231,jewelry_store,"Fashion, Luxury, Retail"
Giorgi Consulenza & Tecnica,42.8511836,13.5863427,point_of_interest,"Professional/Commercial Services, Technical/Artisan/Repair Services"
Giorni Felici,42.856423,13.5788759,clothing_store,"Fashion, Retail"
Giuseppe De Santis,42.84995230000001,13.5979532,doctor,Health
Giuseppe Fratini,42.8576662,13.5719033,finance,Finance
Giuseppina,42.8544979,13.5758178,bakery,Food
GLAM parrucchieri di Monica Mariucci,42.8594734,13.5830118,hair_care,Beauty
GM Centro Medico Piceno,42.8503949,13.5904783,hospital,Health
GoGo da catering eventi in villa,42.8490997,13.601018,restaurant,"Food, Leisure"
Grafica E Stampa Vitelli Valentina,42.8543495,13.5781545,point_of_interest,"Professional/Commercial Services, Retail, Technical/Artisan/Repair Services"
Grifi Dr. Carlo,42.8520165,13.5967796,dentist,Health
Gruppo Cinofilo Piceno,42.8531548,13.5972276,point_of_interest,"Pet, Leisure"
GSI Marche,42.8516267,13.578502,point_of_interest,"Leisure, Culture, Fitness"
"Guardia Di Finanza Comando Provinciale, Comando Nucleo Polizia Economico-Finanziaria, Comando Gruppo - Ascoli Piceno",42.8547925,13.5701591,police,Government/Civic/Legal Services
Guardia Medica Ascoli Piceno,42.8620683,13.5906279,point_of_interest,Health
Halt S.A.S. Di Borzacchini Valerio E C.,42.85658910000001,13.5687811,point_of_interest,"Technical/Artisan/Repair Services, Culture"
Helen Doron English Ascoli Piceno,42.852819,13.5909397,point_of_interest,"Kids, Culture"
Hombre,42.85370109999999,13.5794418,clothing_store,"Fashion, Retail"
Hotel & Residenza 100 Torri,42.8556462,13.5721102,lodging,Travel
Hotel Palazzo Guiderocchi,42.8544979,13.5739424,lodging,Travel
Hotel Pennile,42.84726,13.593169,lodging,Travel
Hub 21 Srl,42.8562068,13.5870216,point_of_interest,"Professional/Commercial Services, Tech"
I.D.S.C. di Ascoli Piceno,42.8530868,13.5783436,point_of_interest,"Finance, Government/Civic/Legal Services"
Ic Designs S.R.L.,42.85204969999999,13.5936831,furniture_store,"Home Decor, Interior Design, Home Appliances, Retail"
Idro Termo Dimafer Di Di Mattia E Ferretti,42.84965479999999,13.57269,point_of_interest,Technical/Artisan/Repair Services
IIS Giuseppe Mazzocchi,42.8549325,13.5961585,secondary_school,Kids
Il Battistero,42.8539174,13.5784035,lodging,Travel
Il Campione Sport - Sede Ascoli Piceno,42.8531548,13.5972276,clothing_store,"Fashion, Retail"
IL CAPRICCIO DEGLI DEI,42.857371,13.57334,restaurant,"Food, Leisure"
Il Desco,42.85655140000001,13.5751127,restaurant,"Food, Leisure"
Il Giardino del Sole B&B,42.8595416,13.563562,lodging,Travel
IL MONDO DI EROLOC - Casa dell'Arte,42.859982,13.5782327,point_of_interest,"Culture, Leisure, Retail"
Il Picchio Consorzio Coop. Sociale,42.85688,13.57779,point_of_interest,Professional/Commercial Services
IL PICCHIO DI AMATUCCI PEPPINO & PAOLONI SIMONE SNC,42.8623838,13.5868746,car_repair,Automotive
IL POSTO GIUSTO,42.8573056,13.5648152,bar,"Food, Entertainment, Leisure"
Il Ruspante,42.8540105,13.5828104,restaurant,"Food, Leisure"
il Vinattiere Osteria con Cucina,42.8545046,13.5746949,restaurant,"Food, Leisure"
Immobili Eredi Pavoni,42.8523383,13.5910764,real_estate_agency,Professional/Commercial Services
IMMOBILIARE CECCO D' ASCOLI,42.8541382,13.5841003,point_of_interest,Professional/Commercial Services
Impianto Sportivo Monterocco,42.8617885,13.5637484,gym,"Fitness, Health"
Impresa Costruzioni Sparti,42.8605187,13.5858268,general_contractor,Technical/Artisan/Repair Services
Impresa Edile Corradetti,42.86049649999999,13.5745271,point_of_interest,Technical/Artisan/Repair Services
Informagiovani online Ascoli Piceno,42.8465861,13.5686324,point_of_interest,"Kids, Leisure, Government/Civic/Legal Services"
Ing Marco Alesi Marco,42.8516069,13.5570772,point_of_interest,Professional/Commercial Services
Ingegnere Iachini Giorgio,42.8493638,13.5997734,point_of_interest,Professional/Commercial Services
Ingegnere Marco Curzi,42.8492841,13.5922037,point_of_interest,Professional/Commercial Services
inKiostro_adv di Emidio Giovannozzi,42.85253409999999,13.5767365,point_of_interest,Professional/Commercial Services
INPS Ascoli Piceno,42.85834739999999,13.5822109,local_government_office,Government/Civic/Legal Services
Interno 26,42.85659829999999,13.5744688,clothing_store,"Fashion, Retail"
Intesa Sanpaolo S.p.A.,42.8536759,13.5866532,bank,Finance
Intesa Sanpaolo S.p.A.,42.8552546,13.5776628,bank,Finance
INTESA SANPAOLO S.P.A. - Bancomat,42.8503665,13.5982049,atm,Finance
Io e Alessia,42.8560376,13.5787616,restaurant,"Food, Leisure"
IoLelone,42.8514703,13.5944016,restaurant,"Food, Leisure"
IOM Ascoli Piceno Odv ETS,42.8587472,13.5788911,health,Health
IP,42.86049999999999,13.5955751,gas_station,"Automotive, Energy"
IP,42.8610786,13.5864066,gas_station,"Automotive, Energy"
IPSIA Giuseppe Sacconi,42.8541827,13.5696777,secondary_school,Kids
Irge,42.8510718,13.5947241,clothing_store,"Fashion, Retail"
"ISC Ascoli Centro - D'Azeglio, Scuola Primaria Malaspina",42.8564462,13.5799022,primary_school,Kids
"ISC Borgo Solestà-Cantalamessa"" Plesso Cantalamessa""",42.86009629999999,13.5812965,school,Kids
Isola Ecologica,42.8571873,13.5858138,point_of_interest,Specific Services/Utilities
Isolux Impianti,42.8524324,13.5888298,home_goods_store,"Home Decor, Interior Design, Home Appliances, Retail"
Ist. Ancelle del Signore,42.8527965,13.6011015,school,Kids
Istituto di Riabilitazione Sport Life convenzionata Asur Marche,42.84874169999999,13.5941554,physiotherapist,"Health, Fitness"
Istituto Diocesano per il Sostentamento del Clero,42.85305229999999,13.5784464,point_of_interest,"Finance, Government/Civic/Legal Services"
Istituto Superiore Di Studi Medioevali Cecco D'Ascoli,42.85486549999999,13.575192,point_of_interest,Culture
"Istituto Tecnico Agrario Celso Ulpiani""""",42.85419999999999,13.5981835,point_of_interest,"Kids, Culture"
Italbitumi,42.8542799,13.573184,point_of_interest,"Technical/Artisan/Repair Services, Professional/Commercial Services"
Italian Alpine Club,42.8521363,13.5872553,point_of_interest,"Leisure, Fitness, Culture"
Jessy Bar,42.85512970000001,13.5766715,bar,"Food, Entertainment, Leisure"
Johnny Spiedino,42.85424579999999,13.5761316,restaurant,"Food, Leisure"
Judo Rebecca,42.8475475,13.5878934,gym,"Fitness, Health"
Julia Service,42.8549005,13.5885897,point_of_interest,Professional/Commercial Services
Kapadokya Il Kebab,42.8544141,13.5762164,restaurant,"Food, Leisure"
Kickboxing Ascoli,42.862483,13.5644772,gym,"Fitness, Health"
Kids&Us Ascoli Piceno-Scuola di Inglese per bambini da 1 anno in poi,42.8540311,13.5824255,point_of_interest,"Kids, Culture"
KIPOINT - PONY SERVICE S.R.L.,42.85160390000001,13.5862212,post_office,Government/Civic/Legal Services
Kiros Fashion Uomo,42.85458819999999,13.5749321,clothing_store,"Fashion, Retail"
Kuhva,42.8550928,13.5735806,clothing_store,"Fashion, Retail"
Kung Fu Ascoli,42.84710949999999,13.5882518,point_of_interest,"Fitness, Leisure"
L'impresa di pulizie Clear,42.84973249999999,13.5746271,point_of_interest,"Specific Services/Utilities, Professional/Commercial Services"
La Bottega dell'Oliva Ascolana,42.8578394,13.5728635,grocery_or_supermarket,"Food, Retail"
la bottega di Mary,42.85943769999999,13.5649647,home_goods_store,"Home Decor, Interior Design, Home Appliances, Retail"
La Bottega di Verde Ramina L’arte della ceramica,42.8581464,13.572566,art_gallery,"Culture, Leisure"
La casa,42.8583157,13.5825441,point_of_interest,Point of Interest
La Casa di Asterione,42.8490656,13.5980361,point_of_interest,"Culture, Leisure, Health, Entertainment"
La casetta di Nonno Pacca,42.8523441,13.5753028,lodging,Travel
La Chiesa di Gesù Cristo dei Santi degli Ultimi Giorni,42.850739,13.597474,church,Culture
La Fabbrichetta,42.8525414,13.5751974,supermarket,"Food, Retail"
La Locandiera,42.85542400000001,13.576072,restaurant,"Food, Leisure"
La Me.la. Di Tomassetti Michela,42.8547839,13.5678217,hair_care,Beauty
La Nicchia,42.8548498,13.5768015,cafe,"Food, Leisure"
La nicchia delle eccellenze s.a.s,42.8536445,13.5598721,supermarket,"Food, Retail"
la panificatrice ascolana,42.8546744,13.5654163,bakery,Food
La Tuta di Brandozzi Dario,42.85475,13.5680532,clothing_store,"Fashion, Retail"
Laboratorio Minimo Teatro,42.85126700000001,13.5890767,point_of_interest,"Culture, Entertainment, Leisure"
Laboratorio Odontotecnico Caucci Pasqualino,42.86061629999999,13.5714873,point_of_interest,"Health, Technical/Artisan/Repair Services"
Laloni Patrizia,42.8610934,13.568421,doctor,Health
Largo Ludovico Cattaneo N 3,42.8528207,13.583029,point_of_interest,Point of Interest
Largo Padre Emidio D'Ascoli,42.85863789999999,13.5689917,parking,"Automotive, Travel"
Larocca Petroli,42.86176030000001,13.5901894,gas_station,"Automotive, Energy"
Latteria Marini,42.8535377,13.5754769,cafe,"Food, Leisure"
lava e asciuga,42.85939199999999,13.5643443,laundry,Specific Services/Utilities
Lavanderia Etilsec,42.85916379999999,13.568267,laundry,Specific Services/Utilities
Lavanderia self service _ Lava Qua,42.8594239,13.5646456,laundry,Specific Services/Utilities
Lavanderia self service millebolle,42.8547716,13.5661234,laundry,Specific Services/Utilities
Lavatoi - Porta Cartara,42.8495972,13.5729275,transit_station,"Travel, Automotive"
Lavatoio di Porta Cappuccina,42.8590301,13.5712534,tourist_attraction,"Culture, Entertainment, Travel, Leisure, Point of Interest"
Lazzarini B. Pietro Abbigliamento Intimo,42.8537019,13.5868791,clothing_store,"Fashion, Retail"
Le Follie,42.85263860000001,13.5869477,clothing_store,"Fashion, Retail"
Le Rouge Cosmetics,42.8566505,13.5745528,clothing_store,"Fashion, Retail"
Leoni Mauro,42.8520526,13.5937934,point_of_interest,Point of Interest
Lian Srl,42.8482841,13.586792,university,"Culture, Kids"
Libreria Rinascita,42.853466,13.5756435,book_store,"Book, Culture, Leisure, Retail"
Liceo Artistico Osvaldo Licini,42.8478624,13.5869352,secondary_school,Kids
Liceo Classico Stabili - Trebbiani,42.8583816,13.5788899,secondary_school,Kids
Lin Yueqin,42.8545886,13.5749369,clothing_store,"Fashion, Retail"
Lo Spazzacamino Professionale Francesco Paliotti,42.85179479999999,13.58792,point_of_interest,"Technical/Artisan/Repair Services, Specific Services/Utilities"
Locanda del Medioevo,42.85402260000001,13.578757,restaurant,"Food, Leisure"
Locanda Imperfetta,42.8556633,13.5719828,restaurant,"Food, Leisure"
Loggia dei Mercanti,42.8550864,13.5751312,tourist_attraction,"Culture, Entertainment, Travel, Leisure, Point of Interest"
Lorenz Cafè - Bar Ristorante Steak House Pizzeria,42.85489829999999,13.5753017,restaurant,"Food, Leisure"
Luisa Spagnoli,42.8536386,13.5760371,clothing_store,"Fashion, Retail"
Luisa Viola,42.8535262,13.5756121,clothing_store,"Fashion, Retail"
Lungocastelano Architettura,42.85009319999999,13.5754093,transit_station,"Travel, Automotive"
Luzi Avv. Massimo,42.8519006,13.5787248,lawyer,Professional/Commercial Services
M.d.m. snc,42.8496555,13.5900533,point_of_interest,Professional/Commercial Services
Macelleria Civilotti,42.8546737,13.5676978,food,Food
Macelleria Clerici Giovanni-olive ascolane del piceno dop,42.86051390000001,13.5723896,store,Retail
Macelleria Sosi Andrea,42.8493445,13.5863318,store,Retail
Macelleria Spina Emanuele,42.8520948,13.5863127,store,Retail
Mad Communication,42.85954539999999,13.5710097,point_of_interest,Professional/Commercial Services
magazzini italiani,42.8510747,13.5947205,clothing_store,"Fashion, Retail"
Mago Letterius,42.8510747,13.5947205,point_of_interest,"Entertainment, Leisure, Kids"
MALIBU' 2.0 S.S.D. A R.L. Health and Fitness,42.8528669,13.5870676,gym,"Fitness, Health"
Manardi Dr. Pierino,42.8537216,13.5876003,doctor,Health
Maracais Hostaria,42.85181679999999,13.6009412,restaurant,"Food, Leisure"
Marcafè Arlecchino Enoteca Wine Bar,42.8513326,13.593684,bar,"Food, Entertainment, Leisure"
Marco Belli,42.8525508,13.5752157,doctor,Health
marcozzifabio,42.85133769999999,13.6010791,point_of_interest,Point of Interest
Marella,42.8558485,13.5750548,clothing_store,"Fashion, Retail"
Maria Grazia Fulvi,42.8606944,13.5828583,health,Health
Mariani Dr. Manuela,42.8521331,13.5936589,doctor,Health
Marina Canala Ingegnere Civile,42.8476017,13.5984509,point_of_interest,Professional/Commercial Services
Marina Toschi,42.8581237,13.5781427,doctor,Health
Mariotti Silvano,42.859805,13.5796641,point_of_interest,Point of Interest
Marozzi Danilo,42.8592588,13.5800449,bakery,Food
Massetti Dr. Pierpaolo,42.8521331,13.5936589,doctor,Health
Massimo Pasqualetti,42.8598867,13.5801555,doctor,Health
Matteucci Arredamenti,42.85416980000001,13.5620466,furniture_store,"Home Decor, Interior Design, Home Appliances, Retail"
Maurizio Natalini,42.8541878,13.5932194,point_of_interest,Point of Interest
Max Promo,42.85296559999999,13.5962727,clothing_store,"Fashion, Retail"
MAX&Co.,42.8551927,13.5748108,clothing_store,"Fashion, Retail"
maxsportswear,42.85175470000001,13.5898376,clothing_store,"Fashion, Retail"
Mazzocchi Alberto,42.85250070000001,13.6007555,point_of_interest,Point of Interest
Mecozzi,42.8618743,13.5971825,doctor,Health
Medical Center,42.8587397,13.5789336,hospital,Health
Menzietti Dr. Davide,42.8546561,13.5732032,doctor,Health
Mercato Via Verdi,42.85972069999999,13.5685382,transit_station,"Travel, Automotive"
Meridiana di San Cristoforo,42.8551929,13.5789497,museum,"Culture, Leisure"
Metodo Fast Music: Corsi di Tastiera e di Chitarra per principianti,42.8547537,13.5659693,school,Kids
Migliarini - Campi da calcio a 5 e campi da tennis,42.8567118,13.5950698,gym,"Fitness, Health"
Military Store AP,42.85296559999999,13.5962727,clothing_store,"Fashion, Retail"
Mimì Toelettatura,42.85470189999999,13.565649,point_of_interest,"Pet, Specific Services/Utilities"
Miniera delle Arti,42.8477046,13.5934312,point_of_interest,"Culture, Leisure"
Ministero Dell'Economia E Delle Finanze- Uffici Territoriali,42.85523119999999,13.5928686,point_of_interest,"Government/Civic/Legal Services, Finance"
Ministero Per I Beni E Le Attivita' Culturali,42.8574717,13.5668553,local_government_office,Government/Civic/Legal Services
MoneyGram - Moneta,42.8582458,13.5694317,finance,Finance
Monterocco-strada Venarotta,42.86205569999999,13.5650756,transit_station,"Travel, Automotive"
Monteverde - Biliardo Club,42.8527818,13.5594965,transit_station,"Travel, Automotive"
Monteverde - Parcheggio,42.8524885,13.5581535,transit_station,"Travel, Automotive"
Monteverde -parcheggio,42.85267349999999,13.558116,transit_station,"Travel, Automotive"
Monteverde Piazzetta,42.85168739999999,13.5556909,transit_station,"Travel, Automotive"
Moricone Dr. Franco,42.85317080000001,13.5912532,doctor,Health
Mr Zocca,42.8605722,13.57546,food,Food
Municipio,42.8544741,13.5750497,city_hall,Government/Civic/Legal Services
Municipio Di Ascoli Piceno,42.8559726,13.5798785,city_hall,Government/Civic/Legal Services
Musei della Cartiera Papale,42.8495813,13.5701513,museum,"Culture, Leisure"
Museo Arte Ceramica,42.8555644,13.5710596,museum,"Culture, Leisure"
Museo dell'Alto Medioevo,42.8528276,13.585306,museum,"Culture, Leisure"
Music Academy Ascoli,42.8555926,13.5857968,point_of_interest,"Culture, Leisure, Kids"
Musicandia,42.8587368,13.5789199,school,Kids
Negozio diretto Ascoli Piceno,42.853762,13.561472,point_of_interest,Retail
Negozio Sky Service | Wi Fi Marche SRL,42.85230600000001,13.5906303,point_of_interest,"Retail, Tech, Professional/Commercial Services"
Negroni BIMBO - Giocattoli e Abbigliamento 0-14,42.8497827,13.5981073,clothing_store,"Fashion, Retail"
Nociaro Geom. Lorenzo Studio Tecnico,42.8529627,13.561186,point_of_interest,Professional/Commercial Services
Nociaro Snc,42.8547922,13.5749434,clothing_store,"Fashion, Retail"
Non solo Atletica,42.8472946,13.589762,point_of_interest,"Fitness, Leisure"
Noor donner kebab,42.85447929999999,13.5879029,restaurant,"Food, Leisure"
Norder3D,42.8475303,13.5668302,point_of_interest,"Tech, Technical/Artisan/Repair Services, Professional/Commercial Services"
Notti D'oro S.r.l.,42.85249890000001,13.5872743,furniture_store,"Home Decor, Interior Design, Home Appliances, Retail"
Nova Leo S.N.C. Di Guadagnolo S .& C.,42.85653819999999,13.5756524,bar,"Food, Entertainment, Leisure"
Nuovo Cineteatro Piceno,42.852774,13.578104,movie_theater,"Entertainment, Leisure"
NurSind Ascoli Piceno,42.8578842,13.5789324,point_of_interest,"Health, Government/Civic/Legal Services"
Nutrizionista Dott.ssa Roberta Concordi,42.8547515,13.5922653,health,Health
Nutrizionista Dott.ssa Scioletti,42.8527155,13.5813768,health,Health
Oculista Dott. Paolo Tortorella,42.8569363,13.5653879,doctor,Health
Oddi Pier Luigi Mancini Antonio E C Snc,42.8541672,13.5617231,point_of_interest,Professional/Commercial Services
Odeon 6,42.86015879999999,13.5788613,movie_theater,"Entertainment, Leisure"
Officina Flaiani,42.8522848,13.594134,car_repair,Automotive
Officina Meccanica De Cesaris,42.8594976,13.5651843,car_repair,Automotive
Officina Meccanica Filipponi Agostino,42.8612045,13.5865342,car_repair,Automotive
Officina Passione Motori di Poli Daniele,42.8530416,13.5633879,car_repair,Automotive
Officine Brandimarte Art Space,42.8599797,13.5689059,point_of_interest,"Culture, Leisure"
Oki sushi,42.8526239,13.5894147,restaurant,"Food, Leisure"
Old Gold Srl Compro Oro e Argento,42.8496946,13.5996727,finance,Finance
Oliva Ascolana Del Piceno Dop Ripiena,42.8605281,13.5722985,point_of_interest,"Food, Culture"
Olive Ascolane Nonna Nina Di Maravalli Luciano,42.8517819,13.5876733,bakery,Food
Olivia,42.8547512,13.5922653,grocery_or_supermarket,"Food, Retail"
Ollari Dr. Renata,42.8590194,13.571761,doctor,Health
On Air Band,42.84935,13.59064,point_of_interest,"Culture, Entertainment, Leisure"
Open Consulting,42.8496586,13.5877142,point_of_interest,Professional/Commercial Services
OPENKEY S.R.L.,42.85264959999999,13.6004166,point_of_interest,"Tech, Professional/Commercial Services"
Operà Bar Pasticceria,42.85689680000001,13.5741638,bar,"Food, Entertainment, Leisure"
Opere Speciali S.R.L.,42.85807509999999,13.5823296,general_contractor,Technical/Artisan/Repair Services
Option One SRL,42.8497798,13.5745592,point_of_interest,Professional/Commercial Services
Ordine degli Architetti di Ascoli Piceno,42.8539825,13.581772,point_of_interest,Professional/Commercial Services
Ordine degli Ingegneri della Provincia di Ascoli Piceno,42.8537897,13.5935306,point_of_interest,Professional/Commercial Services
Ordine dei Medici Chirurghi Odontoiatri di Ascoli Piceno,42.8542147,13.5843227,health,Health
Ordine Interprovinciale Dei Medici Veterinari di Ascoli Piceno e Fermo,42.8495819,13.5700762,point_of_interest,"Professional/Commercial Services, Pet, Health"
Orlini Avv. Tina,42.8593994,13.5785338,lawyer,Professional/Commercial Services
OROCASH,42.8518091,13.5880059,finance,Finance
Orsini Service Snc Di Orsini Alberto E Livio,42.8528294,13.5932636,point_of_interest,"Technical/Artisan/Repair Services, Professional/Commercial Services"
Orto frutta Alimentari di Tutto di Più Da Silvia,42.86072299999999,13.5851545,supermarket,"Food, Retail"
Osteria del Popolo,42.8548479,13.5758215,restaurant,"Food, Leisure"
Osteria Nonna Nina,42.85435160000001,13.5784994,restaurant,"Food, Leisure"
Osti.Nati Fish & Wine,42.8540821,13.5758491,restaurant,"Food, Leisure"
Ostium,42.85590699999999,13.574834,bar,"Food, Entertainment, Leisure"
Ottica Bartolini Francesco,42.8511383,13.5930044,health,Health
Ottica Foto Diamanti Barbara,42.859978,13.5689687,health,Health
Overkids Childrens Fashion Store,42.8538608,13.5799475,clothing_store,"Fashion, Retail"
P.zza Cecco d'Ascoli,42.8548357,13.5678162,transit_station,"Travel, Automotive"
"Palazzetto di Monterocco Ezio Galosi""""",42.8626674,13.5646176,gym,"Fitness, Health"
Palazzo Colucci,42.8552815,13.5818055,tourist_attraction,"Culture, Entertainment, Travel, Leisure, Point of Interest"
Palazzo dei Mercanti - Dimora Storica,42.85544689999999,13.5761908,lodging,Travel
Palazzo Gallo,42.85501410000001,13.5784662,tourist_attraction,"Culture, Entertainment, Travel, Leisure, Point of Interest"
Palazzo guiderocchi vi,42.85226429999999,13.6011912,point_of_interest,Point of Interest
Palazzo Malaspina,42.85531599999999,13.580145,tourist_attraction,"Culture, Entertainment, Travel, Leisure, Point of Interest"
Palestra,42.8528669,13.5870676,gym,"Fitness, Health"
Palestra Energia,42.85154379999999,13.5796634,gym,"Fitness, Health"
Palestra Sport Life,42.8483904,13.5947948,gym,"Fitness, Health"
Pallotta Dr. Laura Miriam e Rodrigo Rossi,42.85640799999999,13.574723,dentist,Health
PALMIRA SRL DI FRATONI ROSA,42.84946610000001,13.5741626,store,Retail
Panichi Dott. Sergio,42.8580087,13.5819581,doctor,Health
Panificio Fa.Pa.M di Girolami,42.8511506,13.5973375,bakery,Food
Panificio Marozzi,42.85213660000001,13.5879221,grocery_or_supermarket,"Food, Retail"
Paolo Mariani,42.851875,13.6011302,point_of_interest,Point of Interest
paolomarozzi.it,42.8552166,13.5793262,point_of_interest,"Tech, Professional/Commercial Services"
PARAFARMACIA CONAD,42.8594318,13.5931982,drugstore,"Health, Beauty, Retail"
Parafarmacia Salus Picena,42.85374859999999,13.5868776,pharmacy,"Health, Retail"
Parcheggio,42.8523687,13.5898538,parking,"Automotive, Travel, Specific Services/Utilities"
Parcheggio,42.8620665,13.5646575,point_of_interest,Point of Interest
Parcheggio centro,42.85194,13.583724,point_of_interest,"Automotive, Travel, Specific Services/Utilities"
Parcheggio cimitero,42.856973,13.5583772,point_of_interest,"Automotive, Travel, Specific Services/Utilities"
Parcheggio Ex Seminario,42.8525627,13.5819239,point_of_interest,"Automotive, Travel, Specific Services/Utilities"
Parcheggio gratuito,42.8525831,13.5923202,parking,"Automotive, Travel"
Parcheggio gratuito,42.8542682,13.5614442,parking,"Automotive, Travel"
Parcheggio Piazza della Viola,42.8544835,13.5782614,parking,"Automotive, Travel"
parcheggio Piazzale Amadio,42.8585799,13.5832903,parking,"Automotive, Travel"
Parcheggio S.Filippo,42.8502817,13.5986279,parking,"Automotive, Travel"
Parcheggio Saba Ex Gil,42.86048419999999,13.5772921,parking,"Automotive, Travel"
Parcheggio Saba Torricella,42.85180709999999,13.5787391,parking,"Automotive, Travel"
Parcheggio San Pietro in Castello,42.8589023,13.5751855,point_of_interest,"Automotive, Travel, Specific Services/Utilities"
Parcheggio Via Pacifici,42.85007419999999,13.5729858,point_of_interest,"Automotive, Travel, Specific Services/Utilities"
Parcheggio Villa Cicchi,42.8541038,13.5688164,parking,"Automotive, Travel"
Parco Bau,42.8606278,13.5668653,park,"Leisure, Fitness, Kids, Pet"
Parco dell'Annunziata,42.85180879999999,13.5725085,park,"Leisure, Fitness, Kids, Pet"
"Parco Emanuela Loi""""",42.85712909999999,13.5621698,park,"Leisure, Fitness, Kids, Pet"
Parco giochi,42.8519742,13.5726099,point_of_interest,"Kids, Leisure, Point of Interest"
Parco Giochi,42.8571067,13.5621232,park,"Leisure, Fitness, Kids, Pet"
Parco Giochi,42.8587658,13.5683588,park,"Leisure, Fitness, Kids, Pet"
Parkeerplaats,42.8581417,13.5725903,atm,Finance
Parking,42.8531899,13.5793537,parking,"Automotive, Travel"
Parrocchia dei Santi Pietro e Paolo,42.8580994,13.5837713,church,Culture
Parrocchia S. Giacomo Della Marca,42.8578456,13.564313,church,Culture
Parrucchiere Giuliano Look Gì Studio,42.8538509,13.590348,hair_care,Beauty
Parrucchieri di Capriotti Gianluca,42.8572917,13.5649772,hair_care,Beauty
Parrucchieri Giordano e Annarita Centro Degradé,42.8538232,13.5890925,hair_care,Beauty
Parrucchieria Artemoda,42.85748299999999,13.5668552,hair_care,Beauty
Parrucchieria Debora di Carboni Debora,42.849746,13.5868388,hair_care,Beauty
Parrucchieria Nuovo Stile Di Guerrieri Vincenzo,42.8546949,13.5655349,hair_care,Beauty
Parrucchieria Rita e Centro Estetico Claudia,42.8594693,13.5678871,hair_care,Beauty
passatoPRESENTE di Moretti Cinzia,42.8518011,13.5902692,point_of_interest,"Retail, Home Decor, Fashion, Culture"
Pasta all'uovo Guidoliva,42.8547387,13.56586,grocery_or_supermarket,"Food, Retail"
Pasta all'Uovo Le Torri,42.8563391,13.5749278,store,Retail
Pasta all'uovo Martelli,42.8543051,13.5893783,grocery_or_supermarket,"Food, Retail"
Pasticceria Angelini,42.85310339999999,13.5910121,bakery,Food
Pasticceria Angelo srl,42.8503216,13.5913507,bakery,Food
Pasticceria Malaspina,42.8529033,13.5926551,bakery,Food
Pasticceria Marini,42.85969799999999,13.5803618,bakery,Food
Pasticceria Picena Dei F.Lli Bruni Snc,42.85543569999999,13.5792498,bakery,Food
Pasticceria Primavera Di Celani & Peroni S.N.C.,42.8600429,13.5698066,bakery,Food
Pellicceria Clara Di Angelini Guido,42.8558305,13.5683614,clothing_store,"Fashion, Retail"
Pellicceria Red Fox,42.8599108,13.5696696,clothing_store,"Fashion, Retail"
Pelliccioni Pierluigi,42.8574332,13.5935907,point_of_interest,Point of Interest
PENSY S.R.L.,42.84994690000001,13.5749336,point_of_interest,Professional/Commercial Services
Perito Ass. Gasperi - Centro Italia Servizi 2009 S.R.L,42.8492792,13.5904302,point_of_interest,"Professional/Commercial Services, Insurance, Finance"
Petit Bruxelles,42.8604555,13.5960374,restaurant,"Food, Leisure"
Petrocchi Dr. Nazzareno,42.85674710000001,13.5741844,point_of_interest,Professional/Commercial Services
Petroni Fabio,42.8530041,13.5939912,doctor,Health
Piante E Fiori Stuzzica Flora,42.8558781,13.5573951,florist,"Home Decor, Retail"
Piazza Arringo,42.8547464,13.5752633,parking,"Automotive, Travel"
Piazza del Popolo,42.85447240000001,13.5755429,tourist_attraction,"Culture, Entertainment, Travel, Leisure, Point of Interest"
piazza del popolo,42.8501536,13.5915809,bar,"Food, Entertainment, Leisure"
Piazza Maestri del Lavoro d'Italia,42.85364020000001,13.5896255,parking,"Automotive, Travel"
Piccola corte,42.8562817,13.578701,lodging,Travel
Picena Ascensori,42.860917,13.5722233,point_of_interest,"Technical/Artisan/Repair Services, Home Appliances"
Piceno Computers,42.8521792,13.5906141,point_of_interest,"Retail, Tech, Technical/Artisan/Repair Services"
Piceno Data Systems,42.8492246,13.5910313,point_of_interest,"Tech, Professional/Commercial Services"
Piceno Incoming,42.8548795,13.5720835,point_of_interest,"Travel, Professional/Commercial Services"
Piceno News 24,42.8522963,13.5864551,point_of_interest,"Culture, Entertainment"
Pierdomenico Dr. Rosella,42.8547847,13.5677499,doctor,Health
PIMU Picenworld Museum,42.8539331,13.5818225,museum,"Culture, Leisure"
Pinko Boutique Ascoli Piceno,42.8542669,13.5752696,clothing_store,"Fashion, Retail"
Pio Parrucchiere Marcelli,42.85261310000001,13.5769217,hair_care,Beauty
Piuzero Srl,42.8597985,13.5645564,car_rental,"Automotive, Travel"
Pizza pazza,42.8516033,13.5937629,restaurant,"Food, Leisure"
Pizza pazza 2,42.8540163,13.5889392,restaurant,"Food, Leisure"
Pizza Spicchio,42.8542492,13.5756771,restaurant,"Food, Leisure"
Pizzeria Bella Napoli Dal 1968,42.85444149999999,13.5786939,meal_takeaway,Food
Pizzeria Cip & Ciop,42.85507619999999,13.573463,restaurant,"Food, Leisure"
Pizzeria Gasthaus,42.8522738,13.5965116,restaurant,"Food, Leisure"
Pizzeria Gnammete,42.8516108,13.5937582,restaurant,"Food, Leisure"
Pizzeria La Scaletta,42.84987940000001,13.5979265,meal_takeaway,Food
Pizzeria O Vesuvio,42.8520726,13.6008072,restaurant,"Food, Leisure"
Pizzeria Panarea,42.85292150000001,13.592977,restaurant,"Food, Leisure"
Pizzeria Pulcinella,42.8529293,13.5870647,meal_takeaway,Food
Pizzeria San Marco,42.8492264,13.5885963,restaurant,"Food, Leisure"
Pizzeria Solesta,42.85991840000001,13.5695223,restaurant,"Food, Leisure"
Poliambulatorio - Porta Cartara,42.85133459999999,13.5731188,transit_station,"Travel, Automotive"
Poliambulatorio Artemedica Adriatica,42.8552625,13.5793073,point_of_interest,Point of Interest
Poliambulatorio Fisiozone srls,42.85689600000001,13.5653038,physiotherapist,"Health, Fitness"
Ponte Anas,42.8569874,13.5616438,transit_station,"Travel, Automotive"
Ponte di Porta Cartara,42.84905279999999,13.5715904,point_of_interest,Point of Interest
Ponte di Solestà,42.8584852,13.5718334,tourist_attraction,"Culture, Entertainment, Travel, Leisure, Point of Interest"
Poppa' S di Collina Barbara & C. Sas,42.854247,13.5757582,food,Food
Poppa's,42.85294139999999,13.5910481,food,Food
Porta Cartara - Bar,42.8474789,13.5690536,transit_station,"Travel, Automotive"
Porta Tufilla,42.8569723,13.578366,tourist_attraction,"Culture, Entertainment, Travel, Leisure, Point of Interest"
Potete Trovarci,42.84947,13.59963,point_of_interest,Point of Interest
Prefettura di Ascoli Piceno Uff. Territoriale del Governo - Ufficio Cittadinanza,42.85523119999999,13.5928685,point_of_interest,Government/Civic/Legal Services
Premiata Farmacia Centrale dr. Rosati dal 1877 in Ascoli Piceno,42.85509649999999,13.5748959,pharmacy,"Health, Retail"
Principia Charming Suite,42.8554288,13.5761171,lodging,Travel
PrivatAssistenza,42.85403369999999,13.5903136,point_of_interest,"Health, Professional/Commercial Services"
Prof. Andrea Angelini,42.8590194,13.571761,doctor,Health
Professional Service Carli Dr. Dino,42.8595859,13.5651522,point_of_interest,Professional/Commercial Services
Profumeria CARLA di Biondi Carla,42.85469760000001,13.5749592,beauty_salon,Beauty
Profumeria Douglas,42.85423799999999,13.5755869,clothing_store,"Fashion, Retail"
Profumeria F&G Di Fabiani L.,42.85498569999999,13.573227,clothing_store,"Fashion, Retail"
Profumeria O.M. Di Marini Ornella,42.8512145,13.5930841,clothing_store,"Fashion, Retail"
Prometal Srl,42.8541602,13.5620492,point_of_interest,"Technical/Artisan/Repair Services, Professional/Commercial Services"
Provincia di Ascoli Piceno,42.8582445,13.5786314,school,Kids
Pub Pizzeria The Black Rock Di Maialetto Di Piccioni Franco E C. Sas,42.8494204,13.5702799,bar,"Food, Entertainment, Leisure"
Publiascoli,42.84965999999999,13.57473,point_of_interest,Professional/Commercial Services
Punti&Virgola,42.8475303,13.5668302,point_of_interest,"Retail, Book, Professional/Commercial Services"
Q8,42.8582742,13.5793527,gas_station,"Automotive, Energy"
Qualis Lab,42.8582417,13.5781183,hospital,Health
Questura Ascoli Piceno,42.854624,13.5937572,police,Government/Civic/Legal Services
Radio Ascoli (S.R.L.),42.8525608,13.5823119,point_of_interest,"Entertainment, Culture"
Ramovini Eugenio,42.8541858,13.5896268,lawyer,Professional/Commercial Services
Randstad,42.853787,13.5935308,point_of_interest,Professional/Commercial Services
Reborn Sas Di Antonio Rita & C.,42.85362259999999,13.5721852,restaurant,"Food, Leisure"
Regione Marche,42.854251,13.5871254,city_hall,Government/Civic/Legal Services
Renita Rasmann D.C.,42.8504541,13.5940763,health,Health
Resarì - Restaurant and more,42.85435009999999,13.5747368,restaurant,"Food, Leisure"
Restauri HALT,42.8566125,13.5688676,point_of_interest,"Technical/Artisan/Repair Services, Culture"
Ricci Cornici,42.85406200000001,13.589134,art_gallery,"Culture, Leisure"
RIELLO - DURINZI MICHELINA,42.85378360000001,13.5652061,general_contractor,Technical/Artisan/Repair Services
RIELLO - PAOLINI & CAPPONI S.R.L.,42.85736190000001,13.5929752,general_contractor,Technical/Artisan/Repair Services
Rilievo,42.8490305,13.5870518,hospital,Health
Ripani Manuela,42.8552166,13.5793262,clothing_store,"Fashion, Retail"
Ristorante 'il Vascello',42.8540368,13.579273,restaurant,"Food, Leisure"
Ristorante cusine royal 2.0,42.8525328,13.576548,restaurant,"Food, Leisure"
Ristorante Da Guerriero,42.849802,13.5995022,restaurant,"Food, Leisure"
Ristorante Griglieria - Mangiafuoco Ascoli Piceno,42.85458819999999,13.5785868,restaurant,"Food, Leisure"
Ristorante Nannì,42.8471015,13.5805907,restaurant,"Food, Leisure"
Ristorante Osteria Kursaal,42.8545736,13.5817654,bar,"Food, Entertainment, Leisure"
Ristorante Sale Fino al Circolo Cittadino,42.8548496,13.5724806,restaurant,"Food, Leisure"
Ristorante Shanghai,42.8566017,13.5783605,restaurant,"Food, Leisure"
Ristorante Sushi Kuu Ascoli Piceno,42.854788,13.5762395,restaurant,"Food, Leisure"
Ristorante Villa Angelini,42.8569342,13.6013746,restaurant,"Food, Leisure"
Ristorante Vittoria Ascoli Piceno,42.8546776,13.5778354,restaurant,"Food, Leisure"
Riviera Picena delle Palme,42.8538481,13.5718909,travel_agency,Travel
Roberto Gregori Osteopata,42.8524091,13.5997277,point_of_interest,Health
Roberto Impianti Tecnologici,42.85931019999999,13.5683525,plumber,Technical/Artisan/Repair Services
Rossi Brunori Alfredo,42.8546095,13.5650282,gas_station,"Automotive, Energy"
RSA di Ascoli Piceno (ex Ospedale Luciani),42.86216479999999,13.5909417,point_of_interest,"Health, Point of Interest"
Rua Lunga,42.8548424,13.5688565,tourist_attraction,"Culture, Entertainment, Travel, Leisure, Point of Interest"
S.E.A. Societa' Edile Ascolana S.R.L.,42.85289129999999,13.5867938,general_contractor,Technical/Artisan/Repair Services
S.I.U.L.P. Di Ascoli Piceno,42.85428999999999,13.59305,point_of_interest,Government/Civic/Legal Services
Sa.fa.ri. S.r.l.,42.85309239999999,13.5876019,post_office,Government/Civic/Legal Services
"SAAD - Scuola di Ateneo di Architettura e Design E. Vittoria""""",42.8522544,13.573418,university,"Culture, Kids"
Saba Italia S.P.A.,42.8598043,13.5801365,parking,"Automotive, Travel"
Sagra Della Castagnola,42.8567914,13.5918239,restaurant,"Food, Leisure"
Sala Scommesse Planetwin 365,42.8510081,13.5976912,bar,"Food, Entertainment, Leisure"
Salumeria,42.8517489,13.6011544,grocery_or_supermarket,"Food, Retail"
Salus Donna Centro Estetico,42.8598388,13.5789094,beauty_salon,Beauty
Saluti Impianti Tecnologici Ascoli Piceno,42.8501535,13.5853227,general_contractor,Technical/Artisan/Repair Services
Santa Maria delle Stelle,42.8566464,13.5688797,point_of_interest,Point of Interest
Santarelli Costruzioni Spa,42.8513914,13.5971842,general_contractor,Technical/Artisan/Repair Services
Sapori Piceni,42.8555737,13.5856919,supermarket,"Food, Retail"
Sartoria,42.8596318,13.5807788,clothing_store,"Fashion, Retail"
Sate Di Sanguedolce Francesco,42.8610267,13.5873846,point_of_interest,Professional/Commercial Services
Savini Dr. Raffaele,42.8537216,13.5876003,doctor,Health
Sbob Bar Caffetteria,42.8530024,13.5944752,bar,"Food, Entertainment, Leisure"
Sci Club Duemila Ascoli Piceno,42.860965,13.5872824,point_of_interest,"Fitness, Leisure"
Scuola dell'Infanzia Collodi ISC Solecanta,42.8576045,13.5661574,school,Kids
Scuola di Architettura e Design - Sede Annunziata,42.8519358,13.5721478,university,"Culture, Kids"
Scuola di Ateneo di Architettura e Design - Università di Camerino,42.84994690000001,13.5749335,university,"Culture, Kids"
Scuola di Specializzazione in Psicoterapia IPAE Marche,42.8558568,13.5717078,point_of_interest,"Health, Culture"
Scuola Elementare Via D'Azeglio,42.8510596,13.5761734,primary_school,Kids
Scuola Elementare Via Napoli,42.8498764,13.597841,school,Kids
Scuola Elementare Via Speranza,42.8515895,13.5867246,school,Kids
Scuola Materna Via Sassari,42.84898399999999,13.5995022,school,Kids
Scuola Media Ceci Via S.Serafino Da Montegranaro,42.85681080000001,13.5633003,school,Kids
Scuola Multidisciplinare,42.8587365,13.5789238,point_of_interest,"Kids, Culture, Professional/Commercial Services"
"Scuola primaria Falcone Borsellino""""",42.860889,13.5866998,primary_school,Kids
Scuola primaria Via Napoli,42.85034539999999,13.5946831,primary_school,Kids
Scuola Rodari,42.8567056,13.5638301,school,Kids
Sebastiani Prof. Giandomenico,42.8536153,13.5799833,doctor,Health
Seghetti G. Eurogru,42.8564177,13.5860664,point_of_interest,"Technical/Artisan/Repair Services, Professional/Commercial Services"
Self-Service Il Bocconcino,42.8510959,13.5945318,restaurant,"Food, Leisure"
SERT,42.8525358,13.5725837,point_of_interest,Health
Service & Co Di Nepa,42.8530545,13.5973579,store,Retail
Sestiere di Porta Solestà,42.8607368,13.5679016,point_of_interest,Point of Interest
Sestiere Di Porta Tufilla Ass Culturale Ricreativa,42.8580994,13.5837713,point_of_interest,"Culture, Leisure"
Sestiere Piazzarola,42.84953120000001,13.5701517,point_of_interest,Point of Interest
Sestiere Porta Romana,42.8546369,13.5664194,landmark,"Culture, Travel, Leisure, Point of Interest"
Sfera,42.8513208,13.5917388,clothing_store,"Fashion, Retail"
Sfinge del tempio,42.8520391,13.5723196,point_of_interest,Point of Interest
Shedit S.N.C. Di Capriotti R. & R.,42.8549307,13.574941,clothing_store,"Fashion, Retail"
shpia e petos,42.8496697,13.5872502,point_of_interest,Point of Interest
Silver Gold Art S.G. Di Ferretti & Biondi,42.86112199999999,13.5877602,point_of_interest,"Fashion, Luxury, Retail, Culture, Technical/Artisan/Repair Services"
"Silvia Di Giovanni, Ginecologo",42.8503952,13.5904779,doctor,Health
Simba Abbigliamento,42.8583234,13.5690974,clothing_store,"Fashion, Retail"
Simbiosofia Formazione,42.8495892,13.574367,point_of_interest,"Culture, Professional/Commercial Services"
Sindacato Nazionale Autonomo Lavoratori Scuola - Segreteria prov.le AP,42.854129,13.5614214,point_of_interest,Government/Civic/Legal Services
SISTEMA MUSEALE PICENO,42.8537216,13.5876003,museum,"Culture, Leisure"
SLOWBIKE,42.85136809999999,13.5864643,point_of_interest,"Travel, Leisure, Fitness, Retail"
SME Sport Management Economy,42.85279329999999,13.5745881,gym,"Fitness, Health"
Smooke,42.8515717,13.5909131,point_of_interest,Retail
Societa' Bocciofila S. Giacomo Della Marca,42.857655,13.5651816,point_of_interest,"Fitness, Leisure"
Solestà Bed & Breakfast,42.8589746,13.5649981,lodging,Travel
sosta camper Ascoli Piceno,42.85247449999999,13.5824642,storage,Specific Services/Utilities
Sostruzioni Romane,42.8517154,13.5730002,point_of_interest,Point of Interest
Sound Art Museum Online,42.8544922,13.5814484,museum,"Culture, Leisure"
Spalvieri Impianti,42.85531599999999,13.580145,general_contractor,Technical/Artisan/Repair Services
Sparo di sant’emidio,42.8475303,13.5668302,point_of_interest,"Culture, Entertainment, Leisure"
Spazio Enel di ASCOLI PICENO,42.8537571,13.5613706,point_of_interest,"Retail, Energy, Specific Services/Utilities"
Spazio Premio Licini,42.8550343,13.576648,art_gallery,"Culture, Leisure"
Spaziolama Di Mancini Pierluigi,42.8485696,13.5944281,point_of_interest,Point of Interest
Spendibene 12 Snc Di Agostini Maria Antonietta E C.,42.85249890000001,13.5872743,shopping_mall,"Entertainment, Leisure, Retail"
Sperantini Antonio,42.8484975,13.5947734,point_of_interest,Point of Interest
Spinozzi Adriano,42.85993370000001,13.579076,point_of_interest,Point of Interest
sposi,42.8511909,13.5731461,car_rental,"Automotive, Travel"
Stadio Cino e Lillo Del Duca,42.861177,13.5930573,stadium,"Entertainment, Fitness, Leisure"
Stangoni Sante,42.8569864,13.571854,point_of_interest,Point of Interest
"Stanza del Sale i Soffi di Sale""""",42.852127,13.5939433,spa,"Health, Beauty, Leisure"
Statua dell'Immacolata,42.85243370000001,13.5919623,tourist_attraction,"Culture, Entertainment, Travel, Leisure, Point of Interest"
Statua Sant'Emidio,42.8530528,13.5781655,tourist_attraction,"Culture, Entertainment, Travel, Leisure, Point of Interest"
Stefanini (opium),42.8600795,13.5725982,point_of_interest,Point of Interest
Stradale Polizia di Stato Sezione,42.8546897,13.5939984,police,Government/Civic/Legal Services
Street Style,42.8529646,13.5934636,clothing_store,"Fashion, Retail"
Studi Medici De Belardini,42.85451440000001,13.5924461,hospital,Health
Studio Associato Di Geologia E Geotecnica Marucci,42.852819,13.5909397,point_of_interest,"Professional/Commercial Services, Technical/Artisan/Repair Services"
"Studio Barale - Dal 1946, Consulenti di Direzione",42.8597802,13.5796636,point_of_interest,Professional/Commercial Services
Studio consulenza Fausto Mancini,42.85407769999999,13.5614541,insurance_agency,"Insurance, Finance"
Studio di Architettura Celani & Cellini,42.8565964,13.5746213,general_contractor,Technical/Artisan/Repair Services
Studio FAINI - Geom. Faini Graziano,42.8519829,13.5865149,point_of_interest,Professional/Commercial Services
Studio Falino Ivan,42.8475489,13.5948294,accounting,Professional/Commercial Services
Studio Ge.Co.,42.8525397,13.6003737,point_of_interest,Professional/Commercial Services
Studio Legale - Avvocato Fabio Giorgi,42.85372239999999,13.5603182,lawyer,Professional/Commercial Services
Studio Legale Avv Tatiana Traini,42.8547682,13.5686807,point_of_interest,Professional/Commercial Services
Studio legale Avv. G. Senesi,42.8528336,13.5768053,point_of_interest,Professional/Commercial Services
Studio Legale Cataldi,42.85255139999999,13.5749918,lawyer,Professional/Commercial Services
Studio Legale e Tributario Luzi,42.8516237,13.5785242,point_of_interest,"Professional/Commercial Services, Finance"
Studio Minnetti,42.8577784,13.5828934,point_of_interest,"Professional/Commercial Services, Finance"
Studio Notarile Francesca Filauri,42.8550717,13.5790043,finance,Finance
Studio Oculistico Dr. Andrea Diotallevi,42.8528482,13.5871594,doctor,Health
Studio Odontoiatrico De Angelis,42.8505227,13.5868103,dentist,Health
Studio Soderini,42.85041349999999,13.5907058,accounting,Professional/Commercial Services
Studio Tecnico Agronomico del Dr. Agostino Agostini,42.857925,13.573501,point_of_interest,Professional/Commercial Services
Studio Tecnico De Paoli,42.8597267,13.5724011,local_government_office,"Government/Civic/Legal Services, Professional/Commercial Services"
Studio Tecnico di Consulenza e Progettazione,42.8503954,13.5755322,point_of_interest,"Professional/Commercial Services, Technical/Artisan/Repair Services"
STUDIO TECNICO Geom. Luigino Ciotti,42.85936609999999,13.5710431,point_of_interest,Professional/Commercial Services
Studio Tecnico Geom. Tilli Davide,42.859451,13.5829714,point_of_interest,Professional/Commercial Services
Studio Tributario Santucci Franco,42.8603876,13.6015237,point_of_interest,"Professional/Commercial Services, Finance"
"Suore Pie Operaie Dell Immacolata Concezione, Istituto Scolastico Comprensivo Paritario",42.856725,13.570602,museum,"Culture, Leisure"
Supercarni Santoni Davide,42.8599529,13.5691005,food,Food
SuperCoal,42.8568933,13.5658254,supermarket,"Food, Retail"
SuperCoal-Celani,42.8596568,13.5801634,grocery_or_supermarket,"Food, Retail"
Supermercato Tigre,42.856773,13.5759079,supermarket,"Food, Retail"
Supermercato Tigre Amico,42.85162749999999,13.5934573,supermarket,"Food, Retail"
Supermercato Tigre Amico,42.85280739999999,13.5868229,supermarket,"Food, Retail"
Sushi Daily Ascoli Piceno,42.8599391,13.5945428,meal_takeaway,Food
Synergie Teatrali,42.8475303,13.5668302,point_of_interest,"Culture, Entertainment, Leisure"
Tabaccheria Di Tiburtini Enzo,42.860496,13.5851746,point_of_interest,Retail
Tabaccheria e caffetteria LuNi TabaCaffè,42.85065180000001,13.5901784,point_of_interest,"Retail, Food, Leisure"
Tacchini Dr. Mario,42.8537216,13.5876003,doctor,Health
Tala lounge (All You Can Eat),42.8539933,13.5707851,restaurant,"Food, Leisure"
TAMA caffè CAFFETTERIA,42.855069,13.578,cafe,"Food, Leisure"
Tamoil,42.85446339999999,13.5878791,gas_station,"Automotive, Energy"
Tappezziere Oreste De Santis,42.855094,13.5791225,point_of_interest,"Technical/Artisan/Repair Services, Home Decor"
Taurus srl,42.8475803,13.5948329,point_of_interest,Professional/Commercial Services
TE 24/24,42.8541,13.5926,gas_station,"Automotive, Energy"
Teatro Romano,42.8537341,13.568769,tourist_attraction,"Culture, Entertainment, Travel, Leisure, Point of Interest"
TECHNOLOGY & FOREST DI STEFANIA MARTELLI,42.8563242,13.5722112,school,Kids
Tecnica Di Ambroso V. & C. Snc,42.858643,13.568814,point_of_interest,"Professional/Commercial Services, Technical/Artisan/Repair Services"
Tekufficio di Cameli e Paolini snc,42.8516108,13.5937582,electronics_store,"Tech, Home Appliances, Retail"
Ters Audio Works,42.8522855,13.5965917,point_of_interest,"Professional/Commercial Services, Entertainment, Culture"
The Coffy Way - Ascoli Piceno,42.8527743,13.5909085,cafe,"Food, Leisure"
"Tiny Club, Mixtures and Potions",42.8559993,13.574831,bar,"Food, Entertainment, Leisure"
Tirabbesciò,42.85410510000001,13.5752133,restaurant,"Food, Leisure"
Tofare( San Filippo),42.8499608,13.5978425,doctor,Health
Toma S.r.l.,42.8496811,13.5967394,shopping_mall,"Entertainment, Leisure, Retail"
Tonic Ascoli Piceno,42.85677979999999,13.5857853,gym,"Fitness, Health"
Top Security Guard,42.8497798,13.5745592,point_of_interest,Point of Interest
Torre degli Ercolani,42.8574668,13.5720102,tourist_attraction,"Culture, Entertainment, Travel, Leisure, Point of Interest"
Torre del Cucco,42.8514119,13.5697398,point_of_interest,Point of Interest
Torrente Castellano,42.8498124,13.5698248,tourist_attraction,"Culture, Entertainment, Travel, Leisure, Point of Interest"
Torri Gemelle,42.8553805,13.5730111,museum,"Culture, Leisure"
Traini Franco,42.8532974,13.5980176,gas_station,"Automotive, Energy"
Traini Giuseppe,42.859714,13.5725324,point_of_interest,Point of Interest
Traini M.A. & Eusebi M. Snc,42.8584516,13.5831295,point_of_interest,Professional/Commercial Services
Traslochi Di Roberto Sciamanna Tras,42.84949,13.5745,moving_company,Specific Services/Utilities
trasporto veloce esclusivo,42.8492209,13.5896269,car_rental,"Automotive, Travel"
Trattoria Del Pergolato,42.8541308,13.5942725,restaurant,"Food, Leisure"
TrendyMika | Abbigliamento Donna Ascoli Piceno,42.8547615,13.5755327,clothing_store,"Fashion, Retail"
Tuttobimbo Di Daniela Proietti,42.8538649,13.5799842,clothing_store,"Fashion, Retail"
Ubi Amor Di Bianchini Maria Pia,42.8552166,13.5793262,point_of_interest,"Retail, Fashion"
Ufficio Commercio,42.8529152,13.5768081,post_office,Government/Civic/Legal Services
Ufficio del Giudice di Pace di Ascoli Piceno,42.852539,13.5826711,courthouse,Government/Civic/Legal Services
Ufficio Postale Poste Italiane,42.858215,13.5694725,post_office,Government/Civic/Legal Services
Ufficio Postale Poste Italiane,42.8541997,13.5872108,post_office,Government/Civic/Legal Services
Ugl Unione Generale Del Lavoro,42.8537216,13.5876003,point_of_interest,Government/Civic/Legal Services
Under 13,42.8548919,13.5697626,clothing_store,"Fashion, Retail"
Undici Tintori,42.8545483,13.5836651,lodging,Travel
UniCredit,42.8543352,13.5876678,bank,Finance
Unione Montana del Tronto e Valfluvione,42.8495813,13.5701513,point_of_interest,Government/Civic/Legal Services
Unione Nazionale Mutilati Per Servizio,42.8615862,13.5900743,point_of_interest,"Health, Government/Civic/Legal Services"
UnipolSai Assicurazioni - De Santis E. & Del Bello F. Snc,42.8594318,13.5931982,insurance_agency,"Insurance, Finance"
UNITALSI,42.8526146,13.5780143,point_of_interest,"Travel, Health, Leisure"
Unitecnica Ascoli Piceno,42.8531548,13.5972276,store,Retail
United Colors of Benetton,42.8550174,13.5739276,clothing_store,"Fashion, Retail"
Università di Camerino Scuola di Architettura e Design - S Angelo Magno,42.8515859,13.5733351,university,"Culture, Kids"
Università Politecnica delle Marche - Corso SAI,42.8552277,13.5969968,university,"Culture, Kids"
Universita' Di Camerino,42.8517326,13.5724101,university,"Culture, Kids"
UPLEA,42.8576966,13.5934388,point_of_interest,"Culture, Leisure"
Upupa Design di Francesca Alessandrini,42.84915520000001,13.5843811,point_of_interest,"Professional/Commercial Services, Culture, Home Decor"
Urban Tribe,42.85506979999999,13.5759291,clothing_store,"Fashion, Retail"
Vademecum,42.8563227,13.5910551,point_of_interest,Point of Interest
VAFI Elettroimpianti,42.8580862,13.5644787,electrician,Technical/Artisan/Repair Services
Valentina Carradori,42.8581237,13.5645354,point_of_interest,Point of Interest
Valentina Virgili Psicologa,42.8569363,13.5653879,health,Health
Vallecupa- Villaggio Santa Marta,42.86054070000001,13.6017232,transit_station,"Travel, Automotive"
Vallozzi Maria Rita,42.8494389,13.5863621,grocery_or_supermarket,"Food, Retail"
Vannozzi Emanuele,42.85524119999999,13.5764169,bank,Finance
Velenosi Dr. Domenico,42.8566072,13.5746065,point_of_interest,Professional/Commercial Services
Ventura Gina,42.854698,13.5762616,clothing_store,"Fashion, Retail"
Ventura Mario,42.8514753,13.5904506,gas_station,"Automotive, Energy"
Verrocchio Assicurazioni snc,42.85793640000001,13.5824095,insurance_agency,"Insurance, Finance"
Via Bengasi Supermercato,42.8592935,13.5642589,transit_station,"Travel, Automotive"
Via Cellini - Porta Maggiore,42.8494174,13.5865231,transit_station,"Travel, Automotive"
Via Cola D'amatrice,42.8514417,13.5969402,transit_station,"Travel, Automotive"
Via Delle Rimembranze,42.8530851,13.5718577,transit_station,"Travel, Automotive"
Via E. Mari Sottopasso San Filippo,42.8493456,13.6005628,transit_station,"Travel, Automotive"
Via E.mari Sottopasso San Filippo,42.84939019999999,13.6006327,transit_station,"Travel, Automotive"
Via Esino-bivio Vallesenzana,42.85951379999999,13.5976519,transit_station,"Travel, Automotive"
Via Federici-farmacia,42.85988459999999,13.583791,transit_station,"Travel, Automotive"
Via Napoli - Scuola Elementare,42.8505179,13.5944244,transit_station,"Travel, Automotive"
Via Napoli-via Pastori,42.8502622,13.5837449,transit_station,"Travel, Automotive"
"Via Oberdan, n° 63",42.8535735,13.5644993,transit_station,"Travel, Automotive"
Via Perugia n. 2,42.849371,13.5926281,transit_station,"Travel, Automotive"
Via Pretoriana,42.8524245,13.575193,shopping_mall,"Entertainment, Leisure, Retail"
Via Rigante' - Bar Piceno,42.85986520000001,13.5719947,transit_station,"Travel, Automotive"
Via Verdi Mercato,42.8596679,13.5686216,transit_station,"Travel, Automotive"
Via Zeppelle-bivio Via Po,42.8608708,13.5859355,transit_station,"Travel, Automotive"
Via Zeppelle-casa Di Cura,42.8621136,13.5909907,transit_station,"Travel, Automotive"
Via Zeppelle-casa Di Cura Luciani,42.862094,13.5911418,transit_station,"Travel, Automotive"
Via Zeppelle-golden Art,42.8611736,13.5875761,transit_station,"Travel, Automotive"
Viale Federici S. Emidio Grotte,42.8604235,13.5762161,transit_station,"Travel, Automotive"
Viale Federici- S. Emidio Grotte,42.8603957,13.5756743,transit_station,"Travel, Automotive"
Viale Federici-farmacia,42.8600985,13.5839965,transit_station,"Travel, Automotive"
Viale Treveri Enel,42.85401239999999,13.5611049,transit_station,"Travel, Automotive"
Vidok,42.8570146,13.5757064,point_of_interest,Point of Interest
Villa Annunziata Rooms-B&B,42.85177599999999,13.5701577,lodging,Travel
Villa Gaia,42.8493445,13.5863318,supermarket,"Food, Retail"
Villa San Marco,42.849074,13.5882901,hospital,Health
Villa Stefania,42.8601165,13.5718005,point_of_interest,"Point of Interest, Travel"
Villaggio degli Ulivi,42.8506764,13.5719177,point_of_interest,"Travel, Point of Interest"
Villino Fiorella,42.86005119999999,13.5794414,point_of_interest,"Point of Interest, Travel"
Villino Mari,42.8541442,13.5824242,lodging,Travel
Vilu' Cosmetics Ex Cocci Grifoni,42.8542147,13.5843227,point_of_interest,"Beauty, Retail"
Vincè Fa La Carità a Lu Dome,42.853825,13.5782676,liquor_store,"Food, Retail"
Vitellozzi Assicurazioni,42.8573609,13.5930006,insurance_agency,"Insurance, Finance"
Volponi Dr. Maria Luisa,42.85212409999999,13.5774319,point_of_interest,Professional/Commercial Services
Wall Street English,42.8513653,13.5940533,point_of_interest,"Culture, Professional/Commercial Services"
Wallart Emotional,42.8530299,13.5599693,point_of_interest,"Home Decor, Interior Design, Culture, Technical/Artisan/Repair Services"
Webeing - Digital Agency | Agile Marketing | Sviluppo soluzioni web,42.85556039999999,13.5856297,point_of_interest,"Tech, Professional/Commercial Services"
Wedding music,42.8601586,13.5635309,point_of_interest,"Entertainment, Culture, Professional/Commercial Services"
Weekend Max Mara,42.8537,13.5763,clothing_store,"Fashion, Retail"
Yuma comunicazione,42.8491801,13.5913751,point_of_interest,Professional/Commercial Services
zaly home,42.85448100000001,13.586869,department_store,"Fashion, Home Decor, Home Appliances, Tech, Retail"
Zampini & Associati,42.8512622,13.5914751,point_of_interest,"Professional/Commercial Services, Finance"
Zeneat,42.8501407,13.5914752,restaurant,"Food, Leisure"
Zenzero,42.8562677,13.5758111,restaurant,"Food, Leisure"
Zero Store,42.8504455,13.591344,clothing_store,"Fashion, Retail"
Zincart,42.85208110000001,13.5750687,point_of_interest,Technical/Artisan/Repair Services
Zio Kinto,42.854595,13.5766662,bar,"Food, Entertainment, Leisure"
Zona Ventitre,42.8561255,13.5754795,clothing_store,"Fashion, Retail"
Zunica Dr. Roberto,42.859702,13.5703937,point_of_interest,Professional/Commercial Services