WKT;SVF;H_W;BLD_PC;IMPER_PC;PER_PC;H_MEAN;ROUG_CLASS;SURFACE_AL;ANTHROPOGE;LCZ;UHI risk
POLYGON ((13,57672 42,859757, 13,577087 42,859762, 13,577081 42,860032, 13,576714 42,860027, 13,57672 42,859757));0,683126726;5;0;27;73;3;5;185;12,5;B;Low
POLYGON ((13,576353 42,859753, 13,57672 42,859757, 13,576714 42,860027, 13,576347 42,860023, 13,576353 42,859753));0,67756961;469;0;0;100;7;6;185;12,5;B;Low
POLYGON ((13,575986 42,859748, 13,576353 42,859753, 13,576347 42,860023, 13,57598 42,860018, 13,575986 42,859748));0,564289319;15;0;4;96;7;6;185;12,5;B;Low
POLYGON ((13,575619 42,859744, 13,575986 42,859748, 13,57598 42,860018, 13,575613 42,860014, 13,575619 42,859744));0,323182479;1;0;0;100;16;7;185;12,5;A;Very Low
POLYGON ((13,575252 42,859739, 13,575619 42,859744, 13,575613 42,860014, 13,575246 42,860009, 13,575252 42,859739));0,367448877;819;0;0;100;12;7;185;12,5;A;Very Low
POLYGON ((13,574885 42,859735, 13,575252 42,859739, 13,575246 42,860009, 13,574879 42,860005, 13,574885 42,859735));0,39134841;726;0;0;100;11;7;185;12,5;B;Low
POLYGON ((13,574518 42,85973, 13,574885 42,859735, 13,574879 42,860005, 13,574511 42,86, 13,574518 42,85973));0,488184292;377;1;0;99;6;6;185;12,5;6;Medium-Low
POLYGON ((13,574151 42,859725, 13,574518 42,85973, 13,574511 42,86, 13,574144 42,859995, 13,574151 42,859725));0,640310811;263;0;0;100;4;5;185;12,5;B;Low
POLYGON ((13,573783 42,859721, 13,574151 42,859725, 13,574144 42,859995, 13,573777 42,859991, 13,573783 42,859721));0,560730669;10;6;1;93;5;6;185;12,5;3;Very High
POLYGON ((13,577094 42,859492, 13,577461 42,859496, 13,577455 42,859767, 13,577087 42,859762, 13,577094 42,859492));0,522505797;46;0;3;97;13;7;185;12,5;B;Low
POLYGON ((13,576727 42,859487, 13,577094 42,859492, 13,577087 42,859762, 13,57672 42,859757, 13,576727 42,859487));0,469286289;265;0;0;100;4;6;185;12,5;B;Low
POLYGON ((13,576359 42,859483, 13,576727 42,859487, 13,57672 42,859757, 13,576353 42,859753, 13,576359 42,859483));0,327787585;1;0;0;100;16;7;185;12,5;A;Very Low
POLYGON ((13,575992 42,859478, 13,576359 42,859483, 13,576353 42,859753, 13,575986 42,859748, 13,575992 42,859478));0,348039659;1;0;0;100;21;8;185;12,5;A;Very Low
POLYGON ((13,575625 42,859474, 13,575992 42,859478, 13,575986 42,859748, 13,575619 42,859744, 13,575625 42,859474));0,350542241;850;0;0;100;13;7;185;12,5;A;Very Low
POLYGON ((13,575258 42,859469, 13,575625 42,859474, 13,575619 42,859744, 13,575252 42,859739, 13,575258 42,859469));0,354522944;1;0;0;100;17;7;185;12,5;A;Very Low
POLYGON ((13,574891 42,859464, 13,575258 42,859469, 13,575252 42,859739, 13,574885 42,859735, 13,574891 42,859464));0,366282133;875;0;0;100;13;7;185;12,5;A;Very Low
POLYGON ((13,574524 42,85946, 13,574891 42,859464, 13,574885 42,859735, 13,574518 42,85973, 13,574524 42,85946));0,382884112;555;0;0;100;8;6;185;12,5;B;Low
POLYGON ((13,574157 42,859455, 13,574524 42,85946, 13,574518 42,85973, 13,574151 42,859725, 13,574157 42,859455));0,433113435;815;0;0;100;12;7;185;12,5;B;Low
POLYGON ((13,57379 42,859451, 13,574157 42,859455, 13,574151 42,859725, 13,573783 42,859721, 13,57379 42,859451));0;556;0;0;100;8;6;185;12,5;B;Low
POLYGON ((13,573423 42,859446, 13,57379 42,859451, 13,573783 42,859721, 13,573416 42,859716, 13,573423 42,859446));0,600551654;40;19;7;74;4;6;185;12,5;9;Low
POLYGON ((13,573055 42,859442, 13,573423 42,859446, 13,573416 42,859716, 13,573049 42,859712, 13,573055 42,859442));0,597787781;16;16;17;67;5;6;185;12,5;9;Low
POLYGON ((13,577467 42,859226, 13,577834 42,859231, 13,577828 42,859501, 13,577461 42,859496, 13,577467 42,859226));0,48672985;22;10;33;57;9;6;185;12,5;6;Medium-Low
POLYGON ((13,5771 42,859222, 13,577467 42,859226, 13,577461 42,859496, 13,577094 42,859492, 13,5771 42,859222));0,441244309;564;0;0;100;8;6;185;12,5;B;Low
POLYGON ((13,577467 42,859226, 13,577473 42,858956, 13,57784 42,858961, 13,577834 42,859231, 13,577467 42,859226));0,498866898;10;0;5;95;11;7;185;12,5;A;Very Low
POLYGON ((13,576733 42,859217, 13,5771 42,859222, 13,577094 42,859492, 13,576727 42,859487, 13,576733 42,859217));0,401654615;2;0;0;100;28;8;185;12,5;A;Very Low
POLYGON ((13,576366 42,859213, 13,576733 42,859217, 13,576727 42,859487, 13,576359 42,859483, 13,576366 42,859213));0,387391222;2;0;0;100;30;8;185;12,5;A;Very Low
POLYGON ((13,575999 42,859208, 13,576366 42,859213, 13,576359 42,859483, 13,575992 42,859478, 13,575999 42,859208));0,501753175;1,54;0;0;100;23;8;185;12,5;A;Very Low
POLYGON ((13,575631 42,859204, 13,575999 42,859208, 13,575992 42,859478, 13,575625 42,859474, 13,575631 42,859204));0,574511818;8;4;4;92;7;6;185;12,5;3;Very High
POLYGON ((13,575264 42,859199, 13,575631 42,859204, 13,575625 42,859474, 13,575258 42,859469, 13,575264 42,859199));0,479698851;23;0;2;98;10;7;185;12,5;A;Very Low
POLYGON ((13,574897 42,859194, 13,575264 42,859199, 13,575258 42,859469, 13,574891 42,859464, 13,574897 42,859194));0,491288243;1;0;0;100;16;7;185;12,5;A;Very Low
POLYGON ((13,57453 42,85919, 13,574897 42,859194, 13,574891 42,859464, 13,574524 42,85946, 13,57453 42,85919));0,400914988;609;0;0;100;9;6;185;12,5;B;Low
POLYGON ((13,574163 42,859185, 13,57453 42,85919, 13,574524 42,85946, 13,574157 42,859455, 13,574163 42,859185));0,470485324;13;0;0;100;12;7;185;12,5;A;Very Low
POLYGON ((13,573796 42,859181, 13,574163 42,859185, 13,574157 42,859455, 13,57379 42,859451, 13,573796 42,859181));0,48073017;1;0;0;100;16;7;0,15;0;A;Very Low
POLYGON ((13,573429 42,859176, 13,573796 42,859181, 13,57379 42,859451, 13,573423 42,859446, 13,573429 42,859176));0,574330728;699;0;0;100;10;7;185;12,5;B;Low
POLYGON ((13,573062 42,859172, 13,573429 42,859176, 13,573423 42,859446, 13,573055 42,859442, 13,573062 42,859172));0,635848666;273;0;0;100;4;6;185;12,5;B;Low
POLYGON ((13,572695 42,859167, 13,573062 42,859172, 13,573055 42,859442, 13,572688 42,859437, 13,572695 42,859167));0,69803907;294;0;0;100;4;6;185;12,5;B;Low
POLYGON ((13,572328 42,859162, 13,572695 42,859167, 13,572688 42,859437, 13,572321 42,859432, 13,572328 42,859162));0,608152641;27;0;0;100;4;6;185;12,5;B;Low
POLYGON ((13,577106 42,858952, 13,577473 42,858956, 13,577467 42,859226, 13,5771 42,859222, 13,577106 42,858952));0,385049142;1;0;0;100;15;7;185;12,5;A;Very Low
POLYGON ((13,576739 42,858947, 13,577106 42,858952, 13,5771 42,859222, 13,576733 42,859217, 13,576739 42,858947));0,368671006;1;0;0;100;22;8;185;12,5;A;Very Low
POLYGON ((13,576372 42,858943, 13,576739 42,858947, 13,576733 42,859217, 13,576366 42,859213, 13,576372 42,858943));0,574969687;693;0;0;100;10;7;185;12,5;B;Low
POLYGON ((13,576005 42,858938, 13,576372 42,858943, 13,576366 42,859213, 13,575999 42,859208, 13,576005 42,858938));0,661708593;157;0;0;100;2;5;185;12,5;B;Low
POLYGON ((13,575638 42,858933, 13,576005 42,858938, 13,575999 42,859208, 13,575631 42,859204, 13,575638 42,858933));0,59228147;322;13;0;87;5;6;185;12,5;6;Medium-Low
POLYGON ((13,575271 42,858929, 13,575638 42,858933, 13,575631 42,859204, 13,575264 42,859199, 13,575271 42,858929));0,763478163;8;0;30;70;3;5;185;12,5;B;Low
POLYGON ((13,574903 42,858924, 13,575271 42,858929, 13,575264 42,859199, 13,574897 42,859194, 13,574903 42,858924));0,739597208;461;20;36;44;4;5;185;12,5;6;Medium-Low
POLYGON ((13,574536 42,85892, 13,574903 42,858924, 13,574897 42,859194, 13,57453 42,85919, 13,574536 42,85892));0,634715212;20;14;26;60;4;5;185;12,5;6;Medium-Low
POLYGON ((13,574169 42,858915, 13,574536 42,85892, 13,57453 42,85919, 13,574163 42,859185, 13,574169 42,858915));0,617996502;15;23;1;76;5;5;185;12,5;6;Medium-Low
POLYGON ((13,573802 42,858911, 13,574169 42,858915, 13,574163 42,859185, 13,573796 42,859181, 13,573802 42,858911));0,544529851;458;0;0;100;7;6;0,15;0;B;Low
POLYGON ((13,573435 42,858906, 13,573802 42,858911, 13,573796 42,859181, 13,573429 42,859176, 13,573435 42,858906));0,504814577;710;0;0;100;11;7;185;12,5;B;Low
POLYGON ((13,573068 42,858901, 13,573435 42,858906, 13,573429 42,859176, 13,573062 42,859172, 13,573068 42,858901));0,452444897;25;0;0;100;11;7;185;12,5;A;Very Low
POLYGON ((13,572701 42,858897, 13,573068 42,858901, 13,573062 42,859172, 13,572695 42,859167, 13,572701 42,858897));0,50423705;559;0;0;100;8;6;185;12,5;B;Low
POLYGON ((13,572334 42,858892, 13,572701 42,858897, 13,572695 42,859167, 13,572328 42,859162, 13,572334 42,858892));0,568617576;306;0;0;100;5;6;185;12,5;B;Low
POLYGON ((13,571967 42,858888, 13,572334 42,858892, 13,572328 42,859162, 13,57196 42,859158, 13,571967 42,858888));0,490791808;426;16;0;84;6;6;185;12,5;6;Medium-Low
POLYGON ((13,5716 42,858883, 13,571967 42,858888, 13,57196 42,859158, 13,571593 42,859153, 13,5716 42,858883));0,535445623;21;73;10;17;8;6;0,15;37,5;3;Very High
POLYGON ((13,577112 42,858682, 13,577479 42,858686, 13,577473 42,858956, 13,577106 42,858952, 13,577112 42,858682));0,469592657;951;0;0;100;14;7;185;12,5;B;Low
POLYGON ((13,576745 42,858677, 13,577112 42,858682, 13,577106 42,858952, 13,576739 42,858947, 13,576745 42,858677));0,530194587;798;0;0;100;12;7;185;12,5;B;Low
POLYGON ((13,577112 42,858682, 13,577118 42,858412, 13,577486 42,858416, 13,577479 42,858686, 13,577112 42,858682));0,546350951;509;0;0;100;8;6;185;12,5;B;Low
POLYGON ((13,576378 42,858673, 13,576745 42,858677, 13,576739 42,858947, 13,576372 42,858943, 13,576378 42,858673));0,587587549;630;0;0;100;9;6;185;12,5;B;Low
POLYGON ((13,576745 42,858677, 13,576751 42,858407, 13,577118 42,858412, 13,577112 42,858682, 13,576745 42,858677));0,574920778;326;0;0;100;5;6;185;12,5;B;Low
POLYGON ((13,576011 42,858668, 13,576378 42,858673, 13,576372 42,858943, 13,576005 42,858938, 13,576011 42,858668));0,579233465;558;0;0;100;8;6;185;12,5;B;Low
POLYGON ((13,576378 42,858673, 13,576384 42,858402, 13,576751 42,858407, 13,576745 42,858677, 13,576378 42,858673));0,566987658;330;0;0;100;5;6;185;12,5;B;Low
POLYGON ((13,575644 42,858663, 13,576011 42,858668, 13,576005 42,858938, 13,575638 42,858933, 13,575644 42,858663));0,485930533;491;0;0;100;7;6;185;12,5;B;Low
POLYGON ((13,575277 42,858659, 13,575644 42,858663, 13,575638 42,858933, 13,575271 42,858929, 13,575277 42,858659));0,662776412;8;0;3;97;4;5;185;12,5;B;Low
POLYGON ((13,57491 42,858654, 13,575277 42,858659, 13,575271 42,858929, 13,574903 42,858924, 13,57491 42,858654));0,733375406;7;19;39;42;4;5;185;12,5;6;Medium-Low
POLYGON ((13,574543 42,85865, 13,57491 42,858654, 13,574903 42,858924, 13,574536 42,85892, 13,574543 42,85865));0,54396008;37;57;21;22;7;6;185;12,5;3;Very High
POLYGON ((13,574175 42,858645, 13,574543 42,85865, 13,574536 42,85892, 13,574169 42,858915, 13,574175 42,858645));0,651420562;993;11;37;52;4;6;185;12,5;6;Medium-Low
POLYGON ((13,573808 42,858641, 13,574175 42,858645, 13,574169 42,858915, 13,573802 42,858911, 13,573808 42,858641));0,464043774;401;0;0;100;6;6;0,15;0;B;Low
POLYGON ((13,573441 42,858636, 13,573808 42,858641, 13,573802 42,858911, 13,573435 42,858906, 13,573441 42,858636));0,619267966;445;0;0;100;7;6;185;12,5;B;Low
POLYGON ((13,573074 42,858631, 13,573441 42,858636, 13,573435 42,858906, 13,573068 42,858901, 13,573074 42,858631));0,517410969;838;0;0;100;13;7;185;12,5;B;Low
POLYGON ((13,572707 42,858627, 13,573074 42,858631, 13,573068 42,858901, 13,572701 42,858897, 13,572707 42,858627));0,583333661;503;0;0;100;8;6;185;12,5;B;Low
POLYGON ((13,57234 42,858622, 13,572707 42,858627, 13,572701 42,858897, 13,572334 42,858892, 13,57234 42,858622));0,579193985;1,2;0;0;100;18;7;185;12,5;A;Very Low
POLYGON ((13,571973 42,858618, 13,57234 42,858622, 13,572334 42,858892, 13,571967 42,858888, 13,571973 42,858618));0,516811826;356;0;0;100;5;6;185;12,5;B;Low
POLYGON ((13,571606 42,858613, 13,571973 42,858618, 13,571967 42,858888, 13,5716 42,858883, 13,571606 42,858613));0,606089566;25;16;29;55;5;6;185;12,5;6;Medium-Low
POLYGON ((13,571239 42,858608, 13,571606 42,858613, 13,5716 42,858883, 13,571232 42,858879, 13,571239 42,858608));0,480949441;12;48;8;44;7;6;0,15;37,5;3;Very High
POLYGON ((13,576017 42,858398, 13,576384 42,858402, 13,576378 42,858673, 13,576011 42,858668, 13,576017 42,858398));0,463587814;9;0;3;97;8;6;185;12,5;B;Low
POLYGON ((13,57565 42,858393, 13,576017 42,858398, 13,576011 42,858668, 13,575644 42,858663, 13,57565 42,858393));0,526223282;3;0;4;96;8;6;185;12,5;B;Low
POLYGON ((13,575283 42,858389, 13,57565 42,858393, 13,575644 42,858663, 13,575277 42,858659, 13,575283 42,858389));0,48811762;408;0;0;100;6;6;185;12,5;B;Low
POLYGON ((13,574916 42,858384, 13,575283 42,858389, 13,575277 42,858659, 13,57491 42,858654, 13,574916 42,858384));0,62522694;323;0;0;100;5;6;185;12,5;B;Low
POLYGON ((13,574549 42,85838, 13,574916 42,858384, 13,57491 42,858654, 13,574543 42,85865, 13,574549 42,85838));0,64337158;5;9;2;89;3;5;185;12,5;7;High
POLYGON ((13,574182 42,858375, 13,574549 42,85838, 13,574543 42,85865, 13,574175 42,858645, 13,574182 42,858375));0,562871155;3;35;35;30;6;6;185;12,5;6;Medium-Low
POLYGON ((13,573815 42,85837, 13,574182 42,858375, 13,574175 42,858645, 13,573808 42,858641, 13,573815 42,85837));0,589826945;69;9;30;61;5;6;0,15;37,5;3;Very High
POLYGON ((13,573447 42,858366, 13,573815 42,85837, 13,573808 42,858641, 13,573441 42,858636, 13,573447 42,858366));0,633290132;8;11;46;43;5;6;0,15;37,5;6;Medium-Low
POLYGON ((13,57308 42,858361, 13,573447 42,858366, 13,573441 42,858636, 13,573074 42,858631, 13,57308 42,858361));0,658349164;13;14;31;55;5;6;0,15;37,5;6;Medium-Low
POLYGON ((13,572713 42,858357, 13,57308 42,858361, 13,573074 42,858631, 13,572707 42,858627, 13,572713 42,858357));0,683413415;42,63;0;23;77;4;6;0,15;37,5;B;Low
POLYGON ((13,572346 42,858352, 13,572713 42,858357, 13,572707 42,858627, 13,57234 42,858622, 13,572346 42,858352));0,651142253;7;0;2;98;10;7;185;12,5;B;Low
POLYGON ((13,571979 42,858348, 13,572346 42,858352, 13,57234 42,858622, 13,571973 42,858618, 13,571979 42,858348));0,44133841;61;0;5;95;9;6;185;12,5;B;Low
POLYGON ((13,571612 42,858343, 13,571979 42,858348, 13,571973 42,858618, 13,571606 42,858613, 13,571612 42,858343));0,519857735;5;0;27;73;6;6;185;12,5;B;Low
POLYGON ((13,571245 42,858338, 13,571612 42,858343, 13,571606 42,858613, 13,571239 42,858608, 13,571245 42,858338));0,48614506;397;0;0;100;6;6;0,15;0;B;Low
POLYGON ((13,570878 42,858334, 13,571245 42,858338, 13,571239 42,858608, 13,570872 42,858604, 13,570878 42,858334));0,517330991;461;14;0;86;7;6;0,15;0;8;High
POLYGON ((13,570511 42,858329, 13,570878 42,858334, 13,570872 42,858604, 13,570504 42,858599, 13,570511 42,858329));0,42147902;7;40;1;59;9;6;0,15;0;3;Very High
POLYGON ((13,576023 42,858128, 13,57639 42,858132, 13,576384 42,858402, 13,576017 42,858398, 13,576023 42,858128));0,694234938;1,66;0;12;88;7;6;185;12,5;B;Low
POLYGON ((13,575656 42,858123, 13,576023 42,858128, 13,576017 42,858398, 13,57565 42,858393, 13,575656 42,858123));0,576267627;661;0;0;100;10;7;185;12,5;B;Low
POLYGON ((13,575289 42,858119, 13,575656 42,858123, 13,57565 42,858393, 13,575283 42,858389, 13,575289 42,858119));0,382801789;1,06;0;0;100;16;7;185;12,5;A;Very Low
POLYGON ((13,574922 42,858114, 13,575289 42,858119, 13,575283 42,858389, 13,574916 42,858384, 13,574922 42,858114));0,343223286;1;0;0;100;18;7;185;12,5;A;Very Low
POLYGON ((13,574555 42,85811, 13,574922 42,858114, 13,574916 42,858384, 13,574549 42,85838, 13,574555 42,85811));0,710240781;351;0;0;100;5;6;185;12,5;B;Low
POLYGON ((13,574188 42,858105, 13,574555 42,85811, 13,574549 42,85838, 13,574182 42,858375, 13,574188 42,858105));0,607892909;14;20;2;78;4;5;0,15;37,5;8;High
POLYGON ((13,573821 42,8581, 13,574188 42,858105, 13,574182 42,858375, 13,573815 42,85837, 13,573821 42,8581));0,605367266;30;37;31;32;4;6;0,15;37,5;6;Medium-Low
POLYGON ((13,573454 42,858096, 13,573821 42,8581, 13,573815 42,85837, 13,573447 42,858366, 13,573454 42,858096));0,534266343;7;56;40;4;9;6;0,15;37,5;3;Very High
POLYGON ((13,573087 42,858091, 13,573454 42,858096, 13,573447 42,858366, 13,57308 42,858361, 13,573087 42,858091));0,167988531;561;89;0;11;8;6;0,15;37,5;3;Very High
POLYGON ((13,572719 42,858087, 13,573087 42,858091, 13,57308 42,858361, 13,572713 42,858357, 13,572719 42,858087));0,550193843;3,92;83;6;11;7;6;0,15;37,5;3;Very High
POLYGON ((13,572352 42,858082, 13,572719 42,858087, 13,572713 42,858357, 13,572346 42,858352, 13,572352 42,858082));0,583140309;4;31;50;19;8;6;0,15;37,5;3;Very High
POLYGON ((13,571985 42,858078, 13,572352 42,858082, 13,572346 42,858352, 13,571979 42,858348, 13,571985 42,858078));0,553659733;19;32;51;17;7;6;185;12,5;3;Very High
POLYGON ((13,571618 42,858073, 13,571985 42,858078, 13,571979 42,858348, 13,571612 42,858343, 13,571618 42,858073));0,47054845;23;12;8;80;10;7;185;12,5;9;Low
POLYGON ((13,571251 42,858068, 13,571618 42,858073, 13,571612 42,858343, 13,571245 42,858338, 13,571251 42,858068));0,455363571;1;0;0;100;15;7;0,15;0;A;Very Low
POLYGON ((13,570884 42,858064, 13,571251 42,858068, 13,571245 42,858338, 13,570878 42,858334, 13,570884 42,858064));0,415346441;888;0;0;100;13;7;0,15;0;B;Low
POLYGON ((13,570517 42,858059, 13,570884 42,858064, 13,570878 42,858334, 13,570511 42,858329, 13,570517 42,858059));0,429157926;524;0;0;100;8;6;0,15;0;B;Low
POLYGON ((13,57015 42,858055, 13,570517 42,858059, 13,570511 42,858329, 13,570144 42,858325, 13,57015 42,858055));0,469880792;4;13;0;87;6;6;0,15;0;8;High
POLYGON ((13,569783 42,85805, 13,57015 42,858055, 13,570144 42,858325, 13,569776 42,85832, 13,569783 42,85805));0,485529394;80;62;12;26;8;6;185;12,5;3;Very High
POLYGON ((13,576397 42,857862, 13,576764 42,857867, 13,576758 42,858137, 13,57639 42,858132, 13,576397 42,857862));0,671291489;2;5;15;80;4;6;185;12,5;6;Medium-Low
POLYGON ((13,57603 42,857858, 13,576397 42,857862, 13,57639 42,858132, 13,576023 42,858128, 13,57603 42,857858));0,686390147;9;0;16;84;2;5;185;12,5;B;Low
POLYGON ((13,575662 42,857853, 13,57603 42,857858, 13,576023 42,858128, 13,575656 42,858123, 13,575662 42,857853));0,489382487;713;0;0;100;11;7;185;12,5;B;Low
POLYGON ((13,575295 42,857849, 13,575662 42,857853, 13,575656 42,858123, 13,575289 42,858119, 13,575295 42,857849));0,538164301;22;0;4;96;10;7;185;12,5;B;Low
POLYGON ((13,574928 42,857844, 13,575295 42,857849, 13,575289 42,858119, 13,574922 42,858114, 13,574928 42,857844));0,495480469;21;0;8;92;9;7;185;12,5;A;Very Low
POLYGON ((13,574561 42,857839, 13,574928 42,857844, 13,574922 42,858114, 13,574555 42,85811, 13,574561 42,857839));0,707826747;452;0;0;100;7;6;185;12,5;B;Low
POLYGON ((13,574194 42,857835, 13,574561 42,857839, 13,574555 42,85811, 13,574188 42,858105, 13,574194 42,857835));0,573585054;638;33;0;67;10;7;0,15;37,5;4;Medium
POLYGON ((13,573827 42,85783, 13,574194 42,857835, 13,574188 42,858105, 13,573821 42,8581, 13,573827 42,85783));0,514453834;5;53;19;28;10;7;0,15;37,5;2;Very High
POLYGON ((13,57346 42,857826, 13,573827 42,85783, 13,573821 42,8581, 13,573454 42,858096, 13,57346 42,857826));0,476498357;3;44;53;3;11;7;0,15;37,5;2;Very High
POLYGON ((13,573093 42,857821, 13,57346 42,857826, 13,573454 42,858096, 13,573087 42,858091, 13,573093 42,857821));0,156621147;673;99;0;1;10;7;0,15;37,5;2;Very High
POLYGON ((13,572726 42,857817, 13,573093 42,857821, 13,573087 42,858091, 13,572719 42,858087, 13,572726 42,857817));0,214299414;21;91;6;3;7;6;0,15;37,5;3;Very High
POLYGON ((13,572359 42,857812, 13,572726 42,857817, 13,572719 42,858087, 13,572352 42,858082, 13,572359 42,857812));0,511046538;8;63;1;36;7;6;0,15;37,5;3;Very High
POLYGON ((13,571992 42,857807, 13,572359 42,857812, 13,572352 42,858082, 13,571985 42,858078, 13,571992 42,857807));0,65628452;3;11;21;68;3;5;185;12,5;6;Medium-Low
POLYGON ((13,571624 42,857803, 13,571992 42,857807, 13,571985 42,858078, 13,571618 42,858073, 13,571624 42,857803));0,517378354;45;13;32;55;6;6;185;12,5;6;Medium-Low
POLYGON ((13,571257 42,857798, 13,571624 42,857803, 13,571618 42,858073, 13,571251 42,858068, 13,571257 42,857798));0,554389276;1;2;14;84;7;6;0,15;0;3;Very High
POLYGON ((13,57089 42,857794, 13,571257 42,857798, 13,571251 42,858068, 13,570884 42,858064, 13,57089 42,857794));0,447914567;6;0;0;100;8;6;0,15;0;B;Low
POLYGON ((13,570523 42,857789, 13,57089 42,857794, 13,570884 42,858064, 13,570517 42,858059, 13,570523 42,857789));0,439532845;825;0;0;100;12;7;0,15;0;B;Low
POLYGON ((13,570156 42,857785, 13,570523 42,857789, 13,570517 42,858059, 13,57015 42,858055, 13,570156 42,857785));0,303025331;7;0;0;100;13;7;0,15;0;A;Very Low
POLYGON ((13,569789 42,85778, 13,570156 42,857785, 13,57015 42,858055, 13,569783 42,85805, 13,569789 42,85778));0,577940164;889;1;0;99;13;7;185;12,5;2;Very High
POLYGON ((13,569422 42,857775, 13,569789 42,85778, 13,569783 42,85805, 13,569416 42,858045, 13,569422 42,857775));0,561101366;2,57;5;0;95;5;6;185;12,5;3;Very High
POLYGON ((13,580074 42,857638, 13,580441 42,857642, 13,580435 42,857912, 13,580068 42,857908, 13,580074 42,857638));0,409923644;7;0;21;79;12;7;185;12,5;A;Very Low
POLYGON ((13,579707 42,857633, 13,580074 42,857638, 13,580068 42,857908, 13,579701 42,857903, 13,579707 42,857633));0,474641033;13;0;22;78;7;6;185;12,5;B;Low
POLYGON ((13,57934 42,857629, 13,579707 42,857633, 13,579701 42,857903, 13,579333 42,857899, 13,57934 42,857629));0,502928954;4;0;9;91;7;6;185;12,5;B;Low
POLYGON ((13,578973 42,857624, 13,57934 42,857629, 13,579333 42,857899, 13,578966 42,857894, 13,578973 42,857624));0,641230592;21;0;64;36;8;6;185;12,5;B;Low
POLYGON ((13,578605 42,85762, 13,578973 42,857624, 13,578966 42,857894, 13,578599 42,85789, 13,578605 42,85762));0,465470705;29;0;1;99;6;6;185;12,5;B;Low
POLYGON ((13,578238 42,857615, 13,578605 42,85762, 13,578599 42,85789, 13,578232 42,857885, 13,578238 42,857615));0,819746196;449;0;0;100;7;6;0,15;37,5;B;Low
POLYGON ((13,577871 42,85761, 13,578238 42,857615, 13,578232 42,857885, 13,577865 42,857881, 13,577871 42,85761));0,548220277;251;0;0;100;4;5;185;12,5;B;Low
POLYGON ((13,577504 42,857606, 13,577871 42,85761, 13,577865 42,857881, 13,577498 42,857876, 13,577504 42,857606));0,569204027;354;0;0;100;5;6;185;12,5;B;Low
POLYGON ((13,577137 42,857601, 13,577504 42,857606, 13,577498 42,857876, 13,577131 42,857871, 13,577137 42,857601));0,595659178;181;0;0;100;3;5;185;12,5;B;Low
POLYGON ((13,57677 42,857597, 13,577137 42,857601, 13,577131 42,857871, 13,576764 42,857867, 13,57677 42,857597));0,558079234;335;0;0;100;5;6;185;12,5;B;Low
POLYGON ((13,576403 42,857592, 13,57677 42,857597, 13,576764 42,857867, 13,576397 42,857862, 13,576403 42,857592));0,573965798;195;0;0;100;3;5;185;12,5;B;Low
POLYGON ((13,576036 42,857588, 13,576403 42,857592, 13,576397 42,857862, 13,57603 42,857858, 13,576036 42,857588));0,579975611;14;0;17;83;7;6;185;12,5;B;Low
POLYGON ((13,575669 42,857583, 13,576036 42,857588, 13,57603 42,857858, 13,575662 42,857853, 13,575669 42,857583));0,45024015;152;0;9;91;15;7;185;12,5;A;Very Low
POLYGON ((13,575302 42,857579, 13,575669 42,857583, 13,575662 42,857853, 13,575295 42,857849, 13,575302 42,857579));0,542468678;14;0;0;100;13;7;185;12,5;B;Low
POLYGON ((13,574934 42,857574, 13,575302 42,857579, 13,575295 42,857849, 13,574928 42,857844, 13,574934 42,857574));0,565819282;8;0;8;92;7;6;0,15;37,5;B;Low
POLYGON ((13,574567 42,857569, 13,574934 42,857574, 13,574928 42,857844, 13,574561 42,857839, 13,574567 42,857569));0,588274783;309;9;0;91;5;6;0,15;37,5;3;Very High
POLYGON ((13,5742 42,857565, 13,574567 42,857569, 13,574561 42,857839, 13,574194 42,857835, 13,5742 42,857565));0,433659747;24;94;3;3;11;7;0,15;37,5;2;Very High
POLYGON ((13,573833 42,85756, 13,5742 42,857565, 13,574194 42,857835, 13,573827 42,85783, 13,573833 42,85756));0,581901609;1;32;46;22;8;6;0,15;37,5;3;Very High
POLYGON ((13,573466 42,857556, 13,573833 42,85756, 13,573827 42,85783, 13,57346 42,857826, 13,573466 42,857556));0,666850671;18;12;86;2;7;6;0,15;37,5;3;Very High
POLYGON ((13,573099 42,857551, 13,573466 42,857556, 13,57346 42,857826, 13,573093 42,857821, 13,573099 42,857551));0,471713665;16;86;1;13;10;7;0,15;37,5;3;Very High
POLYGON ((13,572732 42,857547, 13,573099 42,857551, 13,573093 42,857821, 13,572726 42,857817, 13,572732 42,857547));0,263636462;5;90;4;6;10;7;0,15;37,5;2;Very High
POLYGON ((13,572365 42,857542, 13,572732 42,857547, 13,572726 42,857817, 13,572359 42,857812, 13,572365 42,857542));0,44885673;36;74;2;24;9;6;0,15;37,5;3;Very High
POLYGON ((13,571998 42,857537, 13,572365 42,857542, 13,572359 42,857812, 13,571992 42,857807, 13,571998 42,857537));0,525957799;25;64;8;28;7;6;0,15;37,5;3;Very High
POLYGON ((13,571631 42,857533, 13,571998 42,857537, 13,571992 42,857807, 13,571624 42,857803, 13,571631 42,857533));0,401120877;1;52;24;24;8;6;185;12,5;3;Very High
POLYGON ((13,571264 42,857528, 13,571631 42,857533, 13,571624 42,857803, 13,571257 42,857798, 13,571264 42,857528));0,586204102;32;6;5;89;5;6;185;12,5;3;Very High
POLYGON ((13,570896 42,857524, 13,571264 42,857528, 13,571257 42,857798, 13,57089 42,857794, 13,570896 42,857524));0,636736013;3;1;17;82;2;5;185;12,5;7;High
POLYGON ((13,570529 42,857519, 13,570896 42,857524, 13,57089 42,857794, 13,570523 42,857789, 13,570529 42,857519));0,369319366;790;0;0;100;12;7;0,15;0;A;Very Low
POLYGON ((13,570162 42,857514, 13,570529 42,857519, 13,570523 42,857789, 13,570156 42,857785, 13,570162 42,857514));0,26364839;976;0;0;100;15;7;185;12,5;A;Very Low
POLYGON ((13,569795 42,85751, 13,570162 42,857514, 13,570156 42,857785, 13,569789 42,85778, 13,569795 42,85751));0,406480032;843;0;0;100;13;7;185;12,5;B;Low
POLYGON ((13,569428 42,857505, 13,569795 42,85751, 13,569789 42,85778, 13,569422 42,857775, 13,569428 42,857505));0,407298316;1;0;0;100;16;7;185;12,5;A;Very Low
POLYGON ((13,569061 42,857501, 13,569428 42,857505, 13,569422 42,857775, 13,569055 42,857771, 13,569061 42,857501));0;929;0;0;100;14;7;185;12,5;A;Very Low
POLYGON ((13,568694 42,857496, 13,569061 42,857501, 13,569055 42,857771, 13,568688 42,857766, 13,568694 42,857496));0,521317825;23;28;2;70;9;7;185;12,5;4;Medium
POLYGON ((13,583017 42,857404, 13,583384 42,857409, 13,583378 42,857679, 13,583011 42,857674, 13,583017 42,857404));0,543775594;79;23;38;39;8;6;185;12,5;6;Medium-Low
POLYGON ((13,58265 42,8574, 13,583017 42,857404, 13,583011 42,857674, 13,582643 42,85767, 13,58265 42,8574));0,551958499;24;38;16;46;5;6;185;12,5;6;Medium-Low
POLYGON ((13,582283 42,857395, 13,58265 42,8574, 13,582643 42,85767, 13,582276 42,857665, 13,582283 42,857395));0,483789816;3;43;17;40;6;6;185;12,5;3;Very High
POLYGON ((13,581915 42,857391, 13,582283 42,857395, 13,582276 42,857665, 13,581909 42,857661, 13,581915 42,857391));0,456772519;27;12;19;69;5;6;0,15;0;8;High
POLYGON ((13,581548 42,857386, 13,581915 42,857391, 13,581909 42,857661, 13,581542 42,857656, 13,581548 42,857386));0,515864924;5;2;14;84;3;5;185;12,5;7;High
POLYGON ((13,581181 42,857381, 13,581548 42,857386, 13,581542 42,857656, 13,581175 42,857652, 13,581181 42,857381));0,472817557;10;0;11;89;6;6;185;12,5;B;Low
POLYGON ((13,580814 42,857377, 13,581181 42,857381, 13,581175 42,857652, 13,580808 42,857647, 13,580814 42,857377));0,502221529;86;0;2;98;9;6;185;12,5;B;Low
POLYGON ((13,580447 42,857372, 13,580814 42,857377, 13,580808 42,857647, 13,580441 42,857642, 13,580447 42,857372));0,532831335;38;0;0;100;11;7;185;12,5;B;Low
POLYGON ((13,58008 42,857368, 13,580447 42,857372, 13,580441 42,857642, 13,580074 42,857638, 13,58008 42,857368));0,508517219;928;0;0;100;14;7;0,15;0;B;Low
POLYGON ((13,579713 42,857363, 13,58008 42,857368, 13,580074 42,857638, 13,579707 42,857633, 13,579713 42,857363));0,526825236;32;0;20;80;5;6;185;12,5;B;Low
POLYGON ((13,579346 42,857359, 13,579713 42,857363, 13,579707 42,857633, 13,57934 42,857629, 13,579346 42,857359));0,46915667;48;0;4;96;10;7;185;12,5;A;Very Low
POLYGON ((13,578979 42,857354, 13,579346 42,857359, 13,57934 42,857629, 13,578973 42,857624, 13,578979 42,857354));0,627818175;17;0;57;43;7;6;185;12,5;B;Low
POLYGON ((13,578612 42,85735, 13,578979 42,857354, 13,578973 42,857624, 13,578605 42,85762, 13,578612 42,85735));0,333845724;53;0;3;97;15;7;185;12,5;A;Very Low
POLYGON ((13,578245 42,857345, 13,578612 42,85735, 13,578605 42,85762, 13,578238 42,857615, 13,578245 42,857345));0,480223179;537;0;0;100;8;6;185;12,5;B;Low
POLYGON ((13,577877 42,85734, 13,578245 42,857345, 13,578238 42,857615, 13,577871 42,85761, 13,577877 42,85734));0,4739446;582;0;0;100;9;6;185;12,5;B;Low
POLYGON ((13,57751 42,857336, 13,577877 42,85734, 13,577871 42,85761, 13,577504 42,857606, 13,57751 42,857336));0,4859314;622;0;0;100;9;6;0,15;0;B;Low
POLYGON ((13,577143 42,857331, 13,57751 42,857336, 13,577504 42,857606, 13,577137 42,857601, 13,577143 42,857331));0,510401905;569;0;0;100;9;6;185;12,5;B;Low
POLYGON ((13,576776 42,857327, 13,577143 42,857331, 13,577137 42,857601, 13,57677 42,857597, 13,576776 42,857327));0,379118188;1;0;0;100;17;7;185;12,5;A;Very Low
POLYGON ((13,576409 42,857322, 13,576776 42,857327, 13,57677 42,857597, 13,576403 42,857592, 13,576409 42,857322));0,450676303;866;0;0;100;13;7;185;12,5;B;Low
POLYGON ((13,576042 42,857318, 13,576409 42,857322, 13,576403 42,857592, 13,576036 42,857588, 13,576042 42,857318));0,457202869;690;0;0;100;10;7;185;12,5;B;Low
POLYGON ((13,575675 42,857313, 13,576042 42,857318, 13,576036 42,857588, 13,575669 42,857583, 13,575675 42,857313));0,376024371;32;0;1;99;14;7;185;12,5;A;Very Low
POLYGON ((13,575308 42,857308, 13,575675 42,857313, 13,575669 42,857583, 13,575302 42,857579, 13,575308 42,857308));0,499871648;8;0;18;82;7;6;0,15;37,5;B;Low
POLYGON ((13,574941 42,857304, 13,575308 42,857308, 13,575302 42,857579, 13,574934 42,857574, 13,574941 42,857304));0,636396516;1;4;14;82;4;6;0,15;37,5;3;Very High
POLYGON ((13,574574 42,857299, 13,574941 42,857304, 13,574934 42,857574, 13,574567 42,857569, 13,574574 42,857299));0,616922287;4;38;39;23;5;6;0,15;37,5;3;Very High
POLYGON ((13,574207 42,857295, 13,574574 42,857299, 13,574567 42,857569, 13,5742 42,857565, 13,574207 42,857295));0,56394358;1;52;48;0;9;6;0,15;37,5;3;Very High
POLYGON ((13,573839 42,85729, 13,574207 42,857295, 13,5742 42,857565, 13,573833 42,85756, 13,573839 42,85729));0,534830183;24;46;33;21;10;6;0,15;37,5;3;Very High
POLYGON ((13,573472 42,857286, 13,573839 42,85729, 13,573833 42,85756, 13,573466 42,857556, 13,573472 42,857286));0,628850778;2;11;85;4;10;7;0,15;37,5;3;Very High
POLYGON ((13,573105 42,857281, 13,573472 42,857286, 13,573466 42,857556, 13,573099 42,857551, 13,573105 42,857281));0,356379704;7;77;21;2;16;7;0,15;37,5;2;Very High
POLYGON ((13,572738 42,857276, 13,573105 42,857281, 13,573099 42,857551, 13,572732 42,857547, 13,572738 42,857276));0,279120323;33,15;63;34;3;15;7;0,15;37,5;2;Very High
POLYGON ((13,572371 42,857272, 13,572738 42,857276, 13,572732 42,857547, 13,572365 42,857542, 13,572371 42,857272));0,192664286;3;80;9;11;11;7;0,15;37,5;2;Very High
POLYGON ((13,572004 42,857267, 13,572371 42,857272, 13,572365 42,857542, 13,571998 42,857537, 13,572004 42,857267));0,213027245;9;82;11;7;11;7;0,15;37,5;2;Very High
POLYGON ((13,571637 42,857263, 13,572004 42,857267, 13,571998 42,857537, 13,571631 42,857533, 13,571637 42,857263));0,210258044;8,85;81;17;2;12;7;0,15;37,5;2;Very High
POLYGON ((13,57127 42,857258, 13,571637 42,857263, 13,571631 42,857533, 13,571264 42,857528, 13,57127 42,857258));0,472398978;7,48;39;9;52;8;6;185;12,5;6;Medium-Low
POLYGON ((13,570903 42,857254, 13,57127 42,857258, 13,571264 42,857528, 13,570896 42,857524, 13,570903 42,857254));0,432167312;52;57;11;32;11;7;185;12,5;2;Very High
POLYGON ((13,570536 42,857249, 13,570903 42,857254, 13,570896 42,857524, 13,570529 42,857519, 13,570536 42,857249));0,488660235;32;23;6;71;7;6;185;12,5;6;Medium-Low
POLYGON ((13,570169 42,857244, 13,570536 42,857249, 13,570529 42,857519, 13,570162 42,857514, 13,570169 42,857244));0,469140284;528;48;0;52;8;6;185;12,5;6;Medium-Low
POLYGON ((13,569801 42,85724, 13,570169 42,857244, 13,570162 42,857514, 13,569795 42,85751, 13,569801 42,85724));0,475929191;749;4;0;96;11;7;185;12,5;2;Very High
POLYGON ((13,569434 42,857235, 13,569801 42,85724, 13,569795 42,85751, 13,569428 42,857505, 13,569434 42,857235));0,378258485;1;0;0;100;17;7;0,15;0;A;Very Low
POLYGON ((13,569067 42,857231, 13,569434 42,857235, 13,569428 42,857505, 13,569061 42,857501, 13,569067 42,857231));0,3029409;2;0;0;100;23;8;0,15;0;A;Very Low
POLYGON ((13,5687 42,857226, 13,569067 42,857231, 13,569061 42,857501, 13,568694 42,857496, 13,5687 42,857226));0,358186137;16;0;2;98;7;6;185;12,5;A;Very Low
POLYGON ((13,568333 42,857221, 13,5687 42,857226, 13,568694 42,857496, 13,568327 42,857492, 13,568333 42,857221));0,559481164;4;9;1;90;5;6;185;12,5;3;Very High
POLYGON ((13,567966 42,857217, 13,568333 42,857221, 13,568327 42,857492, 13,56796 42,857487, 13,567966 42,857217));0,579343358;28;3;3;94;6;6;185;12,5;3;Very High
POLYGON ((13,567599 42,857212, 13,567966 42,857217, 13,56796 42,857487, 13,567593 42,857482, 13,567599 42,857212));0,49871943;49;19;19;62;7;6;185;12,5;9;Low
POLYGON ((13,58339 42,857139, 13,583757 42,857143, 13,583751 42,857413, 13,583384 42,857409, 13,58339 42,857139));0,441570647;474;0;0;100;7;6;185;12,5;B;Low
POLYGON ((13,583023 42,857134, 13,58339 42,857139, 13,583384 42,857409, 13,583017 42,857404, 13,583023 42,857134));0,48743211;655;0;0;100;10;7;185;12,5;B;Low
POLYGON ((13,582656 42,85713, 13,583023 42,857134, 13,583017 42,857404, 13,58265 42,8574, 13,582656 42,85713));0,533178144;496;0;0;100;7;6;185;12,5;B;Low
POLYGON ((13,582289 42,857125, 13,582656 42,85713, 13,58265 42,8574, 13,582283 42,857395, 13,582289 42,857125));0,411812324;399;0;0;100;6;6;185;12,5;B;Low
POLYGON ((13,581922 42,85712, 13,582289 42,857125, 13,582283 42,857395, 13,581915 42,857391, 13,581922 42,85712));0,461882708;440;0;0;100;7;6;0,15;0;B;Low
POLYGON ((13,581555 42,857116, 13,581922 42,85712, 13,581915 42,857391, 13,581548 42,857386, 13,581555 42,857116));0,495754949;488;0;0;100;7;6;185;12,5;B;Low
POLYGON ((13,581187 42,857111, 13,581555 42,857116, 13,581548 42,857386, 13,581181 42,857381, 13,581187 42,857111));0,520114219;644;0;0;100;10;7;185;12,5;B;Low
POLYGON ((13,58082 42,857107, 13,581187 42,857111, 13,581181 42,857381, 13,580814 42,857377, 13,58082 42,857107));0,616389095;149;0;0;100;2;5;185;12,5;B;Low
POLYGON ((13,580453 42,857102, 13,58082 42,857107, 13,580814 42,857377, 13,580447 42,857372, 13,580453 42,857102));0,581165704;1;0;0;100;19;8;185;12,5;A;Very Low
POLYGON ((13,580086 42,857098, 13,580453 42,857102, 13,580447 42,857372, 13,58008 42,857368, 13,580086 42,857098));0,455214405;1,63;0;0;100;24;8;0,15;0;A;Very Low
POLYGON ((13,579719 42,857093, 13,580086 42,857098, 13,58008 42,857368, 13,579713 42,857363, 13,579719 42,857093));0,522711306;90;0;24;76;9;6;185;12,5;B;Low
POLYGON ((13,579352 42,857089, 13,579719 42,857093, 13,579713 42,857363, 13,579346 42,857359, 13,579352 42,857089));0,548797185;32;0;4;96;3;5;185;12,5;B;Low
POLYGON ((13,578985 42,857084, 13,579352 42,857089, 13,579346 42,857359, 13,578979 42,857354, 13,578985 42,857084));0,674642892;18;0;46;54;6;6;185;12,5;B;Low
POLYGON ((13,578618 42,857079, 13,578985 42,857084, 13,578979 42,857354, 13,578612 42,85735, 13,578618 42,857079));0,440039781;62;0;7;93;9;6;185;12,5;B;Low
POLYGON ((13,578251 42,857075, 13,578618 42,857079, 13,578612 42,85735, 13,578245 42,857345, 13,578251 42,857075));0,495440615;2;0;8;92;6;6;185;12,5;B;Low
POLYGON ((13,577884 42,85707, 13,578251 42,857075, 13,578245 42,857345, 13,577877 42,85734, 13,577884 42,85707));0,510882745;5;0;20;80;6;6;185;12,5;B;Low
POLYGON ((13,577517 42,857066, 13,577884 42,85707, 13,577877 42,85734, 13,57751 42,857336, 13,577517 42,857066));0,518507852;93;0;3;97;9;7;0,15;0;B;Low
POLYGON ((13,577149 42,857061, 13,577517 42,857066, 13,57751 42,857336, 13,577143 42,857331, 13,577149 42,857061));0,530066876;214;0;0;100;3;5;0,15;0;B;Low
POLYGON ((13,576782 42,857057, 13,577149 42,857061, 13,577143 42,857331, 13,576776 42,857327, 13,576782 42,857057));0,49999717;612;0;0;100;9;7;185;12,5;B;Low
POLYGON ((13,576415 42,857052, 13,576782 42,857057, 13,576776 42,857327, 13,576409 42,857322, 13,576415 42,857052));0,50944386;7;0;0;100;6;6;185;12,5;B;Low
POLYGON ((13,576048 42,857048, 13,576415 42,857052, 13,576409 42,857322, 13,576042 42,857318, 13,576048 42,857048));0,532363018;276;0;0;100;4;5;185;12,5;B;Low
POLYGON ((13,575681 42,857043, 13,576048 42,857048, 13,576042 42,857318, 13,575675 42,857313, 13,575681 42,857043));0,664384947;2;0;14;86;7;6;185;12,5;B;Low
POLYGON ((13,575314 42,857038, 13,575681 42,857043, 13,575675 42,857313, 13,575308 42,857308, 13,575314 42,857038));0,609259085;14;27;51;22;8;6;0,15;37,5;3;Very High
POLYGON ((13,574947 42,857034, 13,575314 42,857038, 13,575308 42,857308, 13,574941 42,857304, 13,574947 42,857034));0,532991163;2;69;25;6;10;7;0,15;37,5;3;Very High
POLYGON ((13,57458 42,857029, 13,574947 42,857034, 13,574941 42,857304, 13,574574 42,857299, 13,57458 42,857029));0,297549175;3;78;15;7;8;6;0,15;37,5;3;Very High
POLYGON ((13,574213 42,857025, 13,57458 42,857029, 13,574574 42,857299, 13,574207 42,857295, 13,574213 42,857025));0,362824385;93;70;4;26;9;6;0,15;37,5;3;Very High
POLYGON ((13,573846 42,85702, 13,574213 42,857025, 13,574207 42,857295, 13,573839 42,85729, 13,573846 42,85702));0,477926418;1;72;29;-1;10;7;0,15;37,5;2;Very High
POLYGON ((13,573479 42,857016, 13,573846 42,85702, 13,573839 42,85729, 13,573472 42,857286, 13,573479 42,857016));0,508423135;1;57;31;12;16;7;0,15;37,5;2;Very High
POLYGON ((13,573111 42,857011, 13,573479 42,857016, 13,573472 42,857286, 13,573105 42,857281, 13,573111 42,857011));0;1;100;0;0;16;7;0,15;37,5;2;Very High
POLYGON ((13,572744 42,857006, 13,573111 42,857011, 13,573105 42,857281, 13,572738 42,857276, 13,572744 42,857006));0,202562099;10;85;13;2;13;7;0,15;37,5;2;Very High
POLYGON ((13,572377 42,857002, 13,572744 42,857006, 13,572738 42,857276, 13,572371 42,857272, 13,572377 42,857002));0,302898924;595;80;0;20;9;6;0,15;37,5;3;Very High
POLYGON ((13,57201 42,856997, 13,572377 42,857002, 13,572371 42,857272, 13,572004 42,857267, 13,57201 42,856997));0,440976671;502;54;0;46;8;6;0,15;37,5;3;Very High
POLYGON ((13,571643 42,856993, 13,57201 42,856997, 13,572004 42,857267, 13,571637 42,857263, 13,571643 42,856993));0,461521623;504;65;0;35;8;6;0,15;37,5;3;Very High
POLYGON ((13,571276 42,856988, 13,571643 42,856993, 13,571637 42,857263, 13,57127 42,857258, 13,571276 42,856988));0,397876791;10;80;1;19;9;6;185;12,5;7;High
POLYGON ((13,570909 42,856983, 13,571276 42,856988, 13,57127 42,857258, 13,570903 42,857254, 13,570909 42,856983));0,333724789;30;61;34;5;12;7;185;12,5;2;Very High
POLYGON ((13,570542 42,856979, 13,570909 42,856983, 13,570903 42,857254, 13,570536 42,857249, 13,570542 42,856979));0,261222293;43;81;14;5;13;7;185;12,5;7;High
POLYGON ((13,570175 42,856974, 13,570542 42,856979, 13,570536 42,857249, 13,570169 42,857244, 13,570175 42,856974));0,389376856;9;82;0;18;8;6;185;12,5;3;Very High
POLYGON ((13,569808 42,85697, 13,570175 42,856974, 13,570169 42,857244, 13,569801 42,85724, 13,569808 42,85697));0,519155837;50,72;33;15;52;5;6;185;12,5;6;Medium-Low
POLYGON ((13,569441 42,856965, 13,569808 42,85697, 13,569801 42,85724, 13,569434 42,857235, 13,569441 42,856965));0,528901941;17,19;12;17;71;7;6;0,15;0;8;High
POLYGON ((13,569073 42,856961, 13,569441 42,856965, 13,569434 42,857235, 13,569067 42,857231, 13,569073 42,856961));0,663968069;80;0;1;99;11;7;0,15;0;B;Low
POLYGON ((13,568706 42,856956, 13,569073 42,856961, 13,569067 42,857231, 13,5687 42,857226, 13,568706 42,856956));0,386457356;908;0;0;100;14;7;185;12,5;A;Very Low
POLYGON ((13,568339 42,856951, 13,568706 42,856956, 13,5687 42,857226, 13,568333 42,857221, 13,568339 42,856951));0,429686421;911;0;0;100;14;7;185;12,5;B;Low
POLYGON ((13,567972 42,856947, 13,568339 42,856951, 13,568333 42,857221, 13,567966 42,857217, 13,567972 42,856947));0,439921944;570;2;0;98;9;6;185;12,5;6;Medium-Low
POLYGON ((13,567605 42,856942, 13,567972 42,856947, 13,567966 42,857217, 13,567599 42,857212, 13,567605 42,856942));0,379381599;21;55;16;29;13;7;185;12,5;2;Very High
POLYGON ((13,567238 42,856938, 13,567605 42,856942, 13,567599 42,857212, 13,567232 42,857208, 13,567238 42,856938));0,524354236;47;32;40;28;9;7;185;12,5;5;Medium
POLYGON ((13,583763 42,856873, 13,58413 42,856878, 13,584124 42,857148, 13,583757 42,857143, 13,583763 42,856873));0,657394098;549;0;0;100;8;6;185;12,5;B;Low
POLYGON ((13,583396 42,856869, 13,583763 42,856873, 13,583757 42,857143, 13,58339 42,857139, 13,583396 42,856869));0,597928611;380;0;0;100;6;6;185;12,5;B;Low
POLYGON ((13,583029 42,856864, 13,583396 42,856869, 13,58339 42,857139, 13,583023 42,857134, 13,583029 42,856864));0,57173673;879;0;0;100;13;7;185;12,5;B;Low
POLYGON ((13,582662 42,856859, 13,583029 42,856864, 13,583023 42,857134, 13,582656 42,85713, 13,582662 42,856859));0,606422882;638;0;0;100;10;7;185;12,5;B;Low
POLYGON ((13,582295 42,856855, 13,582662 42,856859, 13,582656 42,85713, 13,582289 42,857125, 13,582295 42,856855));0,605519016;6;0;0;100;5;6;185;12,5;B;Low
POLYGON ((13,581928 42,85685, 13,582295 42,856855, 13,582289 42,857125, 13,581922 42,85712, 13,581928 42,85685));0,558264068;673;0;0;100;10;7;0,15;0;B;Low
POLYGON ((13,581561 42,856846, 13,581928 42,85685, 13,581922 42,85712, 13,581555 42,857116, 13,581561 42,856846));0,519322184;106;0;0;100;11;7;185;12,5;B;Low
POLYGON ((13,581194 42,856841, 13,581561 42,856846, 13,581555 42,857116, 13,581187 42,857111, 13,581194 42,856841));0,456784106;7;0;7;93;13;7;185;12,5;A;Very Low
POLYGON ((13,580827 42,856837, 13,581194 42,856841, 13,581187 42,857111, 13,58082 42,857107, 13,580827 42,856837));0,520117823;89;0;13;87;9;7;185;12,5;B;Low
POLYGON ((13,580459 42,856832, 13,580827 42,856837, 13,58082 42,857107, 13,580453 42,857102, 13,580459 42,856832));0,54052533;2;0;15;85;8;7;185;12,5;B;Low
POLYGON ((13,580092 42,856828, 13,580459 42,856832, 13,580453 42,857102, 13,580086 42,857098, 13,580092 42,856828));0,519612914;3;0;25;75;12;7;0,15;0;A;Very Low
POLYGON ((13,579725 42,856823, 13,580092 42,856828, 13,580086 42,857098, 13,579719 42,857093, 13,579725 42,856823));0,542995326;10;0;42;58;7;6;185;12,5;B;Low
POLYGON ((13,579358 42,856819, 13,579725 42,856823, 13,579719 42,857093, 13,579352 42,857089, 13,579358 42,856819));0,568161962;2;0;36;64;4;6;185;12,5;B;Low
POLYGON ((13,578991 42,856814, 13,579358 42,856819, 13,579352 42,857089, 13,578985 42,857084, 13,578991 42,856814));0,68241625;4,34;0;59;41;5;6;185;12,5;B;Low
POLYGON ((13,578624 42,856809, 13,578991 42,856814, 13,578985 42,857084, 13,578618 42,857079, 13,578624 42,856809));0,692846457;1;1;66;33;5;6;185;12,5;6;Medium-Low
POLYGON ((13,578257 42,856805, 13,578624 42,856809, 13,578618 42,857079, 13,578251 42,857075, 13,578257 42,856805));0,585421993;3;8;54;38;7;6;0,15;37,5;3;Very High
POLYGON ((13,57789 42,8568, 13,578257 42,856805, 13,578251 42,857075, 13,577884 42,85707, 13,57789 42,8568));0,657748486;897;2;63;35;3;5;0,15;37,5;6;Medium-Low
POLYGON ((13,577523 42,856796, 13,57789 42,8568, 13,577884 42,85707, 13,577517 42,857066, 13,577523 42,856796));0,535332186;5;1;30;69;6;6;0,15;37,5;3;Very High
POLYGON ((13,577156 42,856791, 13,577523 42,856796, 13,577517 42,857066, 13,577149 42,857061, 13,577156 42,856791));0,589029931;597;0;26;74;4;5;0,15;37,5;B;Low
POLYGON ((13,576789 42,856787, 13,577156 42,856791, 13,577149 42,857061, 13,576782 42,857057, 13,576789 42,856787));0,732976558;234;0;20;80;2;5;0,15;37,5;C;Low
POLYGON ((13,576421 42,856782, 13,576789 42,856787, 13,576782 42,857057, 13,576415 42,857052, 13,576421 42,856782));0,459567414;27;22;7;71;6;6;0,15;37,5;3;Very High
POLYGON ((13,576054 42,856777, 13,576421 42,856782, 13,576415 42,857052, 13,576048 42,857048, 13,576054 42,856777));0,614296204;15;54;2;44;6;6;0,15;37,5;3;Very High
POLYGON ((13,575687 42,856773, 13,576054 42,856777, 13,576048 42,857048, 13,575681 42,857043, 13,575687 42,856773));0,516701658;33;35;55;10;10;7;0,15;37,5;3;Very High
POLYGON ((13,57532 42,856768, 13,575687 42,856773, 13,575681 42,857043, 13,575314 42,857038, 13,57532 42,856768));0,341205928;6;71;22;7;10;7;0,15;37,5;3;Very High
POLYGON ((13,574953 42,856764, 13,57532 42,856768, 13,575314 42,857038, 13,574947 42,857034, 13,574953 42,856764));0,404433854;21;47;22;31;8;6;0,15;37,5;3;Very High
POLYGON ((13,574586 42,856759, 13,574953 42,856764, 13,574947 42,857034, 13,57458 42,857029, 13,574586 42,856759));0,241095625;7;80;8;12;10;6;0,15;37,5;3;Very High
POLYGON ((13,574219 42,856755, 13,574586 42,856759, 13,57458 42,857029, 13,574213 42,857025, 13,574219 42,856755));0,221571274;12;85;13;2;12;7;0,15;37,5;2;Very High
POLYGON ((13,573852 42,85675, 13,574219 42,856755, 13,574213 42,857025, 13,573846 42,85702, 13,573852 42,85675));0,429561673;23;62;23;15;9;6;0,15;37,5;3;Very High
POLYGON ((13,573485 42,856745, 13,573852 42,85675, 13,573846 42,85702, 13,573479 42,857016, 13,573485 42,856745));0,487123004;5,79;53;36;11;12;7;0,15;37,5;2;Very High
POLYGON ((13,573118 42,856741, 13,573485 42,856745, 13,573479 42,857016, 13,573111 42,857011, 13,573118 42,856741));0,385076588;853;80;0;20;13;7;0,15;37,5;2;Very High
POLYGON ((13,572751 42,856736, 13,573118 42,856741, 13,573111 42,857011, 13,572744 42,857006, 13,572751 42,856736));0,210023608;13;83;16;1;12;7;0,15;37,5;2;Very High
POLYGON ((13,572384 42,856732, 13,572751 42,856736, 13,572744 42,857006, 13,572377 42,857002, 13,572384 42,856732));0,244343637;472;95;0;5;7;6;0,15;37,5;3;Very High
POLYGON ((13,572016 42,856727, 13,572384 42,856732, 13,572377 42,857002, 13,57201 42,856997, 13,572016 42,856727));0,210393277;631;94;0;6;9;6;0,15;37,5;3;Very High
POLYGON ((13,571649 42,856723, 13,572016 42,856727, 13,57201 42,856997, 13,571643 42,856993, 13,571649 42,856723));0,443489865;9;73;11;16;8;6;0,15;37,5;3;Very High
POLYGON ((13,571282 42,856718, 13,571649 42,856723, 13,571643 42,856993, 13,571276 42,856988, 13,571282 42,856718));0,469381105;470;61;0;39;7;6;0,15;37,5;3;Very High
POLYGON ((13,570915 42,856713, 13,571282 42,856718, 13,571276 42,856988, 13,570909 42,856983, 13,570915 42,856713));0,316145507;52,66;76;7;17;11;7;0,15;37,5;2;Very High
POLYGON ((13,570548 42,856709, 13,570915 42,856713, 13,570909 42,856983, 13,570542 42,856979, 13,570548 42,856709));0,432663425;16;66;1;33;11;7;0,15;37,5;2;Very High
POLYGON ((13,570181 42,856704, 13,570548 42,856709, 13,570542 42,856979, 13,570175 42,856974, 13,570181 42,856704));0,349235282;5;61;36;3;12;7;0,15;37,5;2;Very High
POLYGON ((13,569814 42,8567, 13,570181 42,856704, 13,570175 42,856974, 13,569808 42,85697, 13,569814 42,8567));0,340377753;17;74;15;11;10;7;0,15;37,5;3;Very High
POLYGON ((13,569447 42,856695, 13,569814 42,8567, 13,569808 42,85697, 13,569441 42,856965, 13,569447 42,856695));0,553918567;19;68;16;16;7;6;0,15;37,5;3;Very High
POLYGON ((13,56908 42,85669, 13,569447 42,856695, 13,569441 42,856965, 13,569073 42,856961, 13,56908 42,85669));0,540208187;6;21;3;76;5;6;0,15;37,5;3;Very High
POLYGON ((13,568713 42,856686, 13,56908 42,85669, 13,569073 42,856961, 13,568706 42,856956, 13,568713 42,856686));0,662070289;364;4;0;96;5;6;0,15;37,5;6;Medium-Low
POLYGON ((13,568346 42,856681, 13,568713 42,856686, 13,568706 42,856956, 13,568339 42,856951, 13,568346 42,856681));0,331985305;910;0;0;100;14;7;185;12,5;A;Very Low
POLYGON ((13,567978 42,856677, 13,568346 42,856681, 13,568339 42,856951, 13,567972 42,856947, 13,567978 42,856677));0,353015933;825;0;0;100;12;7;185;12,5;A;Very Low
POLYGON ((13,567611 42,856672, 13,567978 42,856677, 13,567972 42,856947, 13,567605 42,856942, 13,567611 42,856672));0,57921444;482;0;0;100;7;6;185;12,5;B;Low
POLYGON ((13,567244 42,856668, 13,567611 42,856672, 13,567605 42,856942, 13,567238 42,856938, 13,567244 42,856668));0,485778519;358;5;0;95;5;6;185;12,5;6;Medium-Low
POLYGON ((13,583769 42,856603, 13,584137 42,856608, 13,58413 42,856878, 13,583763 42,856873, 13,583769 42,856603));0,520068493;667;0;0;100;10;7;185;12,5;B;Low
POLYGON ((13,583402 42,856598, 13,583769 42,856603, 13,583763 42,856873, 13,583396 42,856869, 13,583402 42,856598));0,616866358;866;0;0;100;13;7;185;12,5;B;Low
POLYGON ((13,583035 42,856594, 13,583402 42,856598, 13,583396 42,856869, 13,583029 42,856864, 13,583035 42,856594));0,614125574;25;0;1;99;12;7;185;12,5;B;Low
POLYGON ((13,582668 42,856589, 13,583035 42,856594, 13,583029 42,856864, 13,582662 42,856859, 13,582668 42,856589));0,675705278;614;0;0;100;9;6;185;12,5;B;Low
POLYGON ((13,582301 42,856585, 13,582668 42,856589, 13,582662 42,856859, 13,582295 42,856855, 13,582301 42,856585));0,389048828;15;0;19;81;11;7;185;12,5;A;Very Low
POLYGON ((13,581934 42,85658, 13,582301 42,856585, 13,582295 42,856855, 13,581928 42,85685, 13,581934 42,85658));0,447626819;24;0;20;80;10;7;185;12,5;A;Very Low
POLYGON ((13,581567 42,856576, 13,581934 42,85658, 13,581928 42,85685, 13,581561 42,856846, 13,581567 42,856576));0,388007919;23;0;25;75;8;6;185;12,5;A;Very Low
POLYGON ((13,5812 42,856571, 13,581567 42,856576, 13,581561 42,856846, 13,581194 42,856841, 13,5812 42,856571));0,559192388;32;1;27;72;4;6;185;12,5;3;Very High
POLYGON ((13,580833 42,856567, 13,5812 42,856571, 13,581194 42,856841, 13,580827 42,856837, 13,580833 42,856567));0,598573249;11;0;17;83;4;5;185;12,5;B;Low
POLYGON ((13,580466 42,856562, 13,580833 42,856567, 13,580827 42,856837, 13,580459 42,856832, 13,580466 42,856562));0,587777981;1;0;19;81;7;6;185;12,5;B;Low
POLYGON ((13,580099 42,856558, 13,580466 42,856562, 13,580459 42,856832, 13,580092 42,856828, 13,580099 42,856558));0,42041669;2;1;22;77;9;6;185;12,5;3;Very High
POLYGON ((13,579731 42,856553, 13,580099 42,856558, 13,580092 42,856828, 13,579725 42,856823, 13,579731 42,856553));0,491656957;919;4;36;60;7;6;185;12,5;3;Very High
POLYGON ((13,579364 42,856548, 13,579731 42,856553, 13,579725 42,856823, 13,579358 42,856819, 13,579364 42,856548));0,409579221;2;56;30;14;8;6;185;12,5;3;Very High
POLYGON ((13,578997 42,856544, 13,579364 42,856548, 13,579358 42,856819, 13,578991 42,856814, 13,578997 42,856544));0,601704159;42;28;66;6;12;7;185;12,5;5;Medium
POLYGON ((13,57863 42,856539, 13,578997 42,856544, 13,578991 42,856814, 13,578624 42,856809, 13,57863 42,856539));0,629367221;2,93;24;73;3;11;7;0,15;37,5;2;Very High
POLYGON ((13,578263 42,856535, 13,57863 42,856539, 13,578624 42,856809, 13,578257 42,856805, 13,578263 42,856535));0,213252339;1;89;11;0;13;7;0,15;37,5;2;Very High
POLYGON ((13,577896 42,85653, 13,578263 42,856535, 13,578257 42,856805, 13,57789 42,8568, 13,577896 42,85653));0,309902678;6;75;19;6;10;7;0,15;37,5;3;Very High
POLYGON ((13,577529 42,856526, 13,577896 42,85653, 13,57789 42,8568, 13,577523 42,856796, 13,577529 42,856526));0,324978606;3;66;31;3;10;7;0,15;37,5;2;Very High
POLYGON ((13,577162 42,856521, 13,577529 42,856526, 13,577523 42,856796, 13,577156 42,856791, 13,577162 42,856521));0,391659335;4;74;17;9;12;7;0,15;37,5;2;Very High
POLYGON ((13,576795 42,856517, 13,577162 42,856521, 13,577156 42,856791, 13,576789 42,856787, 13,576795 42,856517));0,517476595;4;64;24;12;9;6;0,15;37,5;3;Very High
POLYGON ((13,576428 42,856512, 13,576795 42,856517, 13,576789 42,856787, 13,576421 42,856782, 13,576428 42,856512));0,455348449;20;65;28;7;12;7;0,15;37,5;2;Very High
POLYGON ((13,576061 42,856507, 13,576428 42,856512, 13,576421 42,856782, 13,576054 42,856777, 13,576061 42,856507));0,544183579;702;35;53;12;10;7;0,15;37,5;2;Very High
POLYGON ((13,575694 42,856503, 13,576061 42,856507, 13,576054 42,856777, 13,575687 42,856773, 13,575694 42,856503));0,519106421;1;72;27;1;12;7;0,15;37,5;2;Very High
POLYGON ((13,575326 42,856498, 13,575694 42,856503, 13,575687 42,856773, 13,57532 42,856768, 13,575326 42,856498));0,28008864;9;92;3;5;13;7;0,15;37,5;2;Very High
POLYGON ((13,574959 42,856494, 13,575326 42,856498, 13,57532 42,856768, 13,574953 42,856764, 13,574959 42,856494));0,180498556;8;96;1;3;13;7;0,15;37,5;2;Very High
POLYGON ((13,574592 42,856489, 13,574959 42,856494, 13,574953 42,856764, 13,574586 42,856759, 13,574592 42,856489));0,214282354;3;85;14;1;14;7;0,15;37,5;2;Very High
POLYGON ((13,574225 42,856485, 13,574592 42,856489, 13,574586 42,856759, 13,574219 42,856755, 13,574225 42,856485));0,234063921;43;90;8;2;13;7;0,15;37,5;2;Very High
POLYGON ((13,573858 42,85648, 13,574225 42,856485, 13,574219 42,856755, 13,573852 42,85675, 13,573858 42,85648));0,147355298;3;95;1;4;9;6;0,15;37,5;3;Very High
POLYGON ((13,573491 42,856475, 13,573858 42,85648, 13,573852 42,85675, 13,573485 42,856745, 13,573491 42,856475));0,377146628;91;69;32;-1;13;7;0,15;37,5;2;Very High
POLYGON ((13,573124 42,856471, 13,573491 42,856475, 13,573485 42,856745, 13,573118 42,856741, 13,573124 42,856471));0,308270956;756;85;0;15;11;7;0,15;37,5;2;Very High
POLYGON ((13,572757 42,856466, 13,573124 42,856471, 13,573118 42,856741, 13,572751 42,856736, 13,572757 42,856466));0,238282607;2,33;76;23;1;14;7;0,15;37,5;3;Very High
POLYGON ((13,57239 42,856462, 13,572757 42,856466, 13,572751 42,856736, 13,572384 42,856732, 13,57239 42,856462));0,35307994;36;81;1;18;7;6;0,15;37,5;3;Very High
POLYGON ((13,572023 42,856457, 13,57239 42,856462, 13,572384 42,856732, 13,572016 42,856727, 13,572023 42,856457));0,352575897;12;89;1;10;6;6;0,15;37,5;3;Very High
POLYGON ((13,571656 42,856453, 13,572023 42,856457, 13,572016 42,856727, 13,571649 42,856723, 13,571656 42,856453));0,460984292;38;70;15;15;8;6;0,15;37,5;3;Very High
POLYGON ((13,571288 42,856448, 13,571656 42,856453, 13,571649 42,856723, 13,571282 42,856718, 13,571288 42,856448));0,384280174;9;86;3;11;8;6;0,15;37,5;3;Very High
POLYGON ((13,570921 42,856443, 13,571288 42,856448, 13,571282 42,856718, 13,570915 42,856713, 13,570921 42,856443));0,318284603;708;97;0;3;11;7;0,15;37,5;2;Very High
POLYGON ((13,570554 42,856439, 13,570921 42,856443, 13,570915 42,856713, 13,570548 42,856709, 13,570554 42,856439));0,410221133;887;64;0;36;13;7;0,15;37,5;2;Very High
POLYGON ((13,570187 42,856434, 13,570554 42,856439, 13,570548 42,856709, 13,570181 42,856704, 13,570187 42,856434));0,335956351;103;49;32;19;10;7;0,15;37,5;2;Very High
POLYGON ((13,56982 42,85643, 13,570187 42,856434, 13,570181 42,856704, 13,569814 42,8567, 13,56982 42,85643));0,417004893;26,54;58;31;11;9;7;0,15;37,5;3;Very High
POLYGON ((13,569453 42,856425, 13,56982 42,85643, 13,569814 42,8567, 13,569447 42,856695, 13,569453 42,856425));0,274590772;4;84;12;4;9;6;0,15;37,5;3;Very High
POLYGON ((13,569086 42,85642, 13,569453 42,856425, 13,569447 42,856695, 13,56908 42,85669, 13,569086 42,85642));0,280059178;7;81;15;4;10;6;0,15;37,5;3;Very High
POLYGON ((13,568719 42,856416, 13,569086 42,85642, 13,56908 42,85669, 13,568713 42,856686, 13,568719 42,856416));0,40607936;45;82;6;12;9;6;0,15;37,5;3;Very High
POLYGON ((13,568352 42,856411, 13,568719 42,856416, 13,568713 42,856686, 13,568346 42,856681, 13,568352 42,856411));0,720032975;3;7;7;86;4;5;185;12,5;6;Medium-Low
POLYGON ((13,567985 42,856407, 13,568352 42,856411, 13,568346 42,856681, 13,567978 42,856677, 13,567985 42,856407));0,626239456;304;5;0;95;5;6;185;12,5;6;Medium-Low
POLYGON ((13,567618 42,856402, 13,567985 42,856407, 13,567978 42,856677, 13,567611 42,856672, 13,567618 42,856402));0,414393086;35;0;14;86;16;7;0,15;0;A;Very Low
POLYGON ((13,567251 42,856397, 13,567618 42,856402, 13,567611 42,856672, 13,567244 42,856668, 13,567251 42,856397));0,498612027;22;0;0;100;14;7;0,15;0;A;Very Low
POLYGON ((13,566883 42,856393, 13,567251 42,856397, 13,567244 42,856668, 13,566877 42,856663, 13,566883 42,856393));0,446416163;31;0;1;99;7;6;0,15;0;B;Low
POLYGON ((13,584143 42,856338, 13,58451 42,856342, 13,584504 42,856612, 13,584137 42,856608, 13,584143 42,856338));0,531147779;15;10;2;88;5;6;185;12,5;9;Low
POLYGON ((13,583776 42,856333, 13,584143 42,856338, 13,584137 42,856608, 13,583769 42,856603, 13,583776 42,856333));0,363027315;549;3;0;97;8;6;185;12,5;6;Medium-Low
POLYGON ((13,583409 42,856328, 13,583776 42,856333, 13,583769 42,856603, 13,583402 42,856598, 13,583409 42,856328));0,469955181;546;0;0;100;8;6;185;12,5;B;Low
POLYGON ((13,583041 42,856324, 13,583409 42,856328, 13,583402 42,856598, 13,583035 42,856594, 13,583041 42,856324));0,455780425;33;0;9;91;13;7;185;12,5;A;Very Low
POLYGON ((13,582674 42,856319, 13,583041 42,856324, 13,583035 42,856594, 13,582668 42,856589, 13,582674 42,856319));0,428124062;13;0;26;74;9;6;185;12,5;B;Low
POLYGON ((13,582307 42,856315, 13,582674 42,856319, 13,582668 42,856589, 13,582301 42,856585, 13,582307 42,856315));0,225856129;82;0;5;95;8;6;185;12,5;A;Very Low
POLYGON ((13,58194 42,85631, 13,582307 42,856315, 13,582301 42,856585, 13,581934 42,85658, 13,58194 42,85631));0,744508923;14;18;0;82;4;5;185;12,5;6;Medium-Low
POLYGON ((13,581573 42,856306, 13,58194 42,85631, 13,581934 42,85658, 13,581567 42,856576, 13,581573 42,856306));0,685634292;12;12;19;69;5;6;185;12,5;9;Low
POLYGON ((13,581206 42,856301, 13,581573 42,856306, 13,581567 42,856576, 13,5812 42,856571, 13,581206 42,856301));0,750815348;733;10;22;68;3;5;185;12,5;6;Medium-Low
POLYGON ((13,580839 42,856297, 13,581206 42,856301, 13,5812 42,856571, 13,580833 42,856567, 13,580839 42,856297));0,824183155;264;0;0;100;4;5;185;12,5;B;Low
POLYGON ((13,580472 42,856292, 13,580839 42,856297, 13,580833 42,856567, 13,580466 42,856562, 13,580472 42,856292));0,688976781;17;24;18;58;12;7;185;12,5;5;Medium
POLYGON ((13,580105 42,856287, 13,580472 42,856292, 13,580466 42,856562, 13,580099 42,856558, 13,580105 42,856287));0,454015756;11;61;5;34;16;7;185;12,5;2;Very High
POLYGON ((13,579738 42,856283, 13,580105 42,856287, 13,580099 42,856558, 13,579731 42,856553, 13,579738 42,856283));0,400032888;590;65;27;8;13;7;185;12,5;2;Very High
POLYGON ((13,579371 42,856278, 13,579738 42,856283, 13,579731 42,856553, 13,579364 42,856548, 13,579371 42,856278));0,374232454;4;75;7;18;8;6;185;12,5;7;High
POLYGON ((13,579003 42,856274, 13,579371 42,856278, 13,579364 42,856548, 13,578997 42,856544, 13,579003 42,856274));0,414187386;10;60;34;6;13;7;185;12,5;2;Very High
POLYGON ((13,578636 42,856269, 13,579003 42,856274, 13,578997 42,856544, 13,57863 42,856539, 13,578636 42,856269));0,360276478;4;91;9;0;11;7;0,15;37,5;2;Very High
POLYGON ((13,578269 42,856265, 13,578636 42,856269, 13,57863 42,856539, 13,578263 42,856535, 13,578269 42,856265));0,22645571;617;99;0;1;9;6;0,15;37,5;3;Very High
POLYGON ((13,577902 42,85626, 13,578269 42,856265, 13,578263 42,856535, 13,577896 42,85653, 13,577902 42,85626));0,509278916;633;99;0;1;9;6;0,15;37,5;3;Very High
POLYGON ((13,577535 42,856256, 13,577902 42,85626, 13,577896 42,85653, 13,577529 42,856526, 13,577535 42,856256));0,390600096;81;94;1;5;8;6;0,15;37,5;3;Very High
POLYGON ((13,577168 42,856251, 13,577535 42,856256, 13,577529 42,856526, 13,577162 42,856521, 13,577168 42,856251));0,367504787;15;81;15;4;11;7;0,15;37,5;2;Very High
POLYGON ((13,576801 42,856246, 13,577168 42,856251, 13,577162 42,856521, 13,576795 42,856517, 13,576801 42,856246));0,26142627;15;91;7;2;10;7;0,15;37,5;2;Very High
POLYGON ((13,576434 42,856242, 13,576801 42,856246, 13,576795 42,856517, 13,576428 42,856512, 13,576434 42,856242));0,233050127;9,14;85;10;5;10;7;0,15;37,5;3;Very High
POLYGON ((13,576067 42,856237, 13,576434 42,856242, 13,576428 42,856512, 13,576061 42,856507, 13,576067 42,856237));0,367312835;13;59;35;6;12;7;0,15;37,5;2;Very High
POLYGON ((13,5757 42,856233, 13,576067 42,856237, 13,576061 42,856507, 13,575694 42,856503, 13,5757 42,856233));0,301598388;2,07;75;21;4;12;7;0,15;37,5;2;Very High
POLYGON ((13,575333 42,856228, 13,5757 42,856233, 13,575694 42,856503, 13,575326 42,856498, 13,575333 42,856228));0,314127698;5;53;34;13;13;7;0,15;37,5;2;Very High
POLYGON ((13,574966 42,856224, 13,575333 42,856228, 13,575326 42,856498, 13,574959 42,856494, 13,574966 42,856224));0,365517182;3;64;11;25;11;7;0,15;37,5;2;Very High
POLYGON ((13,574598 42,856219, 13,574966 42,856224, 13,574959 42,856494, 13,574592 42,856489, 13,574598 42,856219));0,274614483;2;71;26;3;14;7;0,15;37,5;2;Very High
POLYGON ((13,574231 42,856214, 13,574598 42,856219, 13,574592 42,856489, 13,574225 42,856485, 13,574231 42,856214));0,361169727;798;83;14;3;9;6;0,15;37,5;3;Very High
POLYGON ((13,573864 42,85621, 13,574231 42,856214, 13,574225 42,856485, 13,573858 42,85648, 13,573864 42,85621));0,409765804;27;76;19;5;9;6;0,15;37,5;3;Very High
POLYGON ((13,573497 42,856205, 13,573864 42,85621, 13,573858 42,85648, 13,573491 42,856475, 13,573497 42,856205));0,406140544;5;54;42;4;12;7;0,15;37,5;2;Very High
POLYGON ((13,57313 42,856201, 13,573497 42,856205, 13,573491 42,856475, 13,573124 42,856471, 13,57313 42,856201));0,462120769;6;43;58;-1;12;7;0,15;37,5;2;Very High
POLYGON ((13,572763 42,856196, 13,57313 42,856201, 13,573124 42,856471, 13,572757 42,856466, 13,572763 42,856196));0,384219712;2;60;35;5;14;7;0,15;37,5;2;Very High
POLYGON ((13,572396 42,856192, 13,572763 42,856196, 13,572757 42,856466, 13,57239 42,856462, 13,572396 42,856192));0,227073498;4;85;8;7;11;7;0,15;37,5;2;Very High
POLYGON ((13,572029 42,856187, 13,572396 42,856192, 13,57239 42,856462, 13,572023 42,856457, 13,572029 42,856187));0,288245496;3;81;5;14;8;6;0,15;37,5;3;Very High
POLYGON ((13,571662 42,856182, 13,572029 42,856187, 13,572023 42,856457, 13,571656 42,856453, 13,571662 42,856182));0,383199798;14;79;7;14;7;6;0,15;37,5;3;Very High
POLYGON ((13,571295 42,856178, 13,571662 42,856182, 13,571656 42,856453, 13,571288 42,856448, 13,571295 42,856178));0,245322553;5,06;87;12;1;9;6;0,15;37,5;3;Very High
POLYGON ((13,570928 42,856173, 13,571295 42,856178, 13,571288 42,856448, 13,570921 42,856443, 13,570928 42,856173));0,195355816;5,66;86;11;3;10;7;0,15;37,5;2;Very High
POLYGON ((13,570561 42,856169, 13,570928 42,856173, 13,570921 42,856443, 13,570554 42,856439, 13,570561 42,856169));0,222423213;5;78;16;6;10;7;0,15;37,5;2;Very High
POLYGON ((13,570193 42,856164, 13,570561 42,856169, 13,570554 42,856439, 13,570187 42,856434, 13,570193 42,856164));0,328844024;4;72;17;11;9;6;0,15;37,5;3;Very High
POLYGON ((13,569826 42,85616, 13,570193 42,856164, 13,570187 42,856434, 13,56982 42,85643, 13,569826 42,85616));0,301829277;6;91;5;4;8;6;0,15;37,5;3;Very High
POLYGON ((13,569459 42,856155, 13,569826 42,85616, 13,56982 42,85643, 13,569453 42,856425, 13,569459 42,856155));0,229552555;5;86;12;2;9;6;0,15;37,5;3;Very High
POLYGON ((13,569092 42,85615, 13,569459 42,856155, 13,569453 42,856425, 13,569086 42,85642, 13,569092 42,85615));0,225305494;6;83;14;3;12;7;0,15;37,5;2;Very High
POLYGON ((13,568725 42,856146, 13,569092 42,85615, 13,569086 42,85642, 13,568719 42,856416, 13,568725 42,856146));0,234484374;26;79;18;3;9;6;0,15;37,5;3;Very High
POLYGON ((13,568358 42,856141, 13,568725 42,856146, 13,568719 42,856416, 13,568352 42,856411, 13,568358 42,856141));0,642725724;358;39;0;61;5;6;185;12,5;6;Medium-Low
POLYGON ((13,567991 42,856137, 13,568358 42,856141, 13,568352 42,856411, 13,567985 42,856407, 13,567991 42,856137));0,735584093;236;21;0;79;4;5;185;12,5;9;Low
POLYGON ((13,567624 42,856132, 13,567991 42,856137, 13,567985 42,856407, 13,567618 42,856402, 13,567624 42,856132));0,732749331;606;0;0;100;9;7;0,15;0;B;Low
POLYGON ((13,567257 42,856127, 13,567624 42,856132, 13,567618 42,856402, 13,567251 42,856397, 13,567257 42,856127));0,468354462;17;0;0;100;7;6;0,15;0;B;Low
POLYGON ((13,56689 42,856123, 13,567257 42,856127, 13,567251 42,856397, 13,566883 42,856393, 13,56689 42,856123));0,45311084;528;0;0;100;8;6;0,15;0;B;Low
POLYGON ((13,584516 42,856072, 13,584883 42,856077, 13,584877 42,856347, 13,58451 42,856342, 13,584516 42,856072));0,49570765;5;46;29;25;7;6;185;12,5;3;Very High
POLYGON ((13,584149 42,856067, 13,584516 42,856072, 13,58451 42,856342, 13,584143 42,856338, 13,584149 42,856067));0,607062831;31;2;0;98;6;6;185;12,5;6;Medium-Low
POLYGON ((13,583782 42,856063, 13,584149 42,856067, 13,584143 42,856338, 13,583776 42,856333, 13,583782 42,856063));0,522660637;9;0;0;100;11;7;185;12,5;B;Low
POLYGON ((13,583415 42,856058, 13,583782 42,856063, 13,583776 42,856333, 13,583409 42,856328, 13,583415 42,856058));0,463794484;15,89;0;9;91;6;6;185;12,5;B;Low
POLYGON ((13,583048 42,856054, 13,583415 42,856058, 13,583409 42,856328, 13,583041 42,856324, 13,583048 42,856054));0,4986346;46,88;0;30;70;9;6;185;12,5;B;Low
POLYGON ((13,582681 42,856049, 13,583048 42,856054, 13,583041 42,856324, 13,582674 42,856319, 13,582681 42,856049));0,521381756;306;0;0;100;5;6;185;12,5;B;Low
POLYGON ((13,582313 42,856045, 13,582681 42,856049, 13,582674 42,856319, 13,582307 42,856315, 13,582313 42,856045));0,769039943;4;3;0;97;2;5;185;12,5;7;High
POLYGON ((13,581946 42,85604, 13,582313 42,856045, 13,582307 42,856315, 13,58194 42,85631, 13,581946 42,85604));0,732175942;14;5;1;94;5;6;185;12,5;6;Medium-Low
POLYGON ((13,581579 42,856036, 13,581946 42,85604, 13,58194 42,85631, 13,581573 42,856306, 13,581579 42,856036));0,739304073;12;0;7;93;7;6;185;12,5;B;Low
POLYGON ((13,581212 42,856031, 13,581579 42,856036, 13,581573 42,856306, 13,581206 42,856301, 13,581212 42,856031));0,662439327;41;0;1;99;8;6;185;12,5;B;Low
POLYGON ((13,580845 42,856027, 13,581212 42,856031, 13,581206 42,856301, 13,580839 42,856297, 13,580845 42,856027));0,851552554;159;0;0;100;2;5;185;12,5;C;Low
POLYGON ((13,580478 42,856022, 13,580845 42,856027, 13,580839 42,856297, 13,580472 42,856292, 13,580478 42,856022));0,692663627;43;7;24;69;6;6;185;12,5;6;Medium-Low
POLYGON ((13,580111 42,856017, 13,580478 42,856022, 13,580472 42,856292, 13,580105 42,856287, 13,580111 42,856017));0,522087298;51;8;30;62;7;6;185;12,5;3;Very High
POLYGON ((13,579744 42,856013, 13,580111 42,856017, 13,580105 42,856287, 13,579738 42,856283, 13,579744 42,856013));0,504332318;752;21;40;39;7;6;185;12,5;6;Medium-Low
POLYGON ((13,579377 42,856008, 13,579744 42,856013, 13,579738 42,856283, 13,579371 42,856278, 13,579377 42,856008));0,363722046;94;50;32;18;9;7;185;12,5;3;Very High
POLYGON ((13,57901 42,856004, 13,579377 42,856008, 13,579371 42,856278, 13,579003 42,856274, 13,57901 42,856004));0,453453492;54;29;42;29;8;6;185;12,5;3;Very High
POLYGON ((13,578643 42,855999, 13,57901 42,856004, 13,579003 42,856274, 13,578636 42,856269, 13,578643 42,855999));0,339134852;9;96;3;1;12;7;0,15;37,5;2;Very High
POLYGON ((13,578276 42,855995, 13,578643 42,855999, 13,578636 42,856269, 13,578269 42,856265, 13,578276 42,855995));0,370372412;432;79;0;21;6;6;0,15;37,5;3;Very High
POLYGON ((13,577908 42,85599, 13,578276 42,855995, 13,578269 42,856265, 13,577902 42,85626, 13,577908 42,85599));0,234009276;23;97;1;2;10;7;0,15;37,5;2;Very High
POLYGON ((13,577541 42,855986, 13,577908 42,85599, 13,577902 42,85626, 13,577535 42,856256, 13,577541 42,855986));0,487314419;13;86;0;14;6;6;0,15;37,5;3;Very High
POLYGON ((13,577174 42,855981, 13,577541 42,855986, 13,577535 42,856256, 13,577168 42,856251, 13,577174 42,855981));0,439244225;515;99;0;1;8;6;0,15;37,5;3;Very High
POLYGON ((13,576807 42,855976, 13,577174 42,855981, 13,577168 42,856251, 13,576801 42,856246, 13,576807 42,855976));0,319477577;483;90;0;10;7;6;0,15;37,5;3;Very High
POLYGON ((13,57644 42,855972, 13,576807 42,855976, 13,576801 42,856246, 13,576434 42,856242, 13,57644 42,855972));0,162375928;38;86;12;2;12;7;0,15;37,5;2;Very High
POLYGON ((13,576073 42,855967, 13,57644 42,855972, 13,576434 42,856242, 13,576067 42,856237, 13,576073 42,855967));0,373193979;44;48;47;5;13;7;0,15;37,5;2;Very High
POLYGON ((13,575706 42,855963, 13,576073 42,855967, 13,576067 42,856237, 13,5757 42,856233, 13,575706 42,855963));0,312625484;5;75;21;4;9;6;0,15;37,5;3;Very High
POLYGON ((13,575339 42,855958, 13,575706 42,855963, 13,5757 42,856233, 13,575333 42,856228, 13,575339 42,855958));0,386663204;8;54;31;15;12;7;0,15;37,5;2;Very High
POLYGON ((13,574972 42,855954, 13,575339 42,855958, 13,575333 42,856228, 13,574966 42,856224, 13,574972 42,855954));0,40757011;3;69;19;12;9;6;0,15;37,5;3;Very High
POLYGON ((13,574605 42,855949, 13,574972 42,855954, 13,574966 42,856224, 13,574598 42,856219, 13,574605 42,855949));0,320277729;1;63;33;4;14;7;0,15;37,5;2;Very High
POLYGON ((13,574238 42,855944, 13,574605 42,855949, 13,574598 42,856219, 13,574231 42,856214, 13,574238 42,855944));0,305410103;104;59;19;22;10;7;0,15;37,5;2;Very High
POLYGON ((13,573871 42,85594, 13,574238 42,855944, 13,574231 42,856214, 13,573864 42,85621, 13,573871 42,85594));0,250984591;979;89;10;1;10;7;0,15;37,5;2;Very High
POLYGON ((13,573503 42,855935, 13,573871 42,85594, 13,573864 42,85621, 13,573497 42,856205, 13,573503 42,855935));0,309337982;1;70;18;12;11;7;0,15;37,5;2;Very High
POLYGON ((13,573136 42,855931, 13,573503 42,855935, 13,573497 42,856205, 13,57313 42,856201, 13,573136 42,855931));0,304679276;101;91;5;4;10;7;0,15;37,5;2;Very High
POLYGON ((13,572769 42,855926, 13,573136 42,855931, 13,57313 42,856201, 13,572763 42,856196, 13,572769 42,855926));0,120190916;5;91;6;3;12;7;0,15;37,5;2;Very High
POLYGON ((13,572402 42,855922, 13,572769 42,855926, 13,572763 42,856196, 13,572396 42,856192, 13,572402 42,855922));0,506405425;459;49;0;51;7;6;0,15;37,5;3;Very High
POLYGON ((13,572035 42,855917, 13,572402 42,855922, 13,572396 42,856192, 13,572029 42,856187, 13,572035 42,855917));0,48999551;3;68;0;32;6;6;0,15;37,5;3;Very High
POLYGON ((13,571668 42,855912, 13,572035 42,855917, 13,572029 42,856187, 13,571662 42,856182, 13,571668 42,855912));0,492279876;3;81;2;17;6;6;0,15;37,5;3;Very High
POLYGON ((13,571301 42,855908, 13,571668 42,855912, 13,571662 42,856182, 13,571295 42,856178, 13,571301 42,855908));0,407627231;28;85;6;9;10;7;0,15;37,5;3;Very High
POLYGON ((13,570934 42,855903, 13,571301 42,855908, 13,571295 42,856178, 13,570928 42,856173, 13,570934 42,855903));0,464567368;15;63;15;22;8;6;0,15;37,5;3;Very High
POLYGON ((13,570567 42,855899, 13,570934 42,855903, 13,570928 42,856173, 13,570561 42,856169, 13,570567 42,855899));0,450986745;30;67;28;5;10;6;0,15;37,5;3;Very High
POLYGON ((13,5702 42,855894, 13,570567 42,855899, 13,570561 42,856169, 13,570193 42,856164, 13,5702 42,855894));0,530374149;1;28;44;28;8;6;0,15;37,5;3;Very High
POLYGON ((13,569833 42,855889, 13,5702 42,855894, 13,570193 42,856164, 13,569826 42,85616, 13,569833 42,855889));0,45790999;21;12;30;58;9;7;0,15;37,5;3;Very High
POLYGON ((13,569466 42,855885, 13,569833 42,855889, 13,569826 42,85616, 13,569459 42,856155, 13,569466 42,855885));0,442098468;1;23;56;21;10;7;0,15;37,5;2;Very High
POLYGON ((13,569098 42,85588, 13,569466 42,855885, 13,569459 42,856155, 13,569092 42,85615, 13,569098 42,85588));0,413301583;624;84;0;16;9;6;0,15;37,5;3;Very High
POLYGON ((13,568731 42,855876, 13,569098 42,85588, 13,569092 42,85615, 13,568725 42,856146, 13,568731 42,855876));0,433131828;37;73;5;22;8;6;0,15;37,5;3;Very High
POLYGON ((13,568364 42,855871, 13,568731 42,855876, 13,568725 42,856146, 13,568358 42,856141, 13,568364 42,855871));0,306018846;9;80;14;6;10;7;0,15;37,5;3;Very High
POLYGON ((13,567997 42,855866, 13,568364 42,855871, 13,568358 42,856141, 13,567991 42,856137, 13,567997 42,855866));0,642763846;307;22;0;78;5;6;0,15;37,5;6;Medium-Low
POLYGON ((13,56763 42,855862, 13,567997 42,855866, 13,567991 42,856137, 13,567624 42,856132, 13,56763 42,855862));0,592050236;2;31;7;62;6;6;0,15;37,5;3;Very High
POLYGON ((13,567263 42,855857, 13,56763 42,855862, 13,567624 42,856132, 13,567257 42,856127, 13,567263 42,855857));0,391028829;887;0;0;100;13;7;0,15;37,5;A;Very Low
POLYGON ((13,566896 42,855853, 13,567263 42,855857, 13,567257 42,856127, 13,56689 42,856123, 13,566896 42,855853));0,402070434;28;0;6;94;13;7;0,15;0;A;Very Low
POLYGON ((13,584889 42,855806, 13,585256 42,855811, 13,58525 42,856081, 13,584883 42,856077, 13,584889 42,855806));0,666688255;4;99;1;0;8;6;185;12,5;6;Medium-Low
POLYGON ((13,584522 42,855802, 13,584889 42,855806, 13,584883 42,856077, 13,584516 42,856072, 13,584522 42,855802));0,591931577;23;25;4;71;6;6;185;12,5;6;Medium-Low
POLYGON ((13,584155 42,855797, 13,584522 42,855802, 13,584516 42,856072, 13,584149 42,856067, 13,584155 42,855797));0,305838286;28;0;0;100;13;7;185;12,5;A;Very Low
POLYGON ((13,583788 42,855793, 13,584155 42,855797, 13,584149 42,856067, 13,583782 42,856063, 13,583788 42,855793));0,302151765;22;9;11;80;9;6;185;12,5;3;Very High
POLYGON ((13,583421 42,855788, 13,583788 42,855793, 13,583782 42,856063, 13,583415 42,856058, 13,583421 42,855788));0,420005971;125;24;12;64;13;7;185;12,5;2;Very High
POLYGON ((13,583054 42,855784, 13,583421 42,855788, 13,583415 42,856058, 13,583048 42,856054, 13,583054 42,855784));0,588237291;363;0;0;100;5;6;185;12,5;B;Low
POLYGON ((13,582687 42,855779, 13,583054 42,855784, 13,583048 42,856054, 13,582681 42,856049, 13,582687 42,855779));0,56440131;461;0;0;100;7;6;185;12,5;B;Low
POLYGON ((13,58232 42,855775, 13,582687 42,855779, 13,582681 42,856049, 13,582313 42,856045, 13,58232 42,855775));0,60024278;402;16;0;84;6;6;185;12,5;6;Medium-Low
POLYGON ((13,581953 42,85577, 13,58232 42,855775, 13,582313 42,856045, 13,581946 42,85604, 13,581953 42,85577));0,513855566;65;51;8;41;9;6;185;12,5;3;Very High
POLYGON ((13,581585 42,855766, 13,581953 42,85577, 13,581946 42,85604, 13,581579 42,856036, 13,581585 42,855766));0,540471985;96;7;2;91;10;6;185;12,5;3;Very High
POLYGON ((13,581218 42,855761, 13,581585 42,855766, 13,581579 42,856036, 13,581212 42,856031, 13,581218 42,855761));0,686487384;820;1;0;99;12;7;185;12,5;4;Medium
POLYGON ((13,580851 42,855756, 13,581218 42,855761, 13,581212 42,856031, 13,580845 42,856027, 13,580851 42,855756));0,720038779;357;0;0;100;5;6;185;12,5;B;Low
POLYGON ((13,580484 42,855752, 13,580851 42,855756, 13,580845 42,856027, 13,580478 42,856022, 13,580484 42,855752));0,397388025;46;21;13;66;10;7;185;12,5;7;High
POLYGON ((13,580117 42,855747, 13,580484 42,855752, 13,580478 42,856022, 13,580111 42,856017, 13,580117 42,855747));0,515307617;27;57;10;33;10;7;185;12,5;3;Very High
POLYGON ((13,57975 42,855743, 13,580117 42,855747, 13,580111 42,856017, 13,579744 42,856013, 13,57975 42,855743));0,528344823;95;23;67;10;10;7;185;12,5;3;Very High
POLYGON ((13,579383 42,855738, 13,57975 42,855743, 13,579744 42,856013, 13,579377 42,856008, 13,579383 42,855738));0,303904949;2;48;33;19;13;7;0,15;37,5;2;Very High
POLYGON ((13,579016 42,855734, 13,579383 42,855738, 13,579377 42,856008, 13,57901 42,856004, 13,579016 42,855734));0,478172782;27;37;47;16;8;6;0,15;37,5;3;Very High
POLYGON ((13,578649 42,855729, 13,579016 42,855734, 13,57901 42,856004, 13,578643 42,855999, 13,578649 42,855729));0,33243681;9;100;0;0;10;7;0,15;37,5;2;Very High
POLYGON ((13,578282 42,855725, 13,578649 42,855729, 13,578643 42,855999, 13,578276 42,855995, 13,578282 42,855725));0,386218861;450;62;0;38;7;6;0,15;37,5;3;Very High
POLYGON ((13,577915 42,85572, 13,578282 42,855725, 13,578276 42,855995, 13,577908 42,85599, 13,577915 42,85572));0,348654195;2;72;22;6;10;7;0,15;37,5;2;Very High
POLYGON ((13,577548 42,855715, 13,577915 42,85572, 13,577908 42,85599, 13,577541 42,855986, 13,577548 42,855715));0,514179391;7;44;41;15;12;7;0,15;37,5;2;Very High
POLYGON ((13,57718 42,855711, 13,577548 42,855715, 13,577541 42,855986, 13,577174 42,855981, 13,57718 42,855711));0,383663076;1;62;34;4;11;7;0,15;37,5;2;Very High
POLYGON ((13,576813 42,855706, 13,57718 42,855711, 13,577174 42,855981, 13,576807 42,855976, 13,576813 42,855706));0,300854054;4;79;0;21;10;7;0,15;37,5;2;Very High
POLYGON ((13,576446 42,855702, 13,576813 42,855706, 13,576807 42,855976, 13,57644 42,855972, 13,576446 42,855702));0,151844725;41;83;15;2;14;7;0,15;37,5;2;Very High
POLYGON ((13,576079 42,855697, 13,576446 42,855702, 13,57644 42,855972, 13,576073 42,855967, 13,576079 42,855697));0,331957888;6,01;61;37;2;13;7;0,15;37,5;2;Very High
POLYGON ((13,575712 42,855693, 13,576079 42,855697, 13,576073 42,855967, 13,575706 42,855963, 13,575712 42,855693));0,46364449;2,26;78;7;15;8;6;0,15;37,5;3;Very High
POLYGON ((13,575345 42,855688, 13,575712 42,855693, 13,575706 42,855963, 13,575339 42,855958, 13,575345 42,855688));0,318315486;3;83;2;15;13;7;0,15;37,5;2;Very High
POLYGON ((13,574978 42,855683, 13,575345 42,855688, 13,575339 42,855958, 13,574972 42,855954, 13,574978 42,855683));0,36325014;30;85;1;14;13;7;0,15;37,5;2;Very High
POLYGON ((13,574611 42,855679, 13,574978 42,855683, 13,574972 42,855954, 13,574605 42,855949, 13,574611 42,855679));0,312882765;3;74;25;1;13;7;0,15;37,5;2;Very High
POLYGON ((13,574244 42,855674, 13,574611 42,855679, 13,574605 42,855949, 13,574238 42,855944, 13,574244 42,855674));0,452025034;605;61;0;39;9;7;0,15;37,5;3;Very High
POLYGON ((13,573877 42,85567, 13,574244 42,855674, 13,574238 42,855944, 13,573871 42,85594, 13,573877 42,85567));0,369263146;460;97;0;3;7;6;0,15;37,5;3;Very High
POLYGON ((13,57351 42,855665, 13,573877 42,85567, 13,573871 42,85594, 13,573503 42,855935, 13,57351 42,855665));0,187182804;3;89;5;6;10;7;0,15;37,5;2;Very High
POLYGON ((13,573143 42,855661, 13,57351 42,855665, 13,573503 42,855935, 13,573136 42,855931, 13,573143 42,855661));0,180244104;25;97;1;2;9;6;0,15;37,5;3;Very High
POLYGON ((13,572775 42,855656, 13,573143 42,855661, 13,573136 42,855931, 13,572769 42,855926, 13,572775 42,855656));0,184429084;25;90;9;1;12;7;0,15;37,5;2;Very High
POLYGON ((13,572408 42,855651, 13,572775 42,855656, 13,572769 42,855926, 13,572402 42,855922, 13,572408 42,855651));0,237783479;17;70;9;21;11;7;0,15;37,5;3;Very High
POLYGON ((13,572041 42,855647, 13,572408 42,855651, 13,572402 42,855922, 13,572035 42,855917, 13,572041 42,855647));0,310740401;25;86;9;5;10;7;0,15;37,5;2;Very High
POLYGON ((13,571674 42,855642, 13,572041 42,855647, 13,572035 42,855917, 13,571668 42,855912, 13,571674 42,855642));0,244259898;3,99;91;4;5;11;7;0,15;37,5;2;Very High
POLYGON ((13,571307 42,855638, 13,571674 42,855642, 13,571668 42,855912, 13,571301 42,855908, 13,571307 42,855638));0,304097087;76;72;17;11;11;7;0,15;37,5;2;Very High
POLYGON ((13,57094 42,855633, 13,571307 42,855638, 13,571301 42,855908, 13,570934 42,855903, 13,57094 42,855633));0,495257388;2;69;27;4;10;7;0,15;37,5;3;Very High
POLYGON ((13,570573 42,855629, 13,57094 42,855633, 13,570934 42,855903, 13,570567 42,855899, 13,570573 42,855629));0,696343902;23;10;60;30;7;6;0,15;37,5;6;Medium-Low
POLYGON ((13,570206 42,855624, 13,570573 42,855629, 13,570567 42,855899, 13,5702 42,855894, 13,570206 42,855624));0,596372178;868;11;61;28;5;6;0,15;37,5;3;Very High
POLYGON ((13,569839 42,855619, 13,570206 42,855624, 13,5702 42,855894, 13,569833 42,855889, 13,569839 42,855619));0,582202773;14;46;24;30;4;5;0,15;37,5;3;Very High
POLYGON ((13,569472 42,855615, 13,569839 42,855619, 13,569833 42,855889, 13,569466 42,855885, 13,569472 42,855615));0,535866648;36;32;42;26;7;6;185;12,5;5;Medium
POLYGON ((13,569105 42,85561, 13,569472 42,855615, 13,569466 42,855885, 13,569098 42,85588, 13,569105 42,85561));0,517110859;469;69;0;31;7;6;185;12,5;6;Medium-Low
POLYGON ((13,568738 42,855606, 13,569105 42,85561, 13,569098 42,85588, 13,568731 42,855876, 13,568738 42,855606));0,575055541;2;54;8;38;5;6;0,15;37,5;3;Very High
POLYGON ((13,568371 42,855601, 13,568738 42,855606, 13,568731 42,855876, 13,568364 42,855871, 13,568371 42,855601));0,588578748;4;22;49;29;5;6;0,15;37,5;3;Very High
POLYGON ((13,568003 42,855596, 13,568371 42,855601, 13,568364 42,855871, 13,567997 42,855866, 13,568003 42,855596));0,363003823;7;74;21;5;10;7;0,15;37,5;2;Very High
POLYGON ((13,567636 42,855592, 13,568003 42,855596, 13,567997 42,855866, 13,56763 42,855862, 13,567636 42,855592));0,42763319;29;49;12;39;12;7;0,15;37,5;2;Very High
POLYGON ((13,567269 42,855587, 13,567636 42,855592, 13,56763 42,855862, 13,567263 42,855857, 13,567269 42,855587));0,592510737;417;0;0;100;6;6;0,15;37,5;B;Low
POLYGON ((13,566902 42,855583, 13,567269 42,855587, 13,567263 42,855857, 13,566896 42,855853, 13,566902 42,855583));0,423906789;7,17;0;3;97;6;6;0,15;37,5;B;Low
POLYGON ((13,584895 42,855536, 13,585262 42,855541, 13,585256 42,855811, 13,584889 42,855806, 13,584895 42,855536));0,669663647;7;14;33;53;4;5;185;12,5;6;Medium-Low
POLYGON ((13,584528 42,855532, 13,584895 42,855536, 13,584889 42,855806, 13,584522 42,855802, 13,584528 42,855532));0,753659965;8;0;0;100;5;6;185;12,5;B;Low
POLYGON ((13,584161 42,855527, 13,584528 42,855532, 13,584522 42,855802, 13,584155 42,855797, 13,584161 42,855527));0,364203718;6;0;10;90;9;6;185;12,5;A;Very Low
POLYGON ((13,583794 42,855523, 13,584161 42,855527, 13,584155 42,855797, 13,583788 42,855793, 13,583794 42,855523));0,225296287;51;69;14;17;20;8;185;12,5;7;High
POLYGON ((13,583427 42,855518, 13,583794 42,855523, 13,583788 42,855793, 13,583421 42,855788, 13,583427 42,855518));0,416428374;21;53;17;30;15;7;185;12,5;2;Very High
POLYGON ((13,58306 42,855514, 13,583427 42,855518, 13,583421 42,855788, 13,583054 42,855784, 13,58306 42,855514));0,642605681;201;0;0;100;3;5;185;12,5;B;Low
POLYGON ((13,582693 42,855509, 13,58306 42,855514, 13,583054 42,855784, 13,582687 42,855779, 13,582693 42,855509));0,54229492;273;4;0;96;4;6;185;12,5;3;Very High
POLYGON ((13,582326 42,855505, 13,582693 42,855509, 13,582687 42,855779, 13,58232 42,855775, 13,582326 42,855505));0,383619052;858;76;0;24;13;7;185;12,5;7;High
POLYGON ((13,581959 42,8555, 13,582326 42,855505, 13,58232 42,855775, 13,581953 42,85577, 13,581959 42,8555));0,360086522;736;59;0;41;11;7;185;12,5;2;Very High
POLYGON ((13,581592 42,855495, 13,581959 42,8555, 13,581953 42,85577, 13,581585 42,855766, 13,581592 42,855495));0,462392591;523;27;0;73;8;6;185;12,5;6;Medium-Low
POLYGON ((13,581225 42,855491, 13,581592 42,855495, 13,581585 42,855766, 13,581218 42,855761, 13,581225 42,855491));0,522918995;580;44;0;56;9;6;185;12,5;6;Medium-Low
POLYGON ((13,580857 42,855486, 13,581225 42,855491, 13,581218 42,855761, 13,580851 42,855756, 13,580857 42,855486));0,617810979;390;0;0;100;6;6;185;12,5;B;Low
POLYGON ((13,58049 42,855482, 13,580857 42,855486, 13,580851 42,855756, 13,580484 42,855752, 13,58049 42,855482));0,498854048;16;29;2;69;6;6;185;12,5;6;Medium-Low
POLYGON ((13,580123 42,855477, 13,58049 42,855482, 13,580484 42,855752, 13,580117 42,855747, 13,580123 42,855477));0,498722374;2;3;20;77;8;6;185;12,5;3;Very High
POLYGON ((13,579756 42,855473, 13,580123 42,855477, 13,580117 42,855747, 13,57975 42,855743, 13,579756 42,855473));0,39817024;56;64;29;7;12;7;0,15;37,5;2;Very High
POLYGON ((13,579389 42,855468, 13,579756 42,855473, 13,57975 42,855743, 13,579383 42,855738, 13,579389 42,855468));0,319210473;2;58;36;6;15;7;0,15;37,5;2;Very High
POLYGON ((13,579022 42,855464, 13,579389 42,855468, 13,579383 42,855738, 13,579016 42,855734, 13,579022 42,855464));0,454322602;10;39;48;13;12;7;0,15;37,5;2;Very High
POLYGON ((13,578655 42,855459, 13,579022 42,855464, 13,579016 42,855734, 13,578649 42,855729, 13,578655 42,855459));0,34795472;49;100;0;0;10;6;0,15;37,5;3;Very High
POLYGON ((13,578288 42,855454, 13,578655 42,855459, 13,578649 42,855729, 13,578282 42,855725, 13,578288 42,855454));0,377322733;509;67;0;33;8;6;0,15;37,5;3;Very High
POLYGON ((13,577921 42,85545, 13,578288 42,855454, 13,578282 42,855725, 13,577915 42,85572, 13,577921 42,85545));0,418890121;1;62;37;1;12;7;0,15;37,5;2;Very High
POLYGON ((13,577554 42,855445, 13,577921 42,85545, 13,577915 42,85572, 13,577548 42,855715, 13,577554 42,855445));0,375514955;989;67;34;-1;17;7;0,15;37,5;2;Very High
POLYGON ((13,577187 42,855441, 13,577554 42,855445, 13,577548 42,855715, 13,57718 42,855711, 13,577187 42,855441));0,400994332;2;47;53;0;15;7;0,15;37,5;2;Very High
POLYGON ((13,57682 42,855436, 13,577187 42,855441, 13,57718 42,855711, 13,576813 42,855706, 13,57682 42,855436));0,181213619;5;94;5;1;12;7;0,15;37,5;2;Very High
POLYGON ((13,576453 42,855432, 13,57682 42,855436, 13,576813 42,855706, 13,576446 42,855702, 13,576453 42,855432));0,219896934;158;73;25;2;16;7;0,15;37,5;3;Very High
POLYGON ((13,576085 42,855427, 13,576453 42,855432, 13,576446 42,855702, 13,576079 42,855697, 13,576085 42,855427));0,359767078;8;51;41;8;14;7;0,15;37,5;2;Very High
POLYGON ((13,575718 42,855423, 13,576085 42,855427, 13,576079 42,855697, 13,575712 42,855693, 13,575718 42,855423));0,556064153;9;72;15;13;7;6;0,15;37,5;3;Very High
POLYGON ((13,575351 42,855418, 13,575718 42,855423, 13,575712 42,855693, 13,575345 42,855688, 13,575351 42,855418));0,400819907;3;84;8;8;12;7;0,15;37,5;2;Very High
POLYGON ((13,574984 42,855413, 13,575351 42,855418, 13,575345 42,855688, 13,574978 42,855683, 13,574984 42,855413));0,496161981;4,7;41;42;17;8;6;0,15;37,5;3;Very High
POLYGON ((13,574617 42,855409, 13,574984 42,855413, 13,574978 42,855683, 13,574611 42,855679, 13,574617 42,855409));0,388478073;2;70;29;1;13;7;0,15;37,5;2;Very High
POLYGON ((13,57425 42,855404, 13,574617 42,855409, 13,574611 42,855679, 13,574244 42,855674, 13,57425 42,855404));0,240162146;7;98;1;1;10;7;0,15;37,5;3;Very High
POLYGON ((13,573883 42,8554, 13,57425 42,855404, 13,574244 42,855674, 13,573877 42,85567, 13,573883 42,8554));0,138483379;737;98;0;2;11;7;0,15;37,5;2;Very High
POLYGON ((13,573516 42,855395, 13,573883 42,8554, 13,573877 42,85567, 13,57351 42,855665, 13,573516 42,855395));0,232003317;3;78;7;15;11;7;0,15;37,5;2;Very High
POLYGON ((13,573149 42,855391, 13,573516 42,855395, 13,57351 42,855665, 13,573143 42,855661, 13,573149 42,855391));0,432024772;6;87;10;3;8;6;0,15;37,5;3;Very High
POLYGON ((13,572782 42,855386, 13,573149 42,855391, 13,573143 42,855661, 13,572775 42,855656, 13,572782 42,855386));0,308933834;2;71;26;3;14;7;0,15;37,5;2;Very High
POLYGON ((13,572415 42,855381, 13,572782 42,855386, 13,572775 42,855656, 13,572408 42,855651, 13,572415 42,855381));0,365352555;3;75;9;16;10;7;0,15;37,5;3;Very High
POLYGON ((13,572048 42,855377, 13,572415 42,855381, 13,572408 42,855651, 13,572041 42,855647, 13,572048 42,855377));0,374467428;2;62;25;13;11;7;0,15;37,5;2;Very High
POLYGON ((13,57168 42,855372, 13,572048 42,855377, 13,572041 42,855647, 13,571674 42,855642, 13,57168 42,855372));0,339266787;36;74;14;12;11;7;0,15;37,5;2;Very High
POLYGON ((13,571313 42,855368, 13,57168 42,855372, 13,571674 42,855642, 13,571307 42,855638, 13,571313 42,855368));0,335974308;7;68;15;17;8;6;0,15;37,5;3;Very High
POLYGON ((13,570946 42,855363, 13,571313 42,855368, 13,571307 42,855638, 13,57094 42,855633, 13,570946 42,855363));0,569389057;3,39;68;24;8;7;6;0,15;37,5;3;Very High
POLYGON ((13,570579 42,855358, 13,570946 42,855363, 13,57094 42,855633, 13,570573 42,855629, 13,570579 42,855358));0,664217867;5;23;58;19;6;6;0,15;37,5;3;Very High
POLYGON ((13,570212 42,855354, 13,570579 42,855358, 13,570573 42,855629, 13,570206 42,855624, 13,570212 42,855354));0,51845317;19;50;40;10;8;6;0,15;37,5;3;Very High
POLYGON ((13,569845 42,855349, 13,570212 42,855354, 13,570206 42,855624, 13,569839 42,855619, 13,569845 42,855349));0,501686415;13;27;13;60;7;6;0,15;37,5;3;Very High
POLYGON ((13,569478 42,855345, 13,569845 42,855349, 13,569839 42,855619, 13,569472 42,855615, 13,569478 42,855345));0,547138679;1;26;36;38;7;6;185;12,5;6;Medium-Low
POLYGON ((13,569111 42,85534, 13,569478 42,855345, 13,569472 42,855615, 13,569105 42,85561, 13,569111 42,85534));0,595043466;20;72;3;25;4;5;185;12,5;7;High
POLYGON ((13,568744 42,855336, 13,569111 42,85534, 13,569105 42,85561, 13,568738 42,855606, 13,568744 42,855336));0,456556118;3;73;5;22;6;6;0,15;37,5;3;Very High
POLYGON ((13,568377 42,855331, 13,568744 42,855336, 13,568738 42,855606, 13,568371 42,855601, 13,568377 42,855331));0,486983533;8,8;44;32;24;8;6;0,15;37,5;3;Very High
POLYGON ((13,56801 42,855326, 13,568377 42,855331, 13,568371 42,855601, 13,568003 42,855596, 13,56801 42,855326));0,433233504;1;53;44;3;13;7;0,15;37,5;2;Very High
POLYGON ((13,567643 42,855322, 13,56801 42,855326, 13,568003 42,855596, 13,567636 42,855592, 13,567643 42,855322));0,271078516;34;84;11;5;12;7;0,15;37,5;2;Very High
POLYGON ((13,567276 42,855317, 13,567643 42,855322, 13,567636 42,855592, 13,567269 42,855587, 13,567276 42,855317));0,493552728;11;60;1;39;10;7;0,15;37,5;3;Very High
POLYGON ((13,566908 42,855313, 13,567276 42,855317, 13,567269 42,855587, 13,566902 42,855583, 13,566908 42,855313));0,620351569;4;23;2;75;5;6;0,15;37,5;8;High
POLYGON ((13,585269 42,855271, 13,585636 42,855275, 13,58563 42,855545, 13,585262 42,855541, 13,585269 42,855271));0,556287412;1;24;37;39;6;6;185;12,5;6;Medium-Low
POLYGON ((13,584902 42,855266, 13,585269 42,855271, 13,585262 42,855541, 13,584895 42,855536, 13,584902 42,855266));0,289274085;382;0;0;100;6;6;185;12,5;B;Low
POLYGON ((13,584534 42,855262, 13,584902 42,855266, 13,584895 42,855536, 13,584528 42,855532, 13,584534 42,855262));0,318082574;919;0;0;100;14;7;185;12,5;A;Very Low
POLYGON ((13,584167 42,855257, 13,584534 42,855262, 13,584528 42,855532, 13,584161 42,855527, 13,584167 42,855257));0,361505421;59;22;34;44;12;7;185;12,5;2;Very High
POLYGON ((13,5838 42,855253, 13,584167 42,855257, 13,584161 42,855527, 13,583794 42,855523, 13,5838 42,855253));0,261375622;12;89;8;3;17;7;185;12,5;7;High
POLYGON ((13,583433 42,855248, 13,5838 42,855253, 13,583794 42,855523, 13,583427 42,855518, 13,583433 42,855248));0,443623521;33,27;43;3;54;10;7;185;12,5;3;Very High
POLYGON ((13,583066 42,855244, 13,583433 42,855248, 13,583427 42,855518, 13,58306 42,855514, 13,583066 42,855244));0,571879895;446;31;0;69;7;6;185;12,5;6;Medium-Low
POLYGON ((13,582699 42,855239, 13,583066 42,855244, 13,58306 42,855514, 13,582693 42,855509, 13,582699 42,855239));0,481703441;4,65;62;10;28;7;6;185;12,5;3;Very High
POLYGON ((13,582332 42,855235, 13,582699 42,855239, 13,582693 42,855509, 13,582326 42,855505, 13,582332 42,855235));0,356555932;11;59;17;24;16;7;185;12,5;2;Very High
POLYGON ((13,581965 42,85523, 13,582332 42,855235, 13,582326 42,855505, 13,581959 42,8555, 13,581965 42,85523));0,350566234;27;59;17;24;16;7;185;12,5;2;Very High
POLYGON ((13,581598 42,855225, 13,581965 42,85523, 13,581959 42,8555, 13,581592 42,855495, 13,581598 42,855225));0,264563794;62;54;15;31;12;7;185;12,5;2;Very High
POLYGON ((13,581231 42,855221, 13,581598 42,855225, 13,581592 42,855495, 13,581225 42,855491, 13,581231 42,855221));0,258679637;1;80;0;20;16;7;185;12,5;7;High
POLYGON ((13,580864 42,855216, 13,581231 42,855221, 13,581225 42,855491, 13,580857 42,855486, 13,580864 42,855216));0,353974024;1;65;0;35;17;7;185;12,5;2;Very High
POLYGON ((13,580497 42,855212, 13,580864 42,855216, 13,580857 42,855486, 13,58049 42,855482, 13,580497 42,855212));0,297560652;94;69;14;17;13;7;185;12,5;7;High
POLYGON ((13,58013 42,855207, 13,580497 42,855212, 13,58049 42,855482, 13,580123 42,855477, 13,58013 42,855207));0,22570983;6;80;15;5;14;7;185;12,5;7;High
POLYGON ((13,579762 42,855203, 13,58013 42,855207, 13,580123 42,855477, 13,579756 42,855473, 13,579762 42,855203));0,260687207;3;83;14;3;13;7;0,15;37,5;2;Very High
POLYGON ((13,579395 42,855198, 13,579762 42,855203, 13,579756 42,855473, 13,579389 42,855468, 13,579395 42,855198));0,242337881;83;81;15;4;12;7;0,15;37,5;2;Very High
POLYGON ((13,579028 42,855194, 13,579395 42,855198, 13,579389 42,855468, 13,579022 42,855464, 13,579028 42,855194));0,432302082;105;48;36;16;10;7;0,15;37,5;2;Very High
POLYGON ((13,578661 42,855189, 13,579028 42,855194, 13,579022 42,855464, 13,578655 42,855459, 13,578661 42,855189));0,215132497;77;100;0;0;11;7;0,15;37,5;2;Very High
POLYGON ((13,578294 42,855184, 13,578661 42,855189, 13,578655 42,855459, 13,578288 42,855454, 13,578294 42,855184));0,454271477;728;66;0;34;11;7;0,15;37,5;2;Very High
POLYGON ((13,577927 42,85518, 13,578294 42,855184, 13,578288 42,855454, 13,577921 42,85545, 13,577927 42,85518));0,39881264;924;56;37;7;10;7;0,15;37,5;2;Very High
POLYGON ((13,57756 42,855175, 13,577927 42,85518, 13,577921 42,85545, 13,577554 42,855445, 13,57756 42,855175));0,269924805;76;98;1;1;15;7;0,15;37,5;2;Very High
POLYGON ((13,577193 42,855171, 13,57756 42,855175, 13,577554 42,855445, 13,577187 42,855441, 13,577193 42,855171));0,437096471;1;53;45;2;16;7;0,15;37,5;2;Very High
POLYGON ((13,576826 42,855166, 13,577193 42,855171, 13,577187 42,855441, 13,57682 42,855436, 13,576826 42,855166));0,316745698;2;79;19;2;12;7;0,15;37,5;2;Very High
POLYGON ((13,576459 42,855162, 13,576826 42,855166, 13,57682 42,855436, 13,576453 42,855432, 13,576459 42,855162));0,275687415;768;85;0;15;12;7;0,15;37,5;2;Very High
POLYGON ((13,576092 42,855157, 13,576459 42,855162, 13,576453 42,855432, 13,576085 42,855427, 13,576092 42,855157));0,342347645;18;65;34;1;17;7;0,15;37,5;2;Very High
POLYGON ((13,575725 42,855152, 13,576092 42,855157, 13,576085 42,855427, 13,575718 42,855423, 13,575725 42,855152));0,218492767;30;87;13;0;14;7;0,15;37,5;2;Very High
POLYGON ((13,575357 42,855148, 13,575725 42,855152, 13,575718 42,855423, 13,575351 42,855418, 13,575357 42,855148));0,319123641;14;96;4;0;20;8;0,15;37,5;2;Very High
POLYGON ((13,57499 42,855143, 13,575357 42,855148, 13,575351 42,855418, 13,574984 42,855413, 13,57499 42,855143));0,350865664;3;91;9;0;18;7;0,15;37,5;2;Very High
POLYGON ((13,574623 42,855139, 13,57499 42,855143, 13,574984 42,855413, 13,574617 42,855409, 13,574623 42,855139));0,216279863;3;81;17;2;15;7;0,15;37,5;2;Very High
POLYGON ((13,574256 42,855134, 13,574623 42,855139, 13,574617 42,855409, 13,57425 42,855404, 13,574256 42,855134));0,354522843;626;86;0;14;9;6;0,15;37,5;3;Very High
POLYGON ((13,573889 42,85513, 13,574256 42,855134, 13,57425 42,855404, 13,573883 42,8554, 13,573889 42,85513));0;1;100;0;0;16;7;0,15;37,5;2;Very High
POLYGON ((13,573522 42,855125, 13,573889 42,85513, 13,573883 42,8554, 13,573516 42,855395, 13,573522 42,855125));0,186896757;1;92;0;8;16;7;0,15;37,5;2;Very High
POLYGON ((13,573155 42,85512, 13,573522 42,855125, 13,573516 42,855395, 13,573149 42,855391, 13,573155 42,85512));0,432303512;8;46;27;27;11;7;0,15;37,5;3;Very High
POLYGON ((13,572788 42,855116, 13,573155 42,85512, 13,573149 42,855391, 13,572782 42,855386, 13,572788 42,855116));0,544997447;4;28;61;11;10;7;0,15;37,5;2;Very High
POLYGON ((13,572421 42,855111, 13,572788 42,855116, 13,572782 42,855386, 13,572415 42,855381, 13,572421 42,855111));0,49417197;627;54;0;46;9;6;0,15;37,5;3;Very High
POLYGON ((13,572054 42,855107, 13,572421 42,855111, 13,572415 42,855381, 13,572048 42,855377, 13,572054 42,855107));0,430110186;804;73;0;27;12;7;0,15;37,5;2;Very High
POLYGON ((13,571687 42,855102, 13,572054 42,855107, 13,572048 42,855377, 13,57168 42,855372, 13,571687 42,855102));0,488057602;873;49;0;51;13;7;0,15;37,5;2;Very High
POLYGON ((13,57132 42,855098, 13,571687 42,855102, 13,57168 42,855372, 13,571313 42,855368, 13,57132 42,855098));0,256293999;2;87;7;6;10;7;0,15;37,5;2;Very High
POLYGON ((13,570953 42,855093, 13,57132 42,855098, 13,571313 42,855368, 13,570946 42,855363, 13,570953 42,855093));0,463762592;76;60;12;28;8;6;0,15;37,5;3;Very High
POLYGON ((13,570585 42,855088, 13,570953 42,855093, 13,570946 42,855363, 13,570579 42,855358, 13,570585 42,855088));0,440491799;79;61;0;39;8;6;0,15;37,5;3;Very High
POLYGON ((13,570218 42,855084, 13,570585 42,855088, 13,570579 42,855358, 13,570212 42,855354, 13,570218 42,855084));0,393830447;2;70;20;10;8;6;0,15;37,5;3;Very High
POLYGON ((13,569851 42,855079, 13,570218 42,855084, 13,570212 42,855354, 13,569845 42,855349, 13,569851 42,855079));0,485072843;97;80;10;10;10;6;0,15;37,5;3;Very High
POLYGON ((13,569484 42,855075, 13,569851 42,855079, 13,569845 42,855349, 13,569478 42,855345, 13,569484 42,855075));0,517857009;13;39;46;15;6;6;185;12,5;3;Very High
POLYGON ((13,569117 42,85507, 13,569484 42,855075, 13,569478 42,855345, 13,569111 42,85534, 13,569117 42,85507));0,586745675;2,12;8;2;90;5;6;185;12,5;3;Very High
POLYGON ((13,56875 42,855065, 13,569117 42,85507, 13,569111 42,85534, 13,568744 42,855336, 13,56875 42,855065));0,556718234;4;46;9;45;5;6;0,15;37,5;3;Very High
POLYGON ((13,568383 42,855061, 13,56875 42,855065, 13,568744 42,855336, 13,568377 42,855331, 13,568383 42,855061));0,442289344;4;44;26;30;8;6;0,15;37,5;3;Very High
POLYGON ((13,568016 42,855056, 13,568383 42,855061, 13,568377 42,855331, 13,56801 42,855326, 13,568016 42,855056));0,521980847;28;28;49;23;10;7;0,15;37,5;3;Very High
POLYGON ((13,567649 42,855052, 13,568016 42,855056, 13,56801 42,855326, 13,567643 42,855322, 13,567649 42,855052));0,358179192;1;68;27;5;10;6;0,15;37,5;3;Very High
POLYGON ((13,567282 42,855047, 13,567649 42,855052, 13,567643 42,855322, 13,567276 42,855317, 13,567282 42,855047));0,226402241;190;74;15;11;13;7;0,15;37,5;2;Very High
POLYGON ((13,566915 42,855043, 13,567282 42,855047, 13,567276 42,855317, 13,566908 42,855313, 13,566915 42,855043));0,519387709;7,34;44;13;43;10;7;0,15;37,5;2;Very High
POLYGON ((13,585642 42,855005, 13,586009 42,85501, 13,586003 42,85528, 13,585636 42,855275, 13,585642 42,855005));0,662407748;608;15;54;31;6;6;185;12,5;6;Medium-Low
POLYGON ((13,585275 42,855001, 13,585642 42,855005, 13,585636 42,855275, 13,585269 42,855271, 13,585275 42,855001));0,452289033;95;0;3;97;13;7;185;12,5;A;Very Low
POLYGON ((13,584908 42,854996, 13,585275 42,855001, 13,585269 42,855271, 13,584902 42,855266, 13,584908 42,854996));0,318147419;10;0;3;97;9;6;185;12,5;A;Very Low
POLYGON ((13,584541 42,854992, 13,584908 42,854996, 13,584902 42,855266, 13,584534 42,855262, 13,584541 42,854992));0,338871138;131;4;13;83;13;7;185;12,5;2;Very High
POLYGON ((13,584174 42,854987, 13,584541 42,854992, 13,584534 42,855262, 13,584167 42,855257, 13,584174 42,854987));0,478734717;2;65;20;15;8;6;185;12,5;3;Very High
POLYGON ((13,583806 42,854983, 13,584174 42,854987, 13,584167 42,855257, 13,5838 42,855253, 13,583806 42,854983));0,655123704;2;59;11;30;6;6;0,15;37,5;3;Very High
POLYGON ((13,583439 42,854978, 13,583806 42,854983, 13,5838 42,855253, 13,583433 42,855248, 13,583439 42,854978));0,376643969;20;71;12;17;8;6;0,15;37,5;3;Very High
POLYGON ((13,583072 42,854974, 13,583439 42,854978, 13,583433 42,855248, 13,583066 42,855244, 13,583072 42,854974));0,348497566;6;80;11;9;8;6;185;12,5;7;High
POLYGON ((13,582705 42,854969, 13,583072 42,854974, 13,583066 42,855244, 13,582699 42,855239, 13,582705 42,854969));0,517008443;63;73;10;17;9;6;185;12,5;3;Very High
POLYGON ((13,582338 42,854964, 13,582705 42,854969, 13,582699 42,855239, 13,582332 42,855235, 13,582338 42,854964));0,704734187;18;34;12;54;7;6;185;12,5;6;Medium-Low
POLYGON ((13,581971 42,85496, 13,582338 42,854964, 13,582332 42,855235, 13,581965 42,85523, 13,581971 42,85496));0,558137084;948;60;0;40;14;7;185;12,5;2;Very High
POLYGON ((13,581604 42,854955, 13,581971 42,85496, 13,581965 42,85523, 13,581598 42,855225, 13,581604 42,854955));0,391032465;49;75;8;17;10;7;185;12,5;7;High
POLYGON ((13,581237 42,854951, 13,581604 42,854955, 13,581598 42,855225, 13,581231 42,855221, 13,581237 42,854951));0,469100258;709;68;0;32;11;7;0,15;37,5;2;Very High
POLYGON ((13,58087 42,854946, 13,581237 42,854951, 13,581231 42,855221, 13,580864 42,855216, 13,58087 42,854946));0,399025462;559;65;0;35;8;6;0,15;37,5;3;Very High
POLYGON ((13,580503 42,854942, 13,58087 42,854946, 13,580864 42,855216, 13,580497 42,855212, 13,580503 42,854942));0,364844638;27;70;9;21;13;7;0,15;37,5;2;Very High
POLYGON ((13,580136 42,854937, 13,580503 42,854942, 13,580497 42,855212, 13,58013 42,855207, 13,580136 42,854937));0,339844059;9;69;8;23;10;7;0,15;37,5;2;Very High
POLYGON ((13,579769 42,854933, 13,580136 42,854937, 13,58013 42,855207, 13,579762 42,855203, 13,579769 42,854933));0,341899348;7;91;3;6;10;6;0,15;37,5;3;Very High
POLYGON ((13,579402 42,854928, 13,579769 42,854933, 13,579762 42,855203, 13,579395 42,855198, 13,579402 42,854928));0,399478955;37;81;3;16;11;7;0,15;37,5;2;Very High
POLYGON ((13,579034 42,854923, 13,579402 42,854928, 13,579395 42,855198, 13,579028 42,855194, 13,579034 42,854923));0,368155414;3;78;12;10;11;7;0,15;37,5;2;Very High
POLYGON ((13,578667 42,854919, 13,579034 42,854923, 13,579028 42,855194, 13,578661 42,855189, 13,578667 42,854919));0,261362879;43;74;17;9;12;7;0,15;37,5;2;Very High
POLYGON ((13,5783 42,854914, 13,578667 42,854919, 13,578661 42,855189, 13,578294 42,855184, 13,5783 42,854914));0,213531995;2;79;17;4;17;7;0,15;37,5;2;Very High
POLYGON ((13,577933 42,85491, 13,5783 42,854914, 13,578294 42,855184, 13,577927 42,85518, 13,577933 42,85491));0,32159729;17,61;67;25;8;16;7;0,15;37,5;2;Very High
POLYGON ((13,577566 42,854905, 13,577933 42,85491, 13,577927 42,85518, 13,57756 42,855175, 13,577566 42,854905));0,319116782;3;63;37;0;19;7;0,15;37,5;2;Very High
POLYGON ((13,577199 42,854901, 13,577566 42,854905, 13,57756 42,855175, 13,577193 42,855171, 13,577199 42,854901));0,359904889;3;69;27;4;15;7;0,15;37,5;2;Very High
POLYGON ((13,576832 42,854896, 13,577199 42,854901, 13,577193 42,855171, 13,576826 42,855166, 13,576832 42,854896));0,208895052;2;80;16;4;13;7;0,15;37,5;2;Very High
POLYGON ((13,576465 42,854892, 13,576832 42,854896, 13,576826 42,855166, 13,576459 42,855162, 13,576465 42,854892));0,20043541;2;88;8;4;10;6;0,15;37,5;3;Very High
POLYGON ((13,576098 42,854887, 13,576465 42,854892, 13,576459 42,855162, 13,576092 42,855157, 13,576098 42,854887));0,367505968;7;54;43;3;12;7;0,15;37,5;2;Very High
POLYGON ((13,575731 42,854882, 13,576098 42,854887, 13,576092 42,855157, 13,575725 42,855152, 13,575731 42,854882));0,225915872;2;83;15;2;13;7;0,15;37,5;2;Very High
POLYGON ((13,575364 42,854878, 13,575731 42,854882, 13,575725 42,855152, 13,575357 42,855148, 13,575364 42,854878));0,559723357;2,04;32;45;23;11;7;0,15;37,5;2;Very High
POLYGON ((13,574997 42,854873, 13,575364 42,854878, 13,575357 42,855148, 13,57499 42,855143, 13,574997 42,854873));0,34470922;31;75;15;10;11;7;0,15;37,5;2;Very High
POLYGON ((13,57463 42,854869, 13,574997 42,854873, 13,57499 42,855143, 13,574623 42,855139, 13,57463 42,854869));0,223372371;32,15;69;26;5;13;7;0,15;37,5;3;Very High
POLYGON ((13,574262 42,854864, 13,57463 42,854869, 13,574623 42,855139, 13,574256 42,855134, 13,574262 42,854864));0,196909478;6;84;11;5;13;7;0,15;37,5;2;Very High
POLYGON ((13,573895 42,85486, 13,574262 42,854864, 13,574256 42,855134, 13,573889 42,85513, 13,573895 42,85486));0,193225118;63;84;13;3;13;7;0,15;37,5;2;Very High
POLYGON ((13,573528 42,854855, 13,573895 42,85486, 13,573889 42,85513, 13,573522 42,855125, 13,573528 42,854855));0,176988947;6;83;15;2;13;7;0,15;37,5;2;Very High
POLYGON ((13,573161 42,85485, 13,573528 42,854855, 13,573522 42,855125, 13,573155 42,85512, 13,573161 42,85485));0,356450553;16;70;21;9;13;7;0,15;37,5;2;Very High
POLYGON ((13,572794 42,854846, 13,573161 42,85485, 13,573155 42,85512, 13,572788 42,855116, 13,572794 42,854846));0,468614515;5;59;40;1;13;7;0,15;37,5;2;Very High
POLYGON ((13,572427 42,854841, 13,572794 42,854846, 13,572788 42,855116, 13,572421 42,855111, 13,572427 42,854841));0,234357986;7;82;16;2;14;7;0,15;37,5;2;Very High
POLYGON ((13,57206 42,854837, 13,572427 42,854841, 13,572421 42,855111, 13,572054 42,855107, 13,57206 42,854837));0,246021209;7;83;15;2;14;7;0,15;37,5;2;Very High
POLYGON ((13,571693 42,854832, 13,57206 42,854837, 13,572054 42,855107, 13,571687 42,855102, 13,571693 42,854832));0,33465408;2,47;70;28;2;13;7;0,15;37,5;2;Very High
POLYGON ((13,571326 42,854828, 13,571693 42,854832, 13,571687 42,855102, 13,57132 42,855098, 13,571326 42,854828));0,240497572;14;76;19;5;11;7;0,15;37,5;2;Very High
POLYGON ((13,570959 42,854823, 13,571326 42,854828, 13,57132 42,855098, 13,570953 42,855093, 13,570959 42,854823));0,191400748;13;88;11;1;13;7;0,15;37,5;2;Very High
POLYGON ((13,570592 42,854818, 13,570959 42,854823, 13,570953 42,855093, 13,570585 42,855088, 13,570592 42,854818));0,224819522;3;83;14;3;13;7;0,15;37,5;2;Very High
POLYGON ((13,570225 42,854814, 13,570592 42,854818, 13,570585 42,855088, 13,570218 42,855084, 13,570225 42,854814));0,204043311;1;81;15;4;13;7;0,15;37,5;2;Very High
POLYGON ((13,569858 42,854809, 13,570225 42,854814, 13,570218 42,855084, 13,569851 42,855079, 13,569858 42,854809));0,236840193;1;84;15;1;12;7;0,15;37,5;2;Very High
POLYGON ((13,56949 42,854805, 13,569858 42,854809, 13,569851 42,855079, 13,569484 42,855075, 13,56949 42,854805));0,320837688;2;62;35;3;10;7;0,15;37,5;3;Very High
POLYGON ((13,569123 42,8548, 13,56949 42,854805, 13,569484 42,855075, 13,569117 42,85507, 13,569123 42,8548));0,306677163;1;80;16;4;11;7;0,15;37,5;2;Very High
POLYGON ((13,568756 42,854795, 13,569123 42,8548, 13,569117 42,85507, 13,56875 42,855065, 13,568756 42,854795));0,284672872;2;83;15;2;11;7;0,15;37,5;2;Very High
POLYGON ((13,568389 42,854791, 13,568756 42,854795, 13,56875 42,855065, 13,568383 42,855061, 13,568389 42,854791));0,42025456;1;51;30;19;9;6;0,15;37,5;3;Very High
POLYGON ((13,568022 42,854786, 13,568389 42,854791, 13,568383 42,855061, 13,568016 42,855056, 13,568022 42,854786));0,36840099;11;60;18;22;9;6;0,15;37,5;3;Very High
POLYGON ((13,567655 42,854782, 13,568022 42,854786, 13,568016 42,855056, 13,567649 42,855052, 13,567655 42,854782));0,406592932;12;50;44;6;13;7;0,15;37,5;2;Very High
POLYGON ((13,567288 42,854777, 13,567655 42,854782, 13,567649 42,855052, 13,567282 42,855047, 13,567288 42,854777));0,550838481;7;25;67;8;11;7;0,15;37,5;2;Very High
POLYGON ((13,566921 42,854772, 13,567288 42,854777, 13,567282 42,855047, 13,566915 42,855043, 13,566921 42,854772));0,599371039;7;24;51;25;9;6;0,15;37,5;3;Very High
POLYGON ((13,585648 42,854735, 13,586015 42,85474, 13,586009 42,85501, 13,585642 42,855005, 13,585648 42,854735));0,754901512;1;0;71;29;14;7;0,15;0;B;Low
POLYGON ((13,585281 42,854731, 13,585648 42,854735, 13,585642 42,855005, 13,585275 42,855001, 13,585281 42,854731));0;625;0;0;100;9;6;0,15;0;B;Low
POLYGON ((13,584914 42,854726, 13,585281 42,854731, 13,585275 42,855001, 13,584908 42,854996, 13,584914 42,854726));0,335611188;9;0;1;99;13;7;185;12,5;A;Very Low
POLYGON ((13,584547 42,854722, 13,584914 42,854726, 13,584908 42,854996, 13,584541 42,854992, 13,584547 42,854722));0,448691706;11;5;41;54;17;7;185;12,5;2;Very High
POLYGON ((13,58418 42,854717, 13,584547 42,854722, 13,584541 42,854992, 13,584174 42,854987, 13,58418 42,854717));0,58041125;2;45;27;28;6;6;0,15;37,5;3;Very High
POLYGON ((13,583813 42,854713, 13,58418 42,854717, 13,584174 42,854987, 13,583806 42,854983, 13,583813 42,854713));0,502121017;3;84;2;14;12;7;0,15;37,5;2;Very High
POLYGON ((13,583446 42,854708, 13,583813 42,854713, 13,583806 42,854983, 13,583439 42,854978, 13,583446 42,854708));0,284356929;16;84;11;5;8;6;0,15;37,5;3;Very High
POLYGON ((13,583079 42,854703, 13,583446 42,854708, 13,583439 42,854978, 13,583072 42,854974, 13,583079 42,854703));0,582389467;316;51;0;49;5;6;0,15;37,5;3;Very High
POLYGON ((13,582711 42,854699, 13,583079 42,854703, 13,583072 42,854974, 13,582705 42,854969, 13,582711 42,854699));0,549455258;59;62;2;36;6;6;185;12,5;3;Very High
POLYGON ((13,582344 42,854694, 13,582711 42,854699, 13,582705 42,854969, 13,582338 42,854964, 13,582344 42,854694));0,692093266;812;6;37;57;5;6;185;12,5;6;Medium-Low
POLYGON ((13,581977 42,85469, 13,582344 42,854694, 13,582338 42,854964, 13,581971 42,85496, 13,581977 42,85469));0,686694027;322;0;0;100;5;6;185;12,5;B;Low
POLYGON ((13,58161 42,854685, 13,581977 42,85469, 13,581971 42,85496, 13,581604 42,854955, 13,58161 42,854685));0,548372826;7;43;13;44;9;6;0,15;37,5;3;Very High
POLYGON ((13,581243 42,854681, 13,58161 42,854685, 13,581604 42,854955, 13,581237 42,854951, 13,581243 42,854681));0,46572773;430;24;0;76;6;6;0,15;37,5;6;Medium-Low
POLYGON ((13,580876 42,854676, 13,581243 42,854681, 13,581237 42,854951, 13,58087 42,854946, 13,580876 42,854676));0,538906862;360;78;0;22;5;6;0,15;37,5;3;Very High
POLYGON ((13,580509 42,854672, 13,580876 42,854676, 13,58087 42,854946, 13,580503 42,854942, 13,580509 42,854672));0,513266728;13;13;13;74;6;6;0,15;37,5;8;High
POLYGON ((13,580142 42,854667, 13,580509 42,854672, 13,580503 42,854942, 13,580136 42,854937, 13,580142 42,854667));0,569522936;3;33;17;50;5;6;0,15;37,5;3;Very High
POLYGON ((13,579775 42,854663, 13,580142 42,854667, 13,580136 42,854937, 13,579769 42,854933, 13,579775 42,854663));0,533593533;64;49;36;15;6;6;0,15;37,5;3;Very High
POLYGON ((13,579408 42,854658, 13,579775 42,854663, 13,579769 42,854933, 13,579402 42,854928, 13,579408 42,854658));0,439884624;50;77;0;23;11;7;0,15;37,5;2;Very High
POLYGON ((13,579041 42,854653, 13,579408 42,854658, 13,579402 42,854928, 13,579034 42,854923, 13,579041 42,854653));0,444260603;11;41;0;59;9;7;0,15;37,5;3;Very High
POLYGON ((13,578674 42,854649, 13,579041 42,854653, 13,579034 42,854923, 13,578667 42,854919, 13,578674 42,854649));0,392294;540;42;0;58;8;6;0,15;37,5;3;Very High
POLYGON ((13,578307 42,854644, 13,578674 42,854649, 13,578667 42,854919, 13,5783 42,854914, 13,578307 42,854644));0,309975519;23;72;23;5;14;7;0,15;37,5;2;Very High
POLYGON ((13,577939 42,85464, 13,578307 42,854644, 13,5783 42,854914, 13,577933 42,85491, 13,577939 42,85464));0,370398771;28;62;9;29;12;7;0,15;37,5;2;Very High
POLYGON ((13,577572 42,854635, 13,577939 42,85464, 13,577933 42,85491, 13,577566 42,854905, 13,577572 42,854635));0,298846131;37;78;4;18;12;7;0,15;37,5;2;Very High
POLYGON ((13,577205 42,854631, 13,577572 42,854635, 13,577566 42,854905, 13,577199 42,854901, 13,577205 42,854631));0,374877755;13;59;0;41;8;6;0,15;37,5;3;Very High
POLYGON ((13,576838 42,854626, 13,577205 42,854631, 13,577199 42,854901, 13,576832 42,854896, 13,576838 42,854626));0,426130117;15;69;2;29;12;7;0,15;37,5;2;Very High
POLYGON ((13,576471 42,854621, 13,576838 42,854626, 13,576832 42,854896, 13,576465 42,854892, 13,576471 42,854621));0,347411979;17;76;0;24;8;6;0,15;37,5;3;Very High
POLYGON ((13,576104 42,854617, 13,576471 42,854621, 13,576465 42,854892, 13,576098 42,854887, 13,576104 42,854617));0,298099617;1;69;30;1;14;7;0,15;37,5;2;Very High
POLYGON ((13,575737 42,854612, 13,576104 42,854617, 13,576098 42,854887, 13,575731 42,854882, 13,575737 42,854612));0;992;100;0;0;15;7;0,15;37,5;2;Very High
POLYGON ((13,57537 42,854608, 13,575737 42,854612, 13,575731 42,854882, 13,575364 42,854878, 13,57537 42,854608));0,623803226;21;11;75;14;4;6;0,15;37,5;3;Very High
POLYGON ((13,575003 42,854603, 13,57537 42,854608, 13,575364 42,854878, 13,574997 42,854873, 13,575003 42,854603));0,39557449;8;88;10;2;15;7;0,15;37,5;2;Very High
POLYGON ((13,574636 42,854599, 13,575003 42,854603, 13,574997 42,854873, 13,57463 42,854869, 13,574636 42,854599));0,151887223;2;90;6;4;12;7;0,15;37,5;2;Very High
POLYGON ((13,574269 42,854594, 13,574636 42,854599, 13,57463 42,854869, 13,574262 42,854864, 13,574269 42,854594));0,418771986;529;57;0;43;8;6;0,15;37,5;3;Very High
POLYGON ((13,573902 42,854589, 13,574269 42,854594, 13,574262 42,854864, 13,573895 42,85486, 13,573902 42,854589));0,358572971;3;90;10;0;11;7;0,15;37,5;2;Very High
POLYGON ((13,573535 42,854585, 13,573902 42,854589, 13,573895 42,85486, 13,573528 42,854855, 13,573535 42,854585));0,426809421;1;75;16;9;11;7;0,15;37,5;2;Very High
POLYGON ((13,573167 42,85458, 13,573535 42,854585, 13,573528 42,854855, 13,573161 42,85485, 13,573167 42,85458));0,402882378;6;78;4;18;9;6;0,15;37,5;3;Very High
POLYGON ((13,5728 42,854576, 13,573167 42,85458, 13,573161 42,85485, 13,572794 42,854846, 13,5728 42,854576));0,192793261;2;94;4;2;9;6;0,15;37,5;3;Very High
POLYGON ((13,572433 42,854571, 13,5728 42,854576, 13,572794 42,854846, 13,572427 42,854841, 13,572433 42,854571));0,348314036;725;85;0;15;11;7;0,15;37,5;2;Very High
POLYGON ((13,572066 42,854567, 13,572433 42,854571, 13,572427 42,854841, 13,57206 42,854837, 13,572066 42,854567));0,38141136;88;89;6;5;12;7;0,15;37,5;2;Very High
POLYGON ((13,571699 42,854562, 13,572066 42,854567, 13,57206 42,854837, 13,571693 42,854832, 13,571699 42,854562));0,378862298;45;89;6;5;13;7;0,15;37,5;2;Very High
POLYGON ((13,571332 42,854557, 13,571699 42,854562, 13,571693 42,854832, 13,571326 42,854828, 13,571332 42,854557));0,176243641;8;94;1;5;11;7;0,15;37,5;2;Very High
POLYGON ((13,570965 42,854553, 13,571332 42,854557, 13,571326 42,854828, 13,570959 42,854823, 13,570965 42,854553));0,294081517;6;77;10;13;12;7;0,15;37,5;2;Very High
POLYGON ((13,570598 42,854548, 13,570965 42,854553, 13,570959 42,854823, 13,570592 42,854818, 13,570598 42,854548));0,242765753;807;97;0;3;12;7;0,15;37,5;2;Very High
POLYGON ((13,570231 42,854544, 13,570598 42,854548, 13,570592 42,854818, 13,570225 42,854814, 13,570231 42,854544));0,293883437;33;86;0;14;13;7;0,15;37,5;2;Very High
POLYGON ((13,569864 42,854539, 13,570231 42,854544, 13,570225 42,854814, 13,569858 42,854809, 13,569864 42,854539));0,29108023;897;92;0;8;13;7;0,15;37,5;2;Very High
POLYGON ((13,569497 42,854535, 13,569864 42,854539, 13,569858 42,854809, 13,56949 42,854805, 13,569497 42,854535));0,291294461;4,04;86;9;5;14;7;0,15;37,5;2;Very High
POLYGON ((13,56913 42,85453, 13,569497 42,854535, 13,56949 42,854805, 13,569123 42,8548, 13,56913 42,85453));0,462595002;136;60;2;38;10;6;0,15;37,5;3;Very High
POLYGON ((13,568763 42,854525, 13,56913 42,85453, 13,569123 42,8548, 13,568756 42,854795, 13,568763 42,854525));0,29057704;1;72;20;8;13;7;0,15;37,5;3;Very High
POLYGON ((13,568395 42,854521, 13,568763 42,854525, 13,568756 42,854795, 13,568389 42,854791, 13,568395 42,854521));0,296490121;38;89;5;6;13;7;0,15;37,5;2;Very High
POLYGON ((13,568028 42,854516, 13,568395 42,854521, 13,568389 42,854791, 13,568022 42,854786, 13,568028 42,854516));0,241357366;11;93;3;4;10;7;0,15;37,5;2;Very High
POLYGON ((13,567661 42,854512, 13,568028 42,854516, 13,568022 42,854786, 13,567655 42,854782, 13,567661 42,854512));0,552120154;4;79;4;17;8;6;0,15;37,5;3;Very High
POLYGON ((13,567294 42,854507, 13,567661 42,854512, 13,567655 42,854782, 13,567288 42,854777, 13,567294 42,854507));0,571841859;800;11;70;19;8;6;0,15;37,5;3;Very High
POLYGON ((13,566927 42,854502, 13,567294 42,854507, 13,567288 42,854777, 13,566921 42,854772, 13,566927 42,854502));0,583092909;60;27;50;23;9;6;0,15;37,5;3;Very High
POLYGON ((13,56656 42,854498, 13,566927 42,854502, 13,566921 42,854772, 13,566554 42,854768, 13,56656 42,854498));0,538562673;23;26;65;9;8;6;185;12,5;3;Very High
POLYGON ((13,586021 42,85447, 13,586388 42,854474, 13,586382 42,854744, 13,586015 42,85474, 13,586021 42,85447));0,73861726;13;15;43;42;4;5;0,2;25;6;Medium-Low
POLYGON ((13,585654 42,854465, 13,586021 42,85447, 13,586015 42,85474, 13,585648 42,854735, 13,585654 42,854465));0,604735855;826;0;17;83;6;6;0,15;0;B;Low
POLYGON ((13,585287 42,854461, 13,585654 42,854465, 13,585648 42,854735, 13,585281 42,854731, 13,585287 42,854461));0,413767011;10;0;0;100;13;7;0,15;0;A;Very Low
POLYGON ((13,58492 42,854456, 13,585287 42,854461, 13,585281 42,854731, 13,584914 42,854726, 13,58492 42,854456));0,534421118;139;0;1;99;14;7;185;12,5;B;Low
POLYGON ((13,584553 42,854452, 13,58492 42,854456, 13,584914 42,854726, 13,584547 42,854722, 13,584553 42,854452));0,574063139;42;6;72;22;6;6;185;12,5;3;Very High
POLYGON ((13,584186 42,854447, 13,584553 42,854452, 13,584547 42,854722, 13,58418 42,854717, 13,584186 42,854447));0,3857203;5;75;18;7;8;6;0,15;37,5;3;Very High
POLYGON ((13,583819 42,854442, 13,584186 42,854447, 13,58418 42,854717, 13,583813 42,854713, 13,583819 42,854442));0,284226484;26;82;14;4;10;7;0,15;37,5;2;Very High
POLYGON ((13,583452 42,854438, 13,583819 42,854442, 13,583813 42,854713, 13,583446 42,854708, 13,583452 42,854438));0,141900319;602;100;0;0;9;6;0,15;37,5;3;Very High
POLYGON ((13,583085 42,854433, 13,583452 42,854438, 13,583446 42,854708, 13,583079 42,854703, 13,583085 42,854433));0,607627441;281;39;0;61;4;5;0,15;37,5;8;High
POLYGON ((13,582718 42,854429, 13,583085 42,854433, 13,583079 42,854703, 13,582711 42,854699, 13,582718 42,854429));0,663222851;2,3;7;3;90;3;5;185;12,5;7;High
POLYGON ((13,582351 42,854424, 13,582718 42,854429, 13,582711 42,854699, 13,582344 42,854694, 13,582351 42,854424));0,720057762;579;0;44;56;5;6;185;12,5;B;Low
POLYGON ((13,581983 42,85442, 13,582351 42,854424, 13,582344 42,854694, 13,581977 42,85469, 13,581983 42,85442));0,745739587;423;0;0;100;6;6;185;12,5;B;Low
POLYGON ((13,581616 42,854415, 13,581983 42,85442, 13,581977 42,85469, 13,58161 42,854685, 13,581616 42,854415));0,585869689;12,21;43;15;42;9;7;0,15;37,5;3;Very High
POLYGON ((13,581249 42,854411, 13,581616 42,854415, 13,58161 42,854685, 13,581243 42,854681, 13,581249 42,854411));0,284728194;59;89;6;5;8;6;0,15;37,5;3;Very High
POLYGON ((13,580882 42,854406, 13,581249 42,854411, 13,581243 42,854681, 13,580876 42,854676, 13,580882 42,854406));0,241140257;3;88;6;6;9;6;0,15;37,5;3;Very High
POLYGON ((13,580515 42,854402, 13,580882 42,854406, 13,580876 42,854676, 13,580509 42,854672, 13,580515 42,854402));0,317123758;78;76;12;12;8;6;0,15;37,5;3;Very High
POLYGON ((13,580148 42,854397, 13,580515 42,854402, 13,580509 42,854672, 13,580142 42,854667, 13,580148 42,854397));0,446502117;2;68;26;6;13;7;0,15;37,5;2;Very High
POLYGON ((13,579781 42,854392, 13,580148 42,854397, 13,580142 42,854667, 13,579775 42,854663, 13,579781 42,854392));0,492002827;27;54;41;5;12;7;0,15;37,5;2;Very High
POLYGON ((13,579414 42,854388, 13,579781 42,854392, 13,579775 42,854663, 13,579408 42,854658, 13,579414 42,854388));0,153521281;21;85;14;1;13;7;0,15;37,5;2;Very High
POLYGON ((13,579047 42,854383, 13,579414 42,854388, 13,579408 42,854658, 13,579041 42,854653, 13,579047 42,854383));0,17643435;12;94;6;0;11;7;0,15;37,5;2;Very High
POLYGON ((13,57868 42,854379, 13,579047 42,854383, 13,579041 42,854653, 13,578674 42,854649, 13,57868 42,854379));0,254885788;4;83;3;14;10;7;0,15;37,5;2;Very High
POLYGON ((13,578313 42,8543701, 13,57868 42,8543751, 13,578674 42,8546451, 13,578307 42,8546401, 13,578313 42,8543701));0,550405778;1;20;70;10;10;7;0,15;37,5;2;Very High
POLYGON ((13,577946 42,85437, 13,578313 42,854374, 13,578307 42,854644, 13,577939 42,85464, 13,577946 42,85437));0,607604852;4;12;75;13;10;7;0,15;37,5;2;Very High
POLYGON ((13,577579 42,854365, 13,577946 42,85437, 13,577939 42,85464, 13,577572 42,854635, 13,577579 42,854365));0,372501682;1;76;14;10;11;7;0,15;37,5;2;Very High
POLYGON ((13,577211 42,854361, 13,577579 42,854365, 13,577572 42,854635, 13,577205 42,854631, 13,577211 42,854361));0,344527835;2;80;7;13;10;7;0,15;37,5;3;Very High
POLYGON ((13,576844 42,854356, 13,577211 42,854361, 13,577205 42,854631, 13,576838 42,854626, 13,576844 42,854356));0,325801226;125;69;15;16;12;7;0,15;37,5;2;Very High
POLYGON ((13,576477 42,854351, 13,576844 42,854356, 13,576838 42,854626, 13,576471 42,854621, 13,576477 42,854351));0,325209622;8;73;25;2;16;7;0,15;37,5;2;Very High
POLYGON ((13,57611 42,854347, 13,576477 42,854351, 13,576471 42,854621, 13,576104 42,854617, 13,57611 42,854347));0,441738116;1;40;56;4;12;7;0,15;37,5;2;Very High
POLYGON ((13,575743 42,854342, 13,57611 42,854347, 13,576104 42,854617, 13,575737 42,854612, 13,575743 42,854342));0;718;100;0;0;11;7;0,15;37,5;2;Very High
POLYGON ((13,575376 42,854338, 13,575743 42,854342, 13,575737 42,854612, 13,57537 42,854608, 13,575376 42,854338));0,577943731;1;64;31;5;3;5;0,15;37,5;3;Very High
POLYGON ((13,575009 42,854333, 13,575376 42,854338, 13,57537 42,854608, 13,575003 42,854603, 13,575009 42,854333));0,225963036;2;87;10;3;17;7;0,15;37,5;2;Very High
POLYGON ((13,574642 42,854329, 13,575009 42,854333, 13,575003 42,854603, 13,574636 42,854599, 13,574642 42,854329));0,144582208;8;87;9;4;12;7;0,15;37,5;2;Very High
POLYGON ((13,574275 42,854324, 13,574642 42,854329, 13,574636 42,854599, 13,574269 42,854594, 13,574275 42,854324));0,176037533;3;92;8;0;14;7;0,15;37,5;2;Very High
POLYGON ((13,573908 42,854319, 13,574275 42,854324, 13,574269 42,854594, 13,573902 42,854589, 13,573908 42,854319));0,321117456;8;67;24;9;13;7;0,15;37,5;2;Very High
POLYGON ((13,573541 42,854315, 13,573908 42,854319, 13,573902 42,854589, 13,573535 42,854585, 13,573541 42,854315));0,589720194;15;35;53;12;12;7;0,15;37,5;2;Very High
POLYGON ((13,573174 42,85431, 13,573541 42,854315, 13,573535 42,854585, 13,573167 42,85458, 13,573174 42,85431));0,36381542;4;68;24;8;9;6;0,15;37,5;3;Very High
POLYGON ((13,572807 42,854306, 13,573174 42,85431, 13,573167 42,85458, 13,5728 42,854576, 13,572807 42,854306));0,270229602;5;90;9;1;9;6;0,15;37,5;3;Very High
POLYGON ((13,57244 42,854301, 13,572807 42,854306, 13,5728 42,854576, 13,572433 42,854571, 13,57244 42,854301));0,440179983;23;48;4;48;7;6;0,15;37,5;3;Very High
POLYGON ((13,572072 42,854297, 13,57244 42,854301, 13,572433 42,854571, 13,572066 42,854567, 13,572072 42,854297));0,468205435;2;55;35;10;8;6;0,15;37,5;3;Very High
POLYGON ((13,571705 42,854292, 13,572072 42,854297, 13,572066 42,854567, 13,571699 42,854562, 13,571705 42,854292));0,474919499;18;44;37;19;7;6;0,15;37,5;3;Very High
POLYGON ((13,571338 42,854287, 13,571705 42,854292, 13,571699 42,854562, 13,571332 42,854557, 13,571338 42,854287));0,440783606;20;43;36;21;8;6;0,15;37,5;3;Very High
POLYGON ((13,570971 42,854283, 13,571338 42,854287, 13,571332 42,854557, 13,570965 42,854553, 13,570971 42,854283));0,507324586;2;41;53;6;8;6;0,15;37,5;3;Very High
POLYGON ((13,570604 42,854278, 13,570971 42,854283, 13,570965 42,854553, 13,570598 42,854548, 13,570604 42,854278));0,505199467;2;72;7;21;7;6;0,15;37,5;3;Very High
POLYGON ((13,570237 42,854274, 13,570604 42,854278, 13,570598 42,854548, 13,570231 42,854544, 13,570237 42,854274));0,535502232;20;12;0;88;11;7;0,15;37,5;2;Very High
POLYGON ((13,56987 42,854269, 13,570237 42,854274, 13,570231 42,854544, 13,569864 42,854539, 13,56987 42,854269));0,521798746;359;33;0;67;5;6;0,15;37,5;8;High
POLYGON ((13,569503 42,854264, 13,56987 42,854269, 13,569864 42,854539, 13,569497 42,854535, 13,569503 42,854264));0,416014336;12;63;12;25;7;6;0,15;37,5;3;Very High
POLYGON ((13,569136 42,85426, 13,569503 42,854264, 13,569497 42,854535, 13,56913 42,85453, 13,569136 42,85426));0,524503239;452;13;0;87;7;6;0,15;37,5;8;High
POLYGON ((13,568769 42,854255, 13,569136 42,85426, 13,56913 42,85453, 13,568763 42,854525, 13,568769 42,854255));0,419309968;1,77;81;19;0;15;7;0,15;37,5;2;Very High
POLYGON ((13,568402 42,854251, 13,568769 42,854255, 13,568763 42,854525, 13,568395 42,854521, 13,568402 42,854251));0,415873225;10,37;33;30;37;13;7;0,15;37,5;2;Very High
POLYGON ((13,568035 42,854246, 13,568402 42,854251, 13,568395 42,854521, 13,568028 42,854516, 13,568035 42,854246));0,431155953;8;64;23;13;7;6;0,15;37,5;3;Very High
POLYGON ((13,567668 42,854241, 13,568035 42,854246, 13,568028 42,854516, 13,567661 42,854512, 13,567668 42,854241));0,574935829;457;14;50;36;5;6;0,15;37,5;6;Medium-Low
POLYGON ((13,567301 42,854237, 13,567668 42,854241, 13,567661 42,854512, 13,567294 42,854507, 13,567301 42,854237));0,467622066;3;61;17;22;11;7;0,15;37,5;2;Very High
POLYGON ((13,566933 42,854232, 13,567301 42,854237, 13,567294 42,854507, 13,566927 42,854502, 13,566933 42,854232));0,634432525;17;1;0;99;3;5;0,15;37,5;7;High
POLYGON ((13,566566 42,854228, 13,566933 42,854232, 13,566927 42,854502, 13,56656 42,854498, 13,566566 42,854228));0,623307908;426;0;57;43;4;5;185;12,5;B;Low
POLYGON ((13,586027 42,8542, 13,586395 42,854204, 13,586388 42,854474, 13,586021 42,85447, 13,586027 42,8542));0,576396511;22;5;19;76;5;6;0,2;25;8;High
POLYGON ((13,58566 42,854195, 13,586027 42,8542, 13,586021 42,85447, 13,585654 42,854465, 13,58566 42,854195));0,51962055;424;0;0;100;6;6;0,15;0;B;Low
POLYGON ((13,585293 42,854191, 13,58566 42,854195, 13,585654 42,854465, 13,585287 42,854461, 13,585293 42,854191));0,409342188;40;0;0;100;8;6;0,15;0;B;Low
POLYGON ((13,584926 42,854186, 13,585293 42,854191, 13,585287 42,854461, 13,58492 42,854456, 13,584926 42,854186));0,465351306;969;0;0;100;15;7;185;12,5;B;Low
POLYGON ((13,584559 42,854181, 13,584926 42,854186, 13,58492 42,854456, 13,584553 42,854452, 13,584559 42,854181));0,474076057;23;49;28;23;12;7;185;12,5;3;Very High
POLYGON ((13,584192 42,854177, 13,584559 42,854181, 13,584553 42,854452, 13,584186 42,854447, 13,584192 42,854177));0,321242018;53;67;30;3;21;8;0,15;37,5;2;Very High
POLYGON ((13,583825 42,854172, 13,584192 42,854177, 13,584186 42,854447, 13,583819 42,854442, 13,583825 42,854172));0,229291924;2;78;20;2;14;7;0,15;37,5;3;Very High
POLYGON ((13,583458 42,854168, 13,583825 42,854172, 13,583819 42,854442, 13,583452 42,854438, 13,583458 42,854168));0,345060825;638;87;0;13;10;6;0,15;37,5;3;Very High
POLYGON ((13,583091 42,854163, 13,583458 42,854168, 13,583452 42,854438, 13,583085 42,854433, 13,583091 42,854163));0,509658829;465;63;0;37;7;6;0,15;37,5;3;Very High
POLYGON ((13,582724 42,854159, 13,583091 42,854163, 13,583085 42,854433, 13,582718 42,854429, 13,582724 42,854159));0,606719636;1;24;22;54;5;6;185;12,5;6;Medium-Low
POLYGON ((13,582357 42,854154, 13,582724 42,854159, 13,582718 42,854429, 13,582351 42,854424, 13,582357 42,854154));0,625946887;1;20;19;61;8;6;185;12,5;6;Medium-Low
POLYGON ((13,58199 42,85415, 13,582357 42,854154, 13,582351 42,854424, 13,581983 42,85442, 13,58199 42,85415));0,587967502;6,25;13;13;74;10;7;185;12,5;9;Low
POLYGON ((13,581623 42,854145, 13,58199 42,85415, 13,581983 42,85442, 13,581616 42,854415, 13,581623 42,854145));0,503315159;39;39;8;53;8;6;0,15;37,5;3;Very High
POLYGON ((13,581255 42,854141, 13,581623 42,854145, 13,581616 42,854415, 13,581249 42,854411, 13,581255 42,854141));0,41699925;484;68;0;32;7;6;0,15;37,5;3;Very High
POLYGON ((13,580888 42,854136, 13,581255 42,854141, 13,581249 42,854411, 13,580882 42,854406, 13,580888 42,854136));0,487985218;462;63;0;37;7;6;0,15;37,5;3;Very High
POLYGON ((13,580521 42,854131, 13,580888 42,854136, 13,580882 42,854406, 13,580515 42,854402, 13,580521 42,854131));0,332177493;2;73;10;17;8;6;0,15;37,5;3;Very High
POLYGON ((13,580154 42,854127, 13,580521 42,854131, 13,580515 42,854402, 13,580148 42,854397, 13,580154 42,854127));0,466803204;32;39;15;46;16;7;0,15;37,5;2;Very High
POLYGON ((13,579787 42,854122, 13,580154 42,854127, 13,580148 42,854397, 13,579781 42,854392, 13,579787 42,854122));0,453534336;123;50;10;40;12;7;0,15;37,5;2;Very High
POLYGON ((13,57942 42,854118, 13,579787 42,854122, 13,579781 42,854392, 13,579414 42,854388, 13,57942 42,854118));0,313369947;36;84;5;11;10;7;0,15;37,5;2;Very High
POLYGON ((13,579053 42,854113, 13,57942 42,854118, 13,579414 42,854388, 13,579047 42,854383, 13,579053 42,854113));0,221022045;5;83;5;12;12;7;0,15;37,5;2;Very High
POLYGON ((13,578686 42,854109, 13,579053 42,854113, 13,579047 42,854383, 13,57868 42,854379, 13,578686 42,854109));0,340658536;4;74;1;25;11;7;0,15;37,5;2;Very High
POLYGON ((13,578319 42,854104, 13,578686 42,854109, 13,57868 42,854379, 13,578313 42,854374, 13,578319 42,854104));0,250074571;5;82;13;5;12;7;0,15;37,5;2;Very High
POLYGON ((13,577952 42,8541, 13,578319 42,854104, 13,578313 42,854374, 13,577946 42,85437, 13,577952 42,8541));0,323389229;24;91;2;7;10;7;0,15;37,5;2;Very High
POLYGON ((13,5775743 42,8540793, 13,5779413 42,8540843, 13,5779353 42,8543543, 13,5775683 42,8543493, 13,5775743 42,8540793));0,253931651;7;86;6;8;11;7;0,15;37,5;2;Very High
POLYGON ((13,577218 42,85409, 13,577585 42,854095, 13,577579 42,854365, 13,577211 42,854361, 13,577218 42,85409));0,489863828;369;43;0;57;6;6;0,15;37,5;3;Very High
POLYGON ((13,576851 42,854086, 13,577218 42,85409, 13,577211 42,854361, 13,576844 42,854356, 13,576851 42,854086));0,20418699;8;74;19;7;13;7;0,15;37,5;2;Very High
POLYGON ((13,576484 42,854081, 13,576851 42,854086, 13,576844 42,854356, 13,576477 42,854351, 13,576484 42,854081));0,317368487;205;76;20;4;21;8;0,15;37,5;2;Very High
POLYGON ((13,576116 42,854077, 13,576484 42,854081, 13,576477 42,854351, 13,57611 42,854347, 13,576116 42,854077));0,452281628;1;31;67;2;11;7;0,15;37,5;2;Very High
POLYGON ((13,575749 42,854072, 13,576116 42,854077, 13,57611 42,854347, 13,575743 42,854342, 13,575749 42,854072));0,25050271;2;76;21;3;12;7;0,15;37,5;3;Very High
POLYGON ((13,575382 42,854068, 13,575749 42,854072, 13,575743 42,854342, 13,575376 42,854338, 13,575382 42,854068));0,369766752;6;80;16;4;10;7;0,15;37,5;2;Very High
POLYGON ((13,575015 42,854063, 13,575382 42,854068, 13,575376 42,854338, 13,575009 42,854333, 13,575015 42,854063));0,255320227;90;74;24;2;13;7;0,15;37,5;3;Very High
POLYGON ((13,574648 42,854058, 13,575015 42,854063, 13,575009 42,854333, 13,574642 42,854329, 13,574648 42,854058));0,20500635;9;95;3;2;12;7;0,15;37,5;2;Very High
POLYGON ((13,574281 42,854054, 13,574648 42,854058, 13,574642 42,854329, 13,574275 42,854324, 13,574281 42,854054));0,181253805;756;94;0;6;11;7;0,15;37,5;2;Very High
POLYGON ((13,573914 42,854049, 13,574281 42,854054, 13,574275 42,854324, 13,573908 42,854319, 13,573914 42,854049));0,267866929;2;83;3;14;10;6;0,15;37,5;3;Very High
POLYGON ((13,573547 42,854045, 13,573914 42,854049, 13,573908 42,854319, 13,573541 42,854315, 13,573547 42,854045));0,188905922;719;93;0;7;11;7;0,15;37,5;2;Very High
POLYGON ((13,57318 42,85404, 13,573547 42,854045, 13,573541 42,854315, 13,573174 42,85431, 13,57318 42,85404));0,252590534;42;91;1;8;9;6;0,15;37,5;3;Very High
POLYGON ((13,572813 42,854036, 13,57318 42,85404, 13,573174 42,85431, 13,572807 42,854306, 13,572813 42,854036));0,317635454;13;82;8;10;10;7;0,15;37,5;2;Very High
POLYGON ((13,572446 42,854031, 13,572813 42,854036, 13,572807 42,854306, 13,57244 42,854301, 13,572446 42,854031));0,547343029;5;61;11;28;7;6;0,15;37,5;3;Very High
POLYGON ((13,572079 42,854026, 13,572446 42,854031, 13,57244 42,854301, 13,572072 42,854297, 13,572079 42,854026));0,510761822;2;48;30;22;9;7;0,15;37,5;3;Very High
POLYGON ((13,571712 42,854022, 13,572079 42,854026, 13,572072 42,854297, 13,571705 42,854292, 13,571712 42,854022));0,357450142;15;74;19;7;11;7;0,15;37,5;2;Very High
POLYGON ((13,571345 42,854017, 13,571712 42,854022, 13,571705 42,854292, 13,571338 42,854287, 13,571345 42,854017));0,375304437;3;52;37;11;9;6;0,15;37,5;3;Very High
POLYGON ((13,570977 42,854013, 13,571345 42,854017, 13,571338 42,854287, 13,570971 42,854283, 13,570977 42,854013));0,351888154;2;76;14;10;10;7;0,15;37,5;2;Very High
POLYGON ((13,57061 42,854008, 13,570977 42,854013, 13,570971 42,854283, 13,570604 42,854278, 13,57061 42,854008));0,462269558;60;72;18;10;6;6;0,15;37,5;3;Very High
POLYGON ((13,570243 42,854004, 13,57061 42,854008, 13,570604 42,854278, 13,570237 42,854274, 13,570243 42,854004));0,399929781;2;66;9;25;12;7;0,15;37,5;2;Very High
POLYGON ((13,569876 42,853999, 13,570243 42,854004, 13,570237 42,854274, 13,56987 42,854269, 13,569876 42,853999));0,359200431;3;80;8;12;10;7;0,15;37,5;3;Very High
POLYGON ((13,569509 42,853994, 13,569876 42,853999, 13,56987 42,854269, 13,569503 42,854264, 13,569509 42,853994));0,391102781;2;59;37;4;13;7;0,15;37,5;2;Very High
POLYGON ((13,569142 42,85399, 13,569509 42,853994, 13,569503 42,854264, 13,569136 42,85426, 13,569142 42,85399));0,407196741;1;54;36;10;13;7;0,15;37,5;2;Very High
POLYGON ((13,568775 42,853985, 13,569142 42,85399, 13,569136 42,85426, 13,568769 42,854255, 13,568775 42,853985));0,553071495;70;37;52;11;14;7;0,15;37,5;2;Very High
POLYGON ((13,568408 42,853981, 13,568775 42,853985, 13,568769 42,854255, 13,568402 42,854251, 13,568408 42,853981));0,569494496;714;44;55;1;9;6;0,15;37,5;3;Very High
POLYGON ((13,568041 42,853976, 13,568408 42,853981, 13,568402 42,854251, 13,568035 42,854246, 13,568041 42,853976));0,666692681;3;20;33;47;5;5;0,15;37,5;6;Medium-Low
POLYGON ((13,567674 42,853971, 13,568041 42,853976, 13,568035 42,854246, 13,567668 42,854241, 13,567674 42,853971));0,738278179;20;0;9;91;4;6;0,15;37,5;B;Low
POLYGON ((13,567307 42,853967, 13,567674 42,853971, 13,567668 42,854241, 13,567301 42,854237, 13,567307 42,853967));0,701099647;44;7;1;92;4;6;0,15;37,5;3;Very High
POLYGON ((13,56694 42,853962, 13,567307 42,853967, 13,567301 42,854237, 13,566933 42,854232, 13,56694 42,853962));0,666173831;222;0;0;100;3;5;185;12,5;B;Low
POLYGON ((13,566573 42,853958, 13,56694 42,853962, 13,566933 42,854232, 13,566566 42,854228, 13,566573 42,853958));0,648475364;12;0;51;49;4;5;185;12,5;B;Low
POLYGON ((13,586034 42,85393, 13,586401 42,853934, 13,586395 42,854204, 13,586027 42,8542, 13,586034 42,85393));0,700955221;3;0;62;38;5;6;185;12,5;B;Low
POLYGON ((13,585667 42,853925, 13,586034 42,85393, 13,586027 42,8542, 13,58566 42,854195, 13,585667 42,853925));0,630156094;13;0;53;47;6;6;185;12,5;B;Low
POLYGON ((13,585299 42,85392, 13,585667 42,853925, 13,58566 42,854195, 13,585293 42,854191, 13,585299 42,85392));0,563880792;15;0;66;34;7;6;185;12,5;B;Low
POLYGON ((13,584932 42,853916, 13,585299 42,85392, 13,585293 42,854191, 13,584926 42,854186, 13,584932 42,853916));0,726831388;25;0;55;45;8;6;185;12,5;B;Low
POLYGON ((13,584565 42,853911, 13,584932 42,853916, 13,584926 42,854186, 13,584559 42,854181, 13,584565 42,853911));0,642052217;1;4;95;1;7;6;185;12,5;3;Very High
POLYGON ((13,584198 42,853907, 13,584565 42,853911, 13,584559 42,854181, 13,584192 42,854177, 13,584198 42,853907));0,527517358;1;17;69;14;14;7;185;12,5;2;Very High
POLYGON ((13,583831 42,853902, 13,584198 42,853907, 13,584192 42,854177, 13,583825 42,854172, 13,583831 42,853902));0,518591706;1;27;69;4;16;7;0,15;37,5;2;Very High
POLYGON ((13,583464 42,853898, 13,583831 42,853902, 13,583825 42,854172, 13,583458 42,854168, 13,583464 42,853898));0,571925176;105;62;36;2;15;7;0,15;37,5;2;Very High
POLYGON ((13,583097 42,853893, 13,583464 42,853898, 13,583458 42,854168, 13,583091 42,854163, 13,583097 42,853893));0,532531051;587;53;33;14;9;6;185;12,5;3;Very High
POLYGON ((13,58273 42,853889, 13,583097 42,853893, 13,583091 42,854163, 13,582724 42,854159, 13,58273 42,853889));0,58550062;69;30;53;17;7;6;185;12,5;3;Very High
POLYGON ((13,582363 42,853884, 13,58273 42,853889, 13,582724 42,854159, 13,582357 42,854154, 13,582363 42,853884));0,582337637;36;30;27;43;7;6;185;12,5;6;Medium-Low
POLYGON ((13,581996 42,85388, 13,582363 42,853884, 13,582357 42,854154, 13,58199 42,85415, 13,581996 42,85388));0,538005058;32;12;48;40;7;6;185;12,5;6;Medium-Low
POLYGON ((13,581629 42,853875, 13,581996 42,85388, 13,58199 42,85415, 13,581623 42,854145, 13,581629 42,853875));0,399643169;103;50;15;35;10;7;185;12,5;2;Very High
POLYGON ((13,581262 42,853871, 13,581629 42,853875, 13,581623 42,854145, 13,581255 42,854141, 13,581262 42,853871));0,351447011;1;66;10;24;11;7;185;12,5;7;High
POLYGON ((13,580895 42,853866, 13,581262 42,853871, 13,581255 42,854141, 13,580888 42,854136, 13,580895 42,853866));0,467125663;44;68;6;26;10;7;0,15;37,5;3;Very High
POLYGON ((13,580528 42,853861, 13,580895 42,853866, 13,580888 42,854136, 13,580521 42,854131, 13,580528 42,853861));0,32228482;5;66;15;19;12;7;0,15;37,5;2;Very High
POLYGON ((13,58016 42,853857, 13,580528 42,853861, 13,580521 42,854131, 13,580154 42,854127, 13,58016 42,853857));0,496827788;3;0;26;74;6;6;0,15;37,5;B;Low
POLYGON ((13,579793 42,853852, 13,58016 42,853857, 13,580154 42,854127, 13,579787 42,854122, 13,579793 42,853852));0,58431176;31;50;12;38;6;6;0,15;37,5;3;Very High
POLYGON ((13,579426 42,853848, 13,579793 42,853852, 13,579787 42,854122, 13,57942 42,854118, 13,579426 42,853848));0,485986169;7;41;6;53;8;6;0,15;37,5;3;Very High
POLYGON ((13,579059 42,853843, 13,579426 42,853848, 13,57942 42,854118, 13,579053 42,854113, 13,579059 42,853843));0,207190107;37;85;10;5;15;7;0,15;37,5;2;Very High
POLYGON ((13,578692 42,853839, 13,579059 42,853843, 13,579053 42,854113, 13,578686 42,854109, 13,578692 42,853839));0,20537413;2;80;9;11;14;7;0,15;37,5;2;Very High
POLYGON ((13,578325 42,853834, 13,578692 42,853839, 13,578686 42,854109, 13,578319 42,854104, 13,578325 42,853834));0,344363745;7;70;12;18;10;7;0,15;37,5;2;Very High
POLYGON ((13,577958 42,85383, 13,578325 42,853834, 13,578319 42,854104, 13,577952 42,8541, 13,577958 42,85383));0,216320171;4;90;6;4;12;7;0,15;37,5;2;Very High
POLYGON ((13,577591 42,853825, 13,577958 42,85383, 13,577952 42,8541, 13,577585 42,854095, 13,577591 42,853825));0,354684138;3;84;4;12;7;6;0,15;37,5;3;Very High
POLYGON ((13,577224 42,85382, 13,577591 42,853825, 13,577585 42,854095, 13,577218 42,85409, 13,577224 42,85382));0,382146841;598;68;0;32;9;6;0,15;37,5;3;Very High
POLYGON ((13,576857 42,853816, 13,577224 42,85382, 13,577218 42,85409, 13,576851 42,854086, 13,576857 42,853816));0,141767656;91;89;9;2;13;7;0,15;37,5;2;Very High
POLYGON ((13,57649 42,853811, 13,576857 42,853816, 13,576851 42,854086, 13,576484 42,854081, 13,57649 42,853811));0,160839653;110;86;12;2;16;7;0,15;37,5;2;Very High
POLYGON ((13,576123 42,853807, 13,57649 42,853811, 13,576484 42,854081, 13,576116 42,854077, 13,576123 42,853807));0,299382779;1;65;32;3;15;7;0,15;37,5;2;Very High
POLYGON ((13,575756 42,853802, 13,576123 42,853807, 13,576116 42,854077, 13,575749 42,854072, 13,575756 42,853802));0,226248814;4;80;18;2;11;7;0,15;37,5;2;Very High
POLYGON ((13,575389 42,853798, 13,575756 42,853802, 13,575749 42,854072, 13,575382 42,854068, 13,575389 42,853798));0,397990976;1,13;60;38;2;13;7;0,15;37,5;2;Very High
POLYGON ((13,575021 42,853793, 13,575389 42,853798, 13,575382 42,854068, 13,575015 42,854063, 13,575021 42,853793));0,459285371;1;42;56;2;11;7;0,15;37,5;2;Very High
POLYGON ((13,574654 42,853788, 13,575021 42,853793, 13,575015 42,854063, 13,574648 42,854058, 13,574654 42,853788));0,142453436;30;94;4;2;12;7;0,15;37,5;2;Very High
POLYGON ((13,574287 42,853784, 13,574654 42,853788, 13,574648 42,854058, 13,574281 42,854054, 13,574287 42,853784));0,234071921;6;86;12;2;9;6;0,15;37,5;3;Very High
POLYGON ((13,57392 42,853779, 13,574287 42,853784, 13,574281 42,854054, 13,573914 42,854049, 13,57392 42,853779));0,219270634;6,3;87;10;3;12;7;0,15;37,5;2;Very High
POLYGON ((13,573553 42,853775, 13,57392 42,853779, 13,573914 42,854049, 13,573547 42,854045, 13,573553 42,853775));0,300015515;3;85;1;14;10;7;0,15;37,5;2;Very High
POLYGON ((13,573186 42,85377, 13,573553 42,853775, 13,573547 42,854045, 13,57318 42,85404, 13,573186 42,85377));0,284723903;21;91;3;6;10;7;0,15;37,5;2;Very High
POLYGON ((13,572819 42,853766, 13,573186 42,85377, 13,57318 42,85404, 13,572813 42,854036, 13,572819 42,853766));0,208156932;696;81;7;12;10;7;0,15;37,5;3;Very High
POLYGON ((13,572452 42,853761, 13,572819 42,853766, 13,572813 42,854036, 13,572446 42,854031, 13,572452 42,853761));0,282026112;99;83;5;12;10;7;0,15;37,5;3;Very High
POLYGON ((13,572085 42,853756, 13,572452 42,853761, 13,572446 42,854031, 13,572079 42,854026, 13,572085 42,853756));0,317722502;3;75;15;10;13;7;0,15;37,5;2;Very High
POLYGON ((13,571718 42,853752, 13,572085 42,853756, 13,572079 42,854026, 13,571712 42,854022, 13,571718 42,853752));0,336775294;2;73;26;1;15;7;0,15;37,5;2;Very High
POLYGON ((13,571351 42,853747, 13,571718 42,853752, 13,571712 42,854022, 13,571345 42,854017, 13,571351 42,853747));0,400897783;1;45;43;12;12;7;0,15;37,5;2;Very High
POLYGON ((13,570984 42,853743, 13,571351 42,853747, 13,571345 42,854017, 13,570977 42,854013, 13,570984 42,853743));0,477807989;34;49;44;7;10;7;0,15;37,5;3;Very High
POLYGON ((13,570617 42,853738, 13,570984 42,853743, 13,570977 42,854013, 13,57061 42,854008, 13,570617 42,853738));0,405761429;7,14;56;40;4;10;7;0,15;37,5;2;Very High
POLYGON ((13,57025 42,853733, 13,570617 42,853738, 13,57061 42,854008, 13,570243 42,854004, 13,57025 42,853733));0,31583826;24;58;33;9;17;7;0,15;37,5;2;Very High
POLYGON ((13,569882 42,853729, 13,57025 42,853733, 13,570243 42,854004, 13,569876 42,853999, 13,569882 42,853729));0,344430429;51,62;56;26;18;15;7;0,15;37,5;2;Very High
POLYGON ((13,569515 42,853724, 13,569882 42,853729, 13,569876 42,853999, 13,569509 42,853994, 13,569515 42,853724));0,464903304;6;55;30;15;9;6;185;12,5;3;Very High
POLYGON ((13,569148 42,85372, 13,569515 42,853724, 13,569509 42,853994, 13,569142 42,85399, 13,569148 42,85372));0,531968294;5;23;14;63;6;6;185;12,5;6;Medium-Low
POLYGON ((13,568781 42,853715, 13,569148 42,85372, 13,569142 42,85399, 13,568775 42,853985, 13,568781 42,853715));0,691564262;979;24;45;31;8;6;185;12,5;6;Medium-Low
POLYGON ((13,568414 42,853711, 13,568781 42,853715, 13,568775 42,853985, 13,568408 42,853981, 13,568414 42,853711));0,81063891;200;9;59;32;4;5;185;12,5;6;Medium-Low
POLYGON ((13,568047 42,853706, 13,568414 42,853711, 13,568408 42,853981, 13,568041 42,853976, 13,568047 42,853706));0,81852007;11;1;4;95;2;5;185;12,5;7;High
POLYGON ((13,56768 42,853701, 13,568047 42,853706, 13,568041 42,853976, 13,567674 42,853971, 13,56768 42,853701));0,710931131;301;0;0;100;5;6;185;12,5;B;Low
POLYGON ((13,567313 42,853697, 13,56768 42,853701, 13,567674 42,853971, 13,567307 42,853967, 13,567313 42,853697));0,708846561;231;0;0;100;3;5;185;12,5;B;Low
POLYGON ((13,566946 42,853692, 13,567313 42,853697, 13,567307 42,853967, 13,56694 42,853962, 13,566946 42,853692));0,723164628;171;0;0;100;3;5;185;12,5;C;Low
POLYGON ((13,566579 42,853688, 13,566946 42,853692, 13,56694 42,853962, 13,566573 42,853958, 13,566579 42,853688));0,615629663;92;0;20;80;4;6;185;12,5;B;Low
POLYGON ((13,586407 42,853664, 13,586774 42,853669, 13,586768 42,853939, 13,586401 42,853934, 13,586407 42,853664));0,433473041;69;49;39;12;15;7;185;12,5;2;Very High
POLYGON ((13,58604 42,853659, 13,586407 42,853664, 13,586401 42,853934, 13,586034 42,85393, 13,58604 42,853659));0,550493213;19;0;8;92;4;5;185;12,5;B;Low
POLYGON ((13,585673 42,853655, 13,58604 42,853659, 13,586034 42,85393, 13,585667 42,853925, 13,585673 42,853655));0,428245569;3;0;3;97;6;6;185;12,5;B;Low
POLYGON ((13,585306 42,85365, 13,585673 42,853655, 13,585667 42,853925, 13,585299 42,85392, 13,585306 42,85365));0,183151298;15;0;4;96;10;7;185;12,5;A;Very Low
POLYGON ((13,584939 42,853646, 13,585306 42,85365, 13,585299 42,85392, 13,584932 42,853916, 13,584939 42,853646));0,626853165;7,26;0;3;97;6;6;185;12,5;B;Low
POLYGON ((13,584571 42,853641, 13,584939 42,853646, 13,584932 42,853916, 13,584565 42,853911, 13,584571 42,853641));0,574362005;9;16;39;45;7;6;185;12,5;6;Medium-Low
POLYGON ((13,584204 42,853637, 13,584571 42,853641, 13,584565 42,853911, 13,584198 42,853907, 13,584204 42,853637));0,544431535;2;0;38;62;12;7;185;12,5;A;Very Low
POLYGON ((13,583837 42,853632, 13,584204 42,853637, 13,584198 42,853907, 13,583831 42,853902, 13,583837 42,853632));0,586146813;32;0;41;59;6;6;185;12,5;B;Low
POLYGON ((13,58347 42,853628, 13,583837 42,853632, 13,583831 42,853902, 13,583464 42,853898, 13,58347 42,853628));0,596140101;539;0;63;37;7;6;185;12,5;B;Low
POLYGON ((13,583103 42,853623, 13,58347 42,853628, 13,583464 42,853898, 13,583097 42,853893, 13,583103 42,853623));0,575867823;26;0;38;62;8;6;185;12,5;B;Low
POLYGON ((13,582736 42,853619, 13,583103 42,853623, 13,583097 42,853893, 13,58273 42,853889, 13,582736 42,853619));0,573472344;16;0;24;76;7;6;185;12,5;B;Low
POLYGON ((13,582369 42,853614, 13,582736 42,853619, 13,58273 42,853889, 13,582363 42,853884, 13,582369 42,853614));0,508784008;51;0;18;82;10;7;185;12,5;B;Low
POLYGON ((13,582002 42,85361, 13,582369 42,853614, 13,582363 42,853884, 13,581996 42,85388, 13,582002 42,85361));0,529148986;83;0;44;56;8;6;185;12,5;B;Low
POLYGON ((13,581635 42,853605, 13,582002 42,85361, 13,581996 42,85388, 13,581629 42,853875, 13,581635 42,853605));0,416378178;112;37;30;33;16;7;185;12,5;5;Medium
POLYGON ((13,581268 42,8536, 13,581635 42,853605, 13,581629 42,853875, 13,581262 42,853871, 13,581268 42,8536));0,364104993;159;33;51;16;16;7;185;12,5;2;Very High
POLYGON ((13,580901 42,853596, 13,581268 42,8536, 13,581262 42,853871, 13,580895 42,853866, 13,580901 42,853596));0,303244474;11;58;30;12;26;8;185;12,5;2;Very High
POLYGON ((13,580534 42,853591, 13,580901 42,853596, 13,580895 42,853866, 13,580528 42,853861, 13,580534 42,853591));0,345955845;10,66;47;38;15;19;7;185;12,5;2;Very High
POLYGON ((13,580167 42,853587, 13,580534 42,853591, 13,580528 42,853861, 13,58016 42,853857, 13,580167 42,853587));0,413814621;98;35;52;13;10;7;185;12,5;3;Very High
POLYGON ((13,5798 42,853582, 13,580167 42,853587, 13,58016 42,853857, 13,579793 42,853852, 13,5798 42,853582));0,414217814;7;52;28;20;22;8;0,15;37,5;3;Very High
POLYGON ((13,579433 42,853578, 13,5798 42,853582, 13,579793 42,853852, 13,579426 42,853848, 13,579433 42,853578));0,442116033;3;49;42;9;12;7;0,15;37,5;2;Very High
POLYGON ((13,579065 42,853573, 13,579433 42,853578, 13,579426 42,853848, 13,579059 42,853843, 13,579065 42,853573));0,482904896;4;32;61;7;13;7;0,15;37,5;2;Very High
POLYGON ((13,578698 42,853569, 13,579065 42,853573, 13,579059 42,853843, 13,578692 42,853839, 13,578698 42,853569));0,338552029;21;69;24;7;17;7;0,15;37,5;2;Very High
POLYGON ((13,578331 42,853564, 13,578698 42,853569, 13,578692 42,853839, 13,578325 42,853834, 13,578331 42,853564));0,386859479;31;59;32;9;15;7;0,15;37,5;2;Very High
POLYGON ((13,577964 42,853559, 13,578331 42,853564, 13,578325 42,853834, 13,577958 42,85383, 13,577964 42,853559));0,574087354;5;21;78;1;9;6;0,15;37,5;3;Very High
POLYGON ((13,577597 42,853555, 13,577964 42,853559, 13,577958 42,85383, 13,577591 42,853825, 13,577597 42,853555));0,578692273;418;60;40;0;13;7;0,15;37,5;2;Very High
POLYGON ((13,57723 42,85355, 13,577597 42,853555, 13,577591 42,853825, 13,577224 42,85382, 13,57723 42,85355));0,5417901;947;61;35;4;12;7;0,15;37,5;2;Very High
POLYGON ((13,576863 42,853546, 13,57723 42,85355, 13,577224 42,85382, 13,576857 42,853816, 13,576863 42,853546));0,483015126;1;80;19;1;10;7;0,15;37,5;3;Very High
POLYGON ((13,576496 42,853541, 13,576863 42,853546, 13,576857 42,853816, 13,57649 42,853811, 13,576496 42,853541));0,461866006;8,37;69;29;2;17;7;0,15;37,5;2;Very High
POLYGON ((13,576129 42,853537, 13,576496 42,853541, 13,57649 42,853811, 13,576123 42,853807, 13,576129 42,853537));0,326625819;1;38;58;4;15;7;0,15;37,5;2;Very High
POLYGON ((13,575762 42,853532, 13,576129 42,853537, 13,576123 42,853807, 13,575756 42,853802, 13,575762 42,853532));0,311558864;17;66;26;8;12;7;0,15;37,5;2;Very High
POLYGON ((13,575395 42,853527, 13,575762 42,853532, 13,575756 42,853802, 13,575389 42,853798, 13,575395 42,853527));0,488963321;2;15;72;13;10;7;0,15;37,5;2;Very High
POLYGON ((13,575028 42,853523, 13,575395 42,853527, 13,575389 42,853798, 13,575021 42,853793, 13,575028 42,853523));0,51746759;2;11;71;18;7;6;0,15;37,5;3;Very High
POLYGON ((13,574661 42,853518, 13,575028 42,853523, 13,575021 42,853793, 13,574654 42,853788, 13,574661 42,853518));0,316948597;2;66;28;6;17;7;0,15;37,5;2;Very High
POLYGON ((13,574294 42,853514, 13,574661 42,853518, 13,574654 42,853788, 13,574287 42,853784, 13,574294 42,853514));0,317870176;38;57;32;11;14;7;0,15;37,5;2;Very High
POLYGON ((13,573926 42,853509, 13,574294 42,853514, 13,574287 42,853784, 13,57392 42,853779, 13,573926 42,853509));0,491151691;21;54;44;2;12;7;0,15;37,5;2;Very High
POLYGON ((13,573559 42,853505, 13,573926 42,853509, 13,57392 42,853779, 13,573553 42,853775, 13,573559 42,853505));0,455700072;16;49;47;4;13;7;0,15;37,5;2;Very High
POLYGON ((13,573192 42,8535, 13,573559 42,853505, 13,573553 42,853775, 13,573186 42,85377, 13,573192 42,8535));0,391427576;2;41;45;14;19;7;0,15;37,5;2;Very High
POLYGON ((13,572825 42,853495, 13,573192 42,8535, 13,573186 42,85377, 13,572819 42,853766, 13,572825 42,853495));0,437733898;62;31;56;13;12;7;0,15;37,5;2;Very High
POLYGON ((13,572458 42,853491, 13,572825 42,853495, 13,572819 42,853766, 13,572452 42,853761, 13,572458 42,853491));0,424094739;15;47;35;18;13;7;0,15;37,5;2;Very High
POLYGON ((13,572091 42,853486, 13,572458 42,853491, 13,572452 42,853761, 13,572085 42,853756, 13,572091 42,853486));0,471677455;28;29;42;29;8;6;0,15;37,5;3;Very High
POLYGON ((13,571724 42,853482, 13,572091 42,853486, 13,572085 42,853756, 13,571718 42,853752, 13,571724 42,853482));0,434094418;16;42;15;43;7;6;0,15;37,5;3;Very High
POLYGON ((13,571357 42,853477, 13,571724 42,853482, 13,571718 42,853752, 13,571351 42,853747, 13,571357 42,853477));0,452344705;12;53;17;30;12;7;0,15;37,5;2;Very High
POLYGON ((13,57099 42,853473, 13,571357 42,853477, 13,571351 42,853747, 13,570984 42,853743, 13,57099 42,853473));0,56161636;77;38;27;35;8;6;0,15;37,5;3;Very High
POLYGON ((13,570623 42,853468, 13,57099 42,853473, 13,570984 42,853743, 13,570617 42,853738, 13,570623 42,853468));0,566716628;3;33;43;24;5;6;0,15;37,5;3;Very High
POLYGON ((13,570256 42,853463, 13,570623 42,853468, 13,570617 42,853738, 13,57025 42,853733, 13,570256 42,853463));0,496977129;2;48;36;16;8;6;0,15;37,5;3;Very High
POLYGON ((13,569889 42,853459, 13,570256 42,853463, 13,57025 42,853733, 13,569882 42,853729, 13,569889 42,853459));0,521059941;16;35;46;19;8;6;0,15;37,5;3;Very High
POLYGON ((13,569522 42,853454, 13,569889 42,853459, 13,569882 42,853729, 13,569515 42,853724, 13,569522 42,853454));0,504720332;37;32;45;23;7;6;185;12,5;5;Medium
POLYGON ((13,569155 42,85345, 13,569522 42,853454, 13,569515 42,853724, 13,569148 42,85372, 13,569155 42,85345));0,67565363;739;16;43;41;4;6;185;12,5;6;Medium-Low
POLYGON ((13,568788 42,853445, 13,569155 42,85345, 13,569148 42,85372, 13,568781 42,853715, 13,568788 42,853445));0,821283338;27;0;21;79;3;5;185;12,5;C;Low
POLYGON ((13,56842 42,85344, 13,568788 42,853445, 13,568781 42,853715, 13,568414 42,853711, 13,56842 42,85344));0,840766109;776;0;41;59;2;5;185;12,5;C;Low
POLYGON ((13,568053 42,853436, 13,56842 42,85344, 13,568414 42,853711, 13,568047 42,853706, 13,568053 42,853436));0,775812261;3;0;1;99;2;5;185;12,5;C;Low
POLYGON ((13,567686 42,853431, 13,568053 42,853436, 13,568047 42,853706, 13,56768 42,853701, 13,567686 42,853431));0,661002977;281;0;0;100;4;6;185;12,5;B;Low
POLYGON ((13,567319 42,853427, 13,567686 42,853431, 13,56768 42,853701, 13,567313 42,853697, 13,567319 42,853427));0,60143445;367;0;0;100;6;6;185;12,5;B;Low
POLYGON ((13,566952 42,853422, 13,567319 42,853427, 13,567313 42,853697, 13,566946 42,853692, 13,566952 42,853422));0,599851603;566;0;0;100;8;6;185;12,5;B;Low
POLYGON ((13,566585 42,853417, 13,566952 42,853422, 13,566946 42,853692, 13,566579 42,853688, 13,566585 42,853417));0,595489091;7;0;34;66;4;5;185;12,5;B;Low
POLYGON ((13,586413 42,853394, 13,58678 42,853398, 13,586774 42,853669, 13,586407 42,853664, 13,586413 42,853394));0,456486362;53;48;6;46;11;7;185;12,5;2;Very High
POLYGON ((13,586046 42,853389, 13,586413 42,853394, 13,586407 42,853664, 13,58604 42,853659, 13,586046 42,853389));0,492929726;662;0;0;100;10;7;185;12,5;B;Low
POLYGON ((13,585679 42,853385, 13,586046 42,853389, 13,58604 42,853659, 13,585673 42,853655, 13,585679 42,853385));0,418653499;522;0;0;100;8;6;185;12,5;B;Low
POLYGON ((13,585312 42,85338, 13,585679 42,853385, 13,585673 42,853655, 13,585306 42,85365, 13,585312 42,85338));0,365151018;779;0;0;100;12;7;185;12,5;A;Very Low
POLYGON ((13,584945 42,853376, 13,585312 42,85338, 13,585306 42,85365, 13,584939 42,853646, 13,584945 42,853376));0,608616566;402;0;0;100;6;6;185;12,5;B;Low
POLYGON ((13,584578 42,853371, 13,584945 42,853376, 13,584939 42,853646, 13,584571 42,853641, 13,584578 42,853371));0,553563565;21;6;31;63;9;6;185;12,5;3;Very High
POLYGON ((13,584211 42,853367, 13,584578 42,853371, 13,584571 42,853641, 13,584204 42,853637, 13,584211 42,853367));0,546579941;28;10;15;75;8;6;185;12,5;9;Low
POLYGON ((13,583844 42,853362, 13,584211 42,853367, 13,584204 42,853637, 13,583837 42,853632, 13,583844 42,853362));0,616901337;376;22;35;43;5;6;185;12,5;6;Medium-Low
POLYGON ((13,583476 42,853358, 13,583844 42,853362, 13,583837 42,853632, 13,58347 42,853628, 13,583476 42,853358));0,608875643;5;11;45;44;6;6;185;12,5;6;Medium-Low
POLYGON ((13,583109 42,853353, 13,583476 42,853358, 13,58347 42,853628, 13,583103 42,853623, 13,583109 42,853353));0,596525854;3;0;29;71;7;6;185;12,5;B;Low
POLYGON ((13,582742 42,853349, 13,583109 42,853353, 13,583103 42,853623, 13,582736 42,853619, 13,582742 42,853349));0,400630331;56;0;11;89;12;7;185;12,5;A;Very Low
POLYGON ((13,582375 42,853344, 13,582742 42,853349, 13,582736 42,853619, 13,582369 42,853614, 13,582375 42,853344));0,446491309;92;0;6;94;9;6;185;12,5;B;Low
POLYGON ((13,582008 42,853339, 13,582375 42,853344, 13,582369 42,853614, 13,582002 42,85361, 13,582008 42,853339));0,464394405;34;0;14;86;12;7;185;12,5;A;Very Low
POLYGON ((13,581641 42,853335, 13,582008 42,853339, 13,582002 42,85361, 13,581635 42,853605, 13,581641 42,853335));0,487977193;29;4;32;64;6;6;185;12,5;3;Very High
POLYGON ((13,581274 42,85333, 13,581641 42,853335, 13,581635 42,853605, 13,581268 42,8536, 13,581274 42,85333));0,444914334;3;18;42;40;8;6;185;12,5;6;Medium-Low
POLYGON ((13,580907 42,853326, 13,581274 42,85333, 13,581268 42,8536, 13,580901 42,853596, 13,580907 42,853326));0,256037907;14;63;17;20;19;8;185;12,5;7;High
POLYGON ((13,58054 42,853321, 13,580907 42,853326, 13,580901 42,853596, 13,580534 42,853591, 13,58054 42,853321));0,293880443;159;63;16;21;16;7;185;12,5;7;High
POLYGON ((13,580173 42,853317, 13,58054 42,853321, 13,580534 42,853591, 13,580167 42,853587, 13,580173 42,853317));0,404126241;979;48;33;19;10;7;185;12,5;3;Very High
POLYGON ((13,579806 42,853312, 13,580173 42,853317, 13,580167 42,853587, 13,5798 42,853582, 13,579806 42,853312));0,409982298;2;64;32;4;18;7;0,15;37,5;2;Very High
POLYGON ((13,579439 42,853308, 13,579806 42,853312, 13,5798 42,853582, 13,579433 42,853578, 13,579439 42,853308));0,234786393;14;73;20;7;13;7;0,15;37,5;3;Very High
POLYGON ((13,579072 42,853303, 13,579439 42,853308, 13,579433 42,853578, 13,579065 42,853573, 13,579072 42,853303));0,502836928;65;33;50;17;9;7;0,15;37,5;3;Very High
POLYGON ((13,578705 42,853298, 13,579072 42,853303, 13,579065 42,853573, 13,578698 42,853569, 13,578705 42,853298));0,318458388;4;95;4;1;16;7;0,15;37,5;2;Very High
POLYGON ((13,578337 42,853294, 13,578705 42,853298, 13,578698 42,853569, 13,578331 42,853564, 13,578337 42,853294));0,359801891;11;76;0;24;19;7;0,15;37,5;2;Very High
POLYGON ((13,57797 42,853289, 13,578337 42,853294, 13,578331 42,853564, 13,577964 42,853559, 13,57797 42,853289));0,541568802;8;28;69;3;14;7;0,15;37,5;2;Very High
POLYGON ((13,577603 42,853285, 13,57797 42,853289, 13,577964 42,853559, 13,577597 42,853555, 13,577603 42,853285));0,619233523;38;32;62;6;16;7;0,15;37,5;2;Very High
POLYGON ((13,577236 42,85328, 13,577603 42,853285, 13,577597 42,853555, 13,57723 42,85355, 13,577236 42,85328));0,593890776;958;44;50;6;18;7;0,15;37,5;2;Very High
POLYGON ((13,576869 42,853276, 13,577236 42,85328, 13,57723 42,85355, 13,576863 42,853546, 13,576869 42,853276));0,589282921;1;43;49;8;19;7;0,15;37,5;2;Very High
POLYGON ((13,576502 42,853271, 13,576869 42,853276, 13,576863 42,853546, 13,576496 42,853541, 13,576502 42,853271));0,449031193;1;58;33;9;13;7;0,15;37,5;2;Very High
POLYGON ((13,576135 42,853267, 13,576502 42,853271, 13,576496 42,853541, 13,576129 42,853537, 13,576135 42,853267));0,23118926;3;97;1;2;11;7;0,15;37,5;2;Very High
POLYGON ((13,575768 42,853262, 13,576135 42,853267, 13,576129 42,853537, 13,575762 42,853532, 13,575768 42,853262));0,282605296;4;97;0;3;12;7;0,15;37,5;2;Very High
POLYGON ((13,575401 42,853257, 13,575768 42,853262, 13,575762 42,853532, 13,575395 42,853527, 13,575401 42,853257));0,234046423;6;94;3;3;12;7;0,15;37,5;2;Very High
POLYGON ((13,575034 42,853253, 13,575401 42,853257, 13,575395 42,853527, 13,575028 42,853523, 13,575034 42,853253));0,125127642;55,79;84;11;5;18;7;0,15;37,5;2;Very High
POLYGON ((13,574667 42,853248, 13,575034 42,853253, 13,575028 42,853523, 13,574661 42,853518, 13,574667 42,853248));0,14146641;895;99;0;1;13;7;0,15;37,5;2;Very High
POLYGON ((13,5743 42,853244, 13,574667 42,853248, 13,574661 42,853518, 13,574294 42,853514, 13,5743 42,853244));0,150192834;1,93;96;1;3;10;7;0,15;37,5;2;Very High
POLYGON ((13,573933 42,853239, 13,5743 42,853244, 13,574294 42,853514, 13,573926 42,853509, 13,573933 42,853239));0,491636781;1,41;28;57;15;10;7;0,15;37,5;2;Very High
POLYGON ((13,573566 42,853235, 13,573933 42,853239, 13,573926 42,853509, 13,573559 42,853505, 13,573566 42,853235));0,39210373;107;49;32;19;15;7;0,15;37,5;2;Very High
POLYGON ((13,573199 42,85323, 13,573566 42,853235, 13,573559 42,853505, 13,573192 42,8535, 13,573199 42,85323));0,331589011;9;70;13;17;16;7;0,15;37,5;2;Very High
POLYGON ((13,572831 42,853225, 13,573199 42,85323, 13,573192 42,8535, 13,572825 42,853495, 13,572831 42,853225));0,301607756;9;60;33;7;16;7;0,15;37,5;2;Very High
POLYGON ((13,572464 42,853221, 13,572831 42,853225, 13,572825 42,853495, 13,572458 42,853491, 13,572464 42,853221));0,427130866;12;52;5;43;15;7;0,15;37,5;2;Very High
POLYGON ((13,572097 42,853216, 13,572464 42,853221, 13,572458 42,853491, 13,572091 42,853486, 13,572097 42,853216));0,535863463;53;10;8;82;5;6;0,15;37,5;3;Very High
POLYGON ((13,57173 42,853212, 13,572097 42,853216, 13,572091 42,853486, 13,571724 42,853482, 13,57173 42,853212));0,403766249;110;49;23;28;11;7;0,15;37,5;3;Very High
POLYGON ((13,571363 42,853207, 13,57173 42,853212, 13,571724 42,853482, 13,571357 42,853477, 13,571363 42,853207));0,579537007;535;15;32;53;4;6;0,15;37,5;6;Medium-Low
POLYGON ((13,570996 42,853202, 13,571363 42,853207, 13,571357 42,853477, 13,57099 42,853473, 13,570996 42,853202));0,584653897;37;17;53;30;5;6;0,15;37,5;3;Very High
POLYGON ((13,570629 42,853198, 13,570996 42,853202, 13,57099 42,853473, 13,570623 42,853468, 13,570629 42,853198));0,539345769;25;39;9;52;5;6;0,15;37,5;3;Very High
POLYGON ((13,570262 42,853193, 13,570629 42,853198, 13,570623 42,853468, 13,570256 42,853463, 13,570262 42,853193));0,618860962;5;13;2;85;3;5;0,15;37,5;8;High
POLYGON ((13,569895 42,853189, 13,570262 42,853193, 13,570256 42,853463, 13,569889 42,853459, 13,569895 42,853189));0,562002032;31;14;3;83;4;6;0,15;0;8;High
POLYGON ((13,569528 42,853184, 13,569895 42,853189, 13,569889 42,853459, 13,569522 42,853454, 13,569528 42,853184));0,629588369;16;20;7;73;7;6;185;12,5;6;Medium-Low
POLYGON ((13,569161 42,85318, 13,569528 42,853184, 13,569522 42,853454, 13,569155 42,85345, 13,569161 42,85318));0,715155799;5;0;21;79;3;5;185;12,5;B;Low
POLYGON ((13,568794 42,853175, 13,569161 42,85318, 13,569155 42,85345, 13,568788 42,853445, 13,568794 42,853175));0,678655728;28;0;1;99;8;6;185;12,5;B;Low
POLYGON ((13,568427 42,85317, 13,568794 42,853175, 13,568788 42,853445, 13,56842 42,85344, 13,568427 42,85317));0,693937272;17;0;2;98;9;6;185;12,5;B;Low
POLYGON ((13,56806 42,853166, 13,568427 42,85317, 13,56842 42,85344, 13,568053 42,853436, 13,56806 42,853166));0,721765129;438;0;0;100;7;6;185;12,5;B;Low
POLYGON ((13,567693 42,853161, 13,56806 42,853166, 13,568053 42,853436, 13,567686 42,853431, 13,567693 42,853161));0,514169909;342;0;0;100;5;6;185;12,5;B;Low
POLYGON ((13,567325 42,853157, 13,567693 42,853161, 13,567686 42,853431, 13,567319 42,853427, 13,567325 42,853157));0,771302789;292;0;0;100;4;5;185;12,5;B;Low
POLYGON ((13,566958 42,853152, 13,567325 42,853157, 13,567319 42,853427, 13,566952 42,853422, 13,566958 42,853152));0,704142505;395;0;0;100;6;6;185;12,5;B;Low
POLYGON ((13,566591 42,853147, 13,566958 42,853152, 13,566952 42,853422, 13,566585 42,853417, 13,566591 42,853147));0,52295164;319;0;0;100;5;6;185;12,5;B;Low
POLYGON ((13,566598 42,852877, 13,566965 42,852882, 13,566958 42,853152, 13,566591 42,853147, 13,566598 42,852877));0,455408565;448;0;0;100;7;6;0,15;0;B;Low
POLYGON ((13,586419 42,853124, 13,586786 42,853128, 13,58678 42,853398, 13,586413 42,853394, 13,586419 42,853124));0,504210388;18;33;9;58;7;6;185;12,5;6;Medium-Low
POLYGON ((13,586052 42,853119, 13,586419 42,853124, 13,586413 42,853394, 13,586046 42,853389, 13,586052 42,853119));0,448463687;575;0;0;100;9;6;185;12,5;B;Low
POLYGON ((13,586419 42,853124, 13,586425 42,852854, 13,586792 42,852858, 13,586786 42,853128, 13,586419 42,853124));0,463138967;1;28;5;67;7;6;185;12,5;3;Very High
POLYGON ((13,585685 42,853115, 13,586052 42,853119, 13,586046 42,853389, 13,585679 42,853385, 13,585685 42,853115));0,476826749;643;0;0;100;10;7;185;12,5;B;Low
POLYGON ((13,585318 42,85311, 13,585685 42,853115, 13,585679 42,853385, 13,585312 42,85338, 13,585318 42,85311));0,447309756;563;0;0;100;8;6;185;12,5;B;Low
POLYGON ((13,584951 42,853106, 13,585318 42,85311, 13,585312 42,85338, 13,584945 42,853376, 13,584951 42,853106));0,603102888;328;12;0;88;5;6;185;12,5;6;Medium-Low
POLYGON ((13,584584 42,853101, 13,584951 42,853106, 13,584945 42,853376, 13,584578 42,853371, 13,584584 42,853101));0,624119203;40;32;44;24;8;6;185;12,5;6;Medium-Low
POLYGON ((13,584217 42,853097, 13,584584 42,853101, 13,584578 42,853371, 13,584211 42,853367, 13,584217 42,853097));0,787066619;31;12;61;27;6;6;185;12,5;6;Medium-Low
POLYGON ((13,58385 42,853092, 13,584217 42,853097, 13,584211 42,853367, 13,583844 42,853362, 13,58385 42,853092));0,904665681;5;0;29;71;2;5;185;12,5;C;Low
POLYGON ((13,583483 42,853088, 13,58385 42,853092, 13,583844 42,853362, 13,583476 42,853358, 13,583483 42,853088));0,787709109;57;6;48;46;3;5;185;12,5;6;Medium-Low
POLYGON ((13,583116 42,853083, 13,583483 42,853088, 13,583476 42,853358, 13,583109 42,853353, 13,583116 42,853083));0,620563458;11;0;72;28;5;6;185;12,5;B;Low
POLYGON ((13,582748 42,853078, 13,583116 42,853083, 13,583109 42,853353, 13,582742 42,853349, 13,582748 42,853078));0,584623731;454;24;32;44;6;6;185;12,5;6;Medium-Low
POLYGON ((13,582381 42,853074, 13,582748 42,853078, 13,582742 42,853349, 13,582375 42,853344, 13,582381 42,853074));0,565764003;25;21;27;52;7;6;185;12,5;6;Medium-Low
POLYGON ((13,582014 42,853069, 13,582381 42,853074, 13,582375 42,853344, 13,582008 42,853339, 13,582014 42,853069));0,353046587;4;72;16;12;9;6;185;12,5;7;High
POLYGON ((13,581647 42,853065, 13,582014 42,853069, 13,582008 42,853339, 13,581641 42,853335, 13,581647 42,853065));0,369420072;22;59;29;12;14;7;185;12,5;2;Very High
POLYGON ((13,58128 42,85306, 13,581647 42,853065, 13,581641 42,853335, 13,581274 42,85333, 13,58128 42,85306));0,476390756;1,04;18;8;74;7;6;185;12,5;9;Low
POLYGON ((13,580913 42,853056, 13,58128 42,85306, 13,581274 42,85333, 13,580907 42,853326, 13,580913 42,853056));0,40888798;3;59;9;32;10;7;185;12,5;3;Very High
POLYGON ((13,580546 42,853051, 13,580913 42,853056, 13,580907 42,853326, 13,58054 42,853321, 13,580546 42,853051));0,501803947;15;0;28;72;7;6;185;12,5;B;Low
POLYGON ((13,580179 42,853047, 13,580546 42,853051, 13,58054 42,853321, 13,580173 42,853317, 13,580179 42,853047));0,474181682;101;40;31;29;10;7;185;12,5;2;Very High
POLYGON ((13,579812 42,853042, 13,580179 42,853047, 13,580173 42,853317, 13,579806 42,853312, 13,579812 42,853042));0,505298641;37;52;28;20;7;6;185;12,5;3;Very High
POLYGON ((13,579445 42,853038, 13,579812 42,853042, 13,579806 42,853312, 13,579439 42,853308, 13,579445 42,853038));0,524401589;1;53;38;9;9;6;0,15;37,5;3;Very High
POLYGON ((13,579078 42,853033, 13,579445 42,853038, 13,579439 42,853308, 13,579072 42,853303, 13,579078 42,853033));0,570989704;54;30;66;4;11;7;0,15;37,5;2;Very High
POLYGON ((13,578711 42,853028, 13,579078 42,853033, 13,579072 42,853303, 13,578705 42,853298, 13,578711 42,853028));0,543894701;70;62;19;19;7;6;0,15;37,5;3;Very High
POLYGON ((13,578344 42,853024, 13,578711 42,853028, 13,578705 42,853298, 13,578337 42,853294, 13,578344 42,853024));0,408575798;194;69;4;27;9;6;0,15;37,5;3;Very High
POLYGON ((13,577977 42,853019, 13,578344 42,853024, 13,578337 42,853294, 13,57797 42,853289, 13,577977 42,853019));0,442900707;4,26;26;28;46;11;7;0,15;37,5;2;Very High
POLYGON ((13,57761 42,853015, 13,577977 42,853019, 13,57797 42,853289, 13,577603 42,853285, 13,57761 42,853015));0,518620549;817;29;0;71;12;7;0,15;37,5;2;Very High
POLYGON ((13,577242 42,85301, 13,57761 42,853015, 13,577603 42,853285, 13,577236 42,85328, 13,577242 42,85301));0,450104043;4;33;6;61;13;7;0,15;37,5;2;Very High
POLYGON ((13,576875 42,853006, 13,577242 42,85301, 13,577236 42,85328, 13,576869 42,853276, 13,576875 42,853006));0,343819253;11;58;25;17;18;7;0,15;37,5;2;Very High
POLYGON ((13,576508 42,853001, 13,576875 42,853006, 13,576869 42,853276, 13,576502 42,853271, 13,576508 42,853001));0,178698938;3;79;11;10;13;7;0,15;37,5;2;Very High
POLYGON ((13,576141 42,852996, 13,576508 42,853001, 13,576502 42,853271, 13,576135 42,853267, 13,576141 42,852996));0,28642351;565;92;0;8;8;6;0,15;37,5;3;Very High
POLYGON ((13,575774 42,852992, 13,576141 42,852996, 13,576135 42,853267, 13,575768 42,853262, 13,575774 42,852992));0,40189762;526;79;0;21;8;6;0,15;37,5;3;Very High
POLYGON ((13,575407 42,852987, 13,575774 42,852992, 13,575768 42,853262, 13,575401 42,853257, 13,575407 42,852987));0,428041835;439;67;0;33;7;6;0,15;37,5;3;Very High
POLYGON ((13,57504 42,852983, 13,575407 42,852987, 13,575401 42,853257, 13,575034 42,853253, 13,57504 42,852983));0,171598883;43;90;9;1;11;7;0,15;37,5;2;Very High
POLYGON ((13,574673 42,852978, 13,57504 42,852983, 13,575034 42,853253, 13,574667 42,853248, 13,574673 42,852978));0;1;100;0;0;16;7;0,15;37,5;2;Very High
POLYGON ((13,574306 42,852974, 13,574673 42,852978, 13,574667 42,853248, 13,5743 42,853244, 13,574306 42,852974));0,31142216;100;74;22;4;10;7;0,15;37,5;2;Very High
POLYGON ((13,573939 42,852969, 13,574306 42,852974, 13,5743 42,853244, 13,573933 42,853239, 13,573939 42,852969));0,387972178;10;65;32;3;9;6;0,15;37,5;3;Very High
POLYGON ((13,573572 42,852964, 13,573939 42,852969, 13,573933 42,853239, 13,573566 42,853235, 13,573572 42,852964));0,369831985;4;68;19;13;13;7;0,15;37,5;2;Very High
POLYGON ((13,573205 42,85296, 13,573572 42,852964, 13,573566 42,853235, 13,573199 42,85323, 13,573205 42,85296));0,426034486;16;56;24;20;9;6;0,15;37,5;3;Very High
POLYGON ((13,572838 42,852955, 13,573205 42,85296, 13,573199 42,85323, 13,572831 42,853225, 13,572838 42,852955));0,350064332;135;40;53;7;14;7;185;12,5;2;Very High
POLYGON ((13,572471 42,852951, 13,572838 42,852955, 13,572831 42,853225, 13,572464 42,853221, 13,572471 42,852951));0,349941791;52;0;16;84;16;7;185;12,5;A;Very Low
POLYGON ((13,572104 42,852946, 13,572471 42,852951, 13,572464 42,853221, 13,572097 42,853216, 13,572104 42,852946));0,36308183;2;0;20;80;13;7;185;12,5;A;Very Low
POLYGON ((13,571737 42,852942, 13,572104 42,852946, 13,572097 42,853216, 13,57173 42,853212, 13,571737 42,852942));0,429721268;43;0;45;55;12;7;185;12,5;A;Very Low
POLYGON ((13,571369 42,852937, 13,571737 42,852942, 13,57173 42,853212, 13,571363 42,853207, 13,571369 42,852937));0,411477408;26;0;31;69;13;7;0,15;0;A;Very Low
POLYGON ((13,571002 42,852932, 13,571369 42,852937, 13,571363 42,853207, 13,570996 42,853202, 13,571002 42,852932));0,514240437;6;0;16;84;7;6;0,15;0;B;Low
POLYGON ((13,570635 42,852928, 13,571002 42,852932, 13,570996 42,853202, 13,570629 42,853198, 13,570635 42,852928));0,506371582;22,47;20;17;63;5;6;0,15;0;8;High
POLYGON ((13,570268 42,852923, 13,570635 42,852928, 13,570629 42,853198, 13,570262 42,853193, 13,570268 42,852923));0,632942375;18;6;26;68;4;5;0,15;0;6;Medium-Low
POLYGON ((13,569901 42,852919, 13,570268 42,852923, 13,570262 42,853193, 13,569895 42,853189, 13,569901 42,852919));0,573690981;6;33;37;30;5;6;0,15;0;6;Medium-Low
POLYGON ((13,569534 42,852914, 13,569901 42,852919, 13,569895 42,853189, 13,569528 42,853184, 13,569534 42,852914));0,556093207;20;18;57;25;6;6;0,15;0;3;Very High
POLYGON ((13,569167 42,852909, 13,569534 42,852914, 13,569528 42,853184, 13,569161 42,85318, 13,569167 42,852909));0,543312916;24;0;3;97;11;7;0,15;0;B;Low
POLYGON ((13,5688 42,852905, 13,569167 42,852909, 13,569161 42,85318, 13,568794 42,853175, 13,5688 42,852905));0;637;0;0;100;10;6;0,15;0;B;Low
POLYGON ((13,568433 42,8529, 13,5688 42,852905, 13,568794 42,853175, 13,568427 42,85317, 13,568433 42,8529));0;490;0;0;100;7;6;0,15;0;B;Low
POLYGON ((13,568066 42,852896, 13,568433 42,8529, 13,568427 42,85317, 13,56806 42,853166, 13,568066 42,852896));0;484;0;0;100;7;6;0,15;0;B;Low
POLYGON ((13,567699 42,852891, 13,568066 42,852896, 13,56806 42,853166, 13,567693 42,853161, 13,567699 42,852891));0;557;0;0;100;8;6;0,15;0;B;Low
POLYGON ((13,567332 42,852887, 13,567699 42,852891, 13,567693 42,853161, 13,567325 42,853157, 13,567332 42,852887));0;334;0;0;100;5;6;0,15;0;B;Low
POLYGON ((13,566965 42,852882, 13,567332 42,852887, 13,567325 42,853157, 13,566958 42,853152, 13,566965 42,852882));0;557;0;0;100;8;6;0,15;0;B;Low
POLYGON ((13,586058 42,852849, 13,586425 42,852854, 13,586419 42,853124, 13,586052 42,853119, 13,586058 42,852849));0,438265159;511;0;0;100;8;6;185;12,5;B;Low
POLYGON ((13,585691 42,852845, 13,586058 42,852849, 13,586052 42,853119, 13,585685 42,853115, 13,585691 42,852845));0,438539185;576;0;0;100;9;6;185;12,5;B;Low
POLYGON ((13,585324 42,85284, 13,585691 42,852845, 13,585685 42,853115, 13,585318 42,85311, 13,585324 42,85284));0,413537943;792;19;0;81;12;7;185;12,5;2;Very High
POLYGON ((13,584957 42,852836, 13,585324 42,85284, 13,585318 42,85311, 13,584951 42,853106, 13,584957 42,852836));0,516702008;17;53;13;34;17;7;185;12,5;2;Very High
POLYGON ((13,58459 42,852831, 13,584957 42,852836, 13,584951 42,853106, 13,584584 42,853101, 13,58459 42,852831));0,723475739;1;0;74;26;2;5;185;12,5;C;Low
POLYGON ((13,584223 42,852827, 13,58459 42,852831, 13,584584 42,853101, 13,584217 42,853097, 13,584223 42,852827));0,902440221;13;0;66;34;1;3;185;12,5;D;Very Low
POLYGON ((13,583856 42,852822, 13,584223 42,852827, 13,584217 42,853097, 13,58385 42,853092, 13,583856 42,852822));0,959686843;0;0;44;56;0;3;185;12,5;D;Very Low
POLYGON ((13,583489 42,852817, 13,583856 42,852822, 13,58385 42,853092, 13,583483 42,853088, 13,583489 42,852817));0,771923634;2;14;50;36;4;5;185;12,5;6;Medium-Low
POLYGON ((13,583122 42,852813, 13,583489 42,852817, 13,583483 42,853088, 13,583116 42,853083, 13,583122 42,852813));0,610302688;47;10;24;66;5;6;185;12,5;6;Medium-Low
POLYGON ((13,582755 42,852808, 13,583122 42,852813, 13,583116 42,853083, 13,582748 42,853078, 13,582755 42,852808));0,649256719;3;10;59;31;4;5;185;12,5;6;Medium-Low
POLYGON ((13,582388 42,852804, 13,582755 42,852808, 13,582748 42,853078, 13,582381 42,853074, 13,582388 42,852804));0,698496137;7;2;34;64;3;5;185;12,5;6;Medium-Low
POLYGON ((13,582021 42,852799, 13,582388 42,852804, 13,582381 42,853074, 13,582014 42,853069, 13,582021 42,852799));0,643295981;8;13;25;62;4;6;185;12,5;6;Medium-Low
POLYGON ((13,581653 42,852795, 13,582021 42,852799, 13,582014 42,853069, 13,581647 42,853065, 13,581653 42,852795));0,383534745;88;66;26;8;12;7;185;12,5;2;Very High
POLYGON ((13,581286 42,85279, 13,581653 42,852795, 13,581647 42,853065, 13,58128 42,85306, 13,581286 42,85279));0,57013256;574;6;73;21;5;6;185;12,5;3;Very High
POLYGON ((13,580919 42,852786, 13,581286 42,85279, 13,58128 42,85306, 13,580913 42,853056, 13,580919 42,852786));0,680785249;2;0;78;22;4;6;185;12,5;B;Low
POLYGON ((13,580552 42,852781, 13,580919 42,852786, 13,580913 42,853056, 13,580546 42,853051, 13,580552 42,852781));0,616380504;1,06;0;62;38;5;6;185;12,5;B;Low
POLYGON ((13,580185 42,852777, 13,580552 42,852781, 13,580546 42,853051, 13,580179 42,853047, 13,580185 42,852777));0,572774347;10;0;50;50;5;6;185;12,5;B;Low
POLYGON ((13,579818 42,852772, 13,580185 42,852777, 13,580179 42,853047, 13,579812 42,853042, 13,579818 42,852772));0,556622881;2,94;0;35;65;7;6;185;12,5;B;Low
POLYGON ((13,579451 42,852767, 13,579818 42,852772, 13,579812 42,853042, 13,579445 42,853038, 13,579451 42,852767));0,533397837;8;0;29;71;7;6;185;12,5;B;Low
POLYGON ((13,579084 42,852763, 13,579451 42,852767, 13,579445 42,853038, 13,579078 42,853033, 13,579084 42,852763));0,554136307;24;17;15;68;5;6;185;12,5;9;Low
POLYGON ((13,578717 42,852758, 13,579084 42,852763, 13,579078 42,853033, 13,578711 42,853028, 13,578717 42,852758));0,623662757;6;31;13;56;8;6;185;12,5;6;Medium-Low
POLYGON ((13,57835 42,852754, 13,578717 42,852758, 13,578711 42,853028, 13,578344 42,853024, 13,57835 42,852754));0,651209659;22;25;51;24;4;6;185;12,5;6;Medium-Low
POLYGON ((13,577983 42,852749, 13,57835 42,852754, 13,578344 42,853024, 13,577977 42,853019, 13,577983 42,852749));0,631250807;650;14;55;31;10;7;185;12,5;6;Medium-Low
POLYGON ((13,577616 42,852745, 13,577983 42,852749, 13,577977 42,853019, 13,57761 42,853015, 13,577616 42,852745));0,54925258;5;33;9;58;8;6;185;12,5;6;Medium-Low
POLYGON ((13,577249 42,85274, 13,577616 42,852745, 13,57761 42,853015, 13,577242 42,85301, 13,577249 42,85274));0,415885828;68;11;7;82;7;6;185;12,5;9;Low
POLYGON ((13,576882 42,852736, 13,577249 42,85274, 13,577242 42,85301, 13,576875 42,853006, 13,576882 42,852736));0,454987523;13;41;17;42;6;6;0,15;37,5;3;Very High
POLYGON ((13,576515 42,852731, 13,576882 42,852736, 13,576875 42,853006, 13,576508 42,853001, 13,576515 42,852731));0,168330599;4,12;89;10;1;14;7;0,15;37,5;2;Very High
POLYGON ((13,576147 42,852726, 13,576515 42,852731, 13,576508 42,853001, 13,576141 42,852996, 13,576147 42,852726));0,508946174;20;65;6;29;9;6;0,15;37,5;3;Very High
POLYGON ((13,57578 42,852722, 13,576147 42,852726, 13,576141 42,852996, 13,575774 42,852992, 13,57578 42,852722));0,466663054;376;76;0;24;6;6;0,15;37,5;3;Very High
POLYGON ((13,575413 42,852717, 13,57578 42,852722, 13,575774 42,852992, 13,575407 42,852987, 13,575413 42,852717));0,36763821;390;84;0;16;6;6;0,15;37,5;3;Very High
POLYGON ((13,575046 42,852713, 13,575413 42,852717, 13,575407 42,852987, 13,57504 42,852983, 13,575046 42,852713));0,216124239;22;84;12;4;10;7;0,15;37,5;3;Very High
POLYGON ((13,574679 42,852708, 13,575046 42,852713, 13,57504 42,852983, 13,574673 42,852978, 13,574679 42,852708));0,294288493;585;91;0;9;9;6;0,15;37,5;3;Very High
POLYGON ((13,574312 42,852704, 13,574679 42,852708, 13,574673 42,852978, 13,574306 42,852974, 13,574312 42,852704));0,356191319;2;77;5;18;9;6;0,15;37,5;3;Very High
POLYGON ((13,573945 42,852699, 13,574312 42,852704, 13,574306 42,852974, 13,573939 42,852969, 13,573945 42,852699));0,447238446;85,99;54;26;20;8;6;0,15;37,5;3;Very High
POLYGON ((13,573578 42,852694, 13,573945 42,852699, 13,573939 42,852969, 13,573572 42,852964, 13,573578 42,852694));0,564604886;25;10;82;8;9;7;0,15;37,5;3;Very High
POLYGON ((13,573211 42,85269, 13,573578 42,852694, 13,573572 42,852964, 13,573205 42,85296, 13,573211 42,85269));0,59937697;515;0;78;22;4;5;0,15;37,5;B;Low
POLYGON ((13,572844 42,852685, 13,573211 42,85269, 13,573205 42,85296, 13,572838 42,852955, 13,572844 42,852685));0,552729502;66;0;57;43;9;7;185;12,5;B;Low
POLYGON ((13,572477 42,852681, 13,572844 42,852685, 13,572838 42,852955, 13,572471 42,852951, 13,572477 42,852681));0,385920238;101;0;4;96;14;7;185;12,5;A;Very Low
POLYGON ((13,57211 42,852676, 13,572477 42,852681, 13,572471 42,852951, 13,572104 42,852946, 13,57211 42,852676));0,374181432;7;0;1;99;12;7;185;12,5;A;Very Low
POLYGON ((13,571743 42,852672, 13,57211 42,852676, 13,572104 42,852946, 13,571737 42,852942, 13,571743 42,852672));0,408701262;2;0;3;97;10;7;185;12,5;A;Very Low
POLYGON ((13,571376 42,852667, 13,571743 42,852672, 13,571737 42,852942, 13,571369 42,852937, 13,571376 42,852667));0,397678004;102;0;27;73;10;7;0,15;0;A;Very Low
POLYGON ((13,571009 42,852662, 13,571376 42,852667, 13,571369 42,852937, 13,571002 42,852932, 13,571009 42,852662));0,441829056;3;0;42;58;10;7;0,15;0;A;Very Low
POLYGON ((13,570642 42,852658, 13,571009 42,852662, 13,571002 42,852932, 13,570635 42,852928, 13,570642 42,852658));0,49093463;784;0;31;69;7;6;0,15;0;B;Low
POLYGON ((13,570274 42,852653, 13,570642 42,852658, 13,570635 42,852928, 13,570268 42,852923, 13,570274 42,852653));0,555142217;17,04;1;21;78;5;6;0,15;0;3;Very High
POLYGON ((13,569907 42,852649, 13,570274 42,852653, 13,570268 42,852923, 13,569901 42,852919, 13,569907 42,852649));0,478398149;29;25;3;72;6;6;0,15;0;8;High
POLYGON ((13,56954 42,852644, 13,569907 42,852649, 13,569901 42,852919, 13,569534 42,852914, 13,56954 42,852644));0,482477415;12;2;13;85;9;6;0,15;0;3;Very High
POLYGON ((13,569173 42,852639, 13,56954 42,852644, 13,569534 42,852914, 13,569167 42,852909, 13,569173 42,852639));0,476232456;20;0;1;99;10;7;0,15;0;A;Very Low
POLYGON ((13,568806 42,852635, 13,569173 42,852639, 13,569167 42,852909, 13,5688 42,852905, 13,568806 42,852635));0,473307395;478;0;0;100;7;6;0,15;0;B;Low
POLYGON ((13,568439 42,85263, 13,568806 42,852635, 13,5688 42,852905, 13,568433 42,8529, 13,568439 42,85263));0;336;0;0;100;5;6;0,15;0;B;Low
POLYGON ((13,568072 42,852626, 13,568439 42,85263, 13,568433 42,8529, 13,568066 42,852896, 13,568072 42,852626));0,441119643;531;0;0;100;8;6;0,15;0;B;Low
POLYGON ((13,567705 42,852621, 13,568072 42,852626, 13,568066 42,852896, 13,567699 42,852891, 13,567705 42,852621));0;729;0;0;100;11;7;0,15;0;B;Low
POLYGON ((13,567338 42,852616, 13,567705 42,852621, 13,567699 42,852891, 13,567332 42,852887, 13,567338 42,852616));0,493633986;454;0;0;100;7;6;0,15;0;B;Low
POLYGON ((13,566971 42,852612, 13,567338 42,852616, 13,567332 42,852887, 13,566965 42,852882, 13,566971 42,852612));0;680;0;0;100;10;7;0,15;0;B;Low
POLYGON ((13,586064 42,852579, 13,586431 42,852584, 13,586425 42,852854, 13,586058 42,852849, 13,586064 42,852579));0,477940337;9;23;5;72;8;6;185;12,5;6;Medium-Low
POLYGON ((13,585697 42,852575, 13,586064 42,852579, 13,586058 42,852849, 13,585691 42,852845, 13,585697 42,852575));0,44290528;8;14;0;86;8;6;185;12,5;9;Low
POLYGON ((13,58533 42,85257, 13,585697 42,852575, 13,585691 42,852845, 13,585324 42,85284, 13,58533 42,85257));0,579629668;24;21;1;78;12;7;185;12,5;5;Medium
POLYGON ((13,584963 42,852566, 13,58533 42,85257, 13,585324 42,85284, 13,584957 42,852836, 13,584963 42,852566));0,499683572;51;29;18;53;15;7;185;12,5;2;Very High
POLYGON ((13,584596 42,852561, 13,584963 42,852566, 13,584957 42,852836, 13,58459 42,852831, 13,584596 42,852561));0,736051884;45;0;53;47;5;6;185;12,5;B;Low
POLYGON ((13,584229 42,852557, 13,584596 42,852561, 13,58459 42,852831, 13,584223 42,852827, 13,584229 42,852557));0,89942286;3;0;58;42;2;4;185;12,5;C;Low
POLYGON ((13,583862 42,852552, 13,584229 42,852557, 13,584223 42,852827, 13,583856 42,852822, 13,583862 42,852552));0,960780473;0;0;28;72;0;3;185;12,5;D;Very Low
POLYGON ((13,583495 42,852547, 13,583862 42,852552, 13,583856 42,852822, 13,583489 42,852817, 13,583495 42,852547));0,799113767;3;24;48;28;4;5;185;12,5;6;Medium-Low
POLYGON ((13,583128 42,852543, 13,583495 42,852547, 13,583489 42,852817, 13,583122 42,852813, 13,583128 42,852543));0,528839772;1;32;38;30;8;6;185;12,5;6;Medium-Low
POLYGON ((13,582761 42,852538, 13,583128 42,852543, 13,583122 42,852813, 13,582755 42,852808, 13,582761 42,852538));0,492327022;92;48;21;31;9;6;185;12,5;3;Very High
POLYGON ((13,582394 42,852534, 13,582761 42,852538, 13,582755 42,852808, 13,582388 42,852804, 13,582394 42,852534));0,527772066;5;21;27;52;9;6;185;12,5;6;Medium-Low
POLYGON ((13,582027 42,852529, 13,582394 42,852534, 13,582388 42,852804, 13,582021 42,852799, 13,582027 42,852529));0,651126308;4;5;76;19;6;6;185;12,5;6;Medium-Low
POLYGON ((13,58166 42,852525, 13,582027 42,852529, 13,582021 42,852799, 13,581653 42,852795, 13,58166 42,852525));0,683117301;228;0;82;18;3;5;185;12,5;B;Low
POLYGON ((13,581293 42,85252, 13,58166 42,852525, 13,581653 42,852795, 13,581286 42,85279, 13,581293 42,85252));0,46580824;3;49;28;23;10;7;185;12,5;3;Very High
POLYGON ((13,580926 42,852516, 13,581293 42,85252, 13,581286 42,85279, 13,580919 42,852786, 13,580926 42,852516));0,561628624;51;3;27;70;7;6;185;12,5;3;Very High
POLYGON ((13,580558 42,852511, 13,580926 42,852516, 13,580919 42,852786, 13,580552 42,852781, 13,580558 42,852511));0,575030828;11;0;12;88;8;6;185;12,5;B;Low
POLYGON ((13,580191 42,852506, 13,580558 42,852511, 13,580552 42,852781, 13,580185 42,852777, 13,580191 42,852506));0,566150769;727;0;0;100;11;7;185;12,5;B;Low
POLYGON ((13,579824 42,852502, 13,580191 42,852506, 13,580185 42,852777, 13,579818 42,852772, 13,579824 42,852502));0;496;0;0;100;7;6;185;12,5;B;Low
POLYGON ((13,579457 42,852497, 13,579824 42,852502, 13,579818 42,852772, 13,579451 42,852767, 13,579457 42,852497));0,491223407;458;0;0;100;7;6;185;12,5;B;Low
POLYGON ((13,57909 42,852493, 13,579457 42,852497, 13,579451 42,852767, 13,579084 42,852763, 13,57909 42,852493));0,538845453;4;0;18;82;4;5;185;12,5;B;Low
POLYGON ((13,579457 42,852497, 13,579463 42,852227, 13,579831 42,852232, 13,579824 42,852502, 13,579457 42,852497));0,384457174;504;0;0;100;8;6;185;12,5;B;Low
POLYGON ((13,578723 42,852488, 13,57909 42,852493, 13,579084 42,852763, 13,578717 42,852758, 13,578723 42,852488));0,653604796;236;0;0;100;4;5;185;12,5;B;Low
POLYGON ((13,57909 42,852493, 13,579096 42,852223, 13,579463 42,852227, 13,579457 42,852497, 13,57909 42,852493));0,516119222;8;0;16;84;6;6;185;12,5;B;Low
POLYGON ((13,578356 42,852484, 13,578723 42,852488, 13,578717 42,852758, 13,57835 42,852754, 13,578356 42,852484));0,58223373;16;0;5;95;6;6;185;12,5;B;Low
POLYGON ((13,578723 42,852488, 13,578729 42,852218, 13,579096 42,852223, 13,57909 42,852493, 13,578723 42,852488));0,480827692;416;0;0;100;6;6;185;12,5;B;Low
POLYGON ((13,577989 42,852479, 13,578356 42,852484, 13,57835 42,852754, 13,577983 42,852749, 13,577989 42,852479));0,598658262;34;16;62;22;7;6;185;12,5;3;Very High
POLYGON ((13,577622 42,852475, 13,577989 42,852479, 13,577983 42,852749, 13,577616 42,852745, 13,577622 42,852475));0,351999074;12,54;86;5;9;13;7;185;12,5;7;High
POLYGON ((13,577255 42,85247, 13,577622 42,852475, 13,577616 42,852745, 13,577249 42,85274, 13,577255 42,85247));0,331972872;3;90;4;6;8;6;185;12,5;7;High
POLYGON ((13,576888 42,852465, 13,577255 42,85247, 13,577249 42,85274, 13,576882 42,852736, 13,576888 42,852465));0,403897791;23;72;26;2;9;6;0,15;37,5;3;Very High
POLYGON ((13,576521 42,852461, 13,576888 42,852465, 13,576882 42,852736, 13,576515 42,852731, 13,576521 42,852461));0,408951219;11;70;30;0;10;7;0,15;37,5;2;Very High
POLYGON ((13,576154 42,852456, 13,576521 42,852461, 13,576515 42,852731, 13,576147 42,852726, 13,576154 42,852456));0,42746487;4;83;3;14;9;6;0,15;37,5;3;Very High
POLYGON ((13,575787 42,852452, 13,576154 42,852456, 13,576147 42,852726, 13,57578 42,852722, 13,575787 42,852452));0,279520597;535;86;0;14;8;6;0,15;37,5;3;Very High
POLYGON ((13,57542 42,852447, 13,575787 42,852452, 13,57578 42,852722, 13,575413 42,852717, 13,57542 42,852447));0,32983709;55;82;0;18;8;6;0,15;37,5;3;Very High
POLYGON ((13,575053 42,852443, 13,57542 42,852447, 13,575413 42,852717, 13,575046 42,852713, 13,575053 42,852443));0,268104004;2;74;20;6;9;6;0,15;37,5;3;Very High
POLYGON ((13,574685 42,852438, 13,575053 42,852443, 13,575046 42,852713, 13,574679 42,852708, 13,574685 42,852438));0,362794949;2,1;69;24;7;10;7;0,15;37,5;3;Very High
POLYGON ((13,574318 42,852433, 13,574685 42,852438, 13,574679 42,852708, 13,574312 42,852704, 13,574318 42,852433));0,45500062;10;22;38;40;7;6;0,15;37,5;3;Very High
POLYGON ((13,573951 42,852429, 13,574318 42,852433, 13,574312 42,852704, 13,573945 42,852699, 13,573951 42,852429));0,456818508;100;21;32;47;10;7;0,15;37,5;3;Very High
POLYGON ((13,573584 42,852424, 13,573951 42,852429, 13,573945 42,852699, 13,573578 42,852694, 13,573584 42,852424));0,496609396;1;0;48;52;9;7;0,15;37,5;A;Very Low
POLYGON ((13,573217 42,85242, 13,573584 42,852424, 13,573578 42,852694, 13,573211 42,85269, 13,573217 42,85242));0,441571671;56;0;30;70;12;7;0,15;37,5;A;Very Low
POLYGON ((13,57285 42,852415, 13,573217 42,85242, 13,573211 42,85269, 13,572844 42,852685, 13,57285 42,852415));0,405370248;7;0;26;74;9;7;185;12,5;A;Very Low
POLYGON ((13,572483 42,852411, 13,57285 42,852415, 13,572844 42,852685, 13,572477 42,852681, 13,572483 42,852411));0,376536266;2;0;29;71;11;7;185;12,5;A;Very Low
POLYGON ((13,572116 42,852406, 13,572483 42,852411, 13,572477 42,852681, 13,57211 42,852676, 13,572116 42,852406));0,38330563;2;0;18;82;11;7;185;12,5;A;Very Low
POLYGON ((13,571749 42,852401, 13,572116 42,852406, 13,57211 42,852676, 13,571743 42,852672, 13,571749 42,852401));0,434004619;1;0;33;67;9;6;185;12,5;B;Low
POLYGON ((13,571382 42,852397, 13,571749 42,852401, 13,571743 42,852672, 13,571376 42,852667, 13,571382 42,852397));0,23519785;80,87;0;20;80;11;7;185;12,5;A;Very Low
POLYGON ((13,571015 42,852392, 13,571382 42,852397, 13,571376 42,852667, 13,571009 42,852662, 13,571015 42,852392));0,269382894;2;0;26;74;12;7;0,15;0;A;Very Low
POLYGON ((13,570648 42,852388, 13,571015 42,852392, 13,571009 42,852662, 13,570642 42,852658, 13,570648 42,852388));0,304320687;33;0;10;90;15;7;0,15;0;A;Very Low
POLYGON ((13,570281 42,852383, 13,570648 42,852388, 13,570642 42,852658, 13,570274 42,852653, 13,570281 42,852383));0,201120132;5;0;3;97;18;7;0,15;0;A;Very Low
POLYGON ((13,569914 42,852379, 13,570281 42,852383, 13,570274 42,852653, 13,569907 42,852649, 13,569914 42,852379));0;522;0;0;100;8;6;0,15;0;B;Low
POLYGON ((13,569547 42,852374, 13,569914 42,852379, 13,569907 42,852649, 13,56954 42,852644, 13,569547 42,852374));0,433493534;794;0;0;100;12;7;0,15;0;B;Low
POLYGON ((13,56918 42,852369, 13,569547 42,852374, 13,56954 42,852644, 13,569173 42,852639, 13,56918 42,852369));0;584;0;0;100;9;6;0,15;0;B;Low
POLYGON ((13,568812 42,852365, 13,56918 42,852369, 13,569173 42,852639, 13,568806 42,852635, 13,568812 42,852365));0;555;0;0;100;8;6;0,15;0;B;Low
POLYGON ((13,568445 42,85236, 13,568812 42,852365, 13,568806 42,852635, 13,568439 42,85263, 13,568445 42,85236));0;487;0;0;100;7;6;0,15;0;B;Low
POLYGON ((13,568078 42,852356, 13,568445 42,85236, 13,568439 42,85263, 13,568072 42,852626, 13,568078 42,852356));0,469499725;941;0;0;100;14;7;0,15;0;B;Low
POLYGON ((13,567711 42,852351, 13,568078 42,852356, 13,568072 42,852626, 13,567705 42,852621, 13,567711 42,852351));0,454797615;744;0;0;100;11;7;0,15;0;B;Low
POLYGON ((13,567344 42,852346, 13,567711 42,852351, 13,567705 42,852621, 13,567338 42,852616, 13,567344 42,852346));0,443471156;638;0;0;100;10;6;0,15;0;B;Low
POLYGON ((13,566977 42,852342, 13,567344 42,852346, 13,567338 42,852616, 13,566971 42,852612, 13,566977 42,852342));0,438564754;654;0;0;100;10;7;0,15;0;B;Low
POLYGON ((13,586071 42,852309, 13,586438 42,852314, 13,586431 42,852584, 13,586064 42,852579, 13,586071 42,852309));0,460632149;5;56;17;27;13;7;185;12,5;2;Very High
POLYGON ((13,585704 42,852305, 13,586071 42,852309, 13,586064 42,852579, 13,585697 42,852575, 13,585704 42,852305));0,422466483;16;2;0;98;8;6;185;12,5;3;Very High
POLYGON ((13,586071 42,852309, 13,586077 42,852039, 13,586444 42,852044, 13,586438 42,852314, 13,586071 42,852309));0,429943249;1;51;40;9;9;6;0,15;37,5;3;Very High
POLYGON ((13,585336 42,8523, 13,585704 42,852305, 13,585697 42,852575, 13,58533 42,85257, 13,585336 42,8523));0,333808652;11;0;0;100;10;7;185;12,5;A;Very Low
POLYGON ((13,585704 42,852305, 13,58571 42,852035, 13,586077 42,852039, 13,586071 42,852309, 13,585704 42,852305));0,489127423;26,38;11;8;81;5;6;185;12,5;9;Low
POLYGON ((13,584969 42,852296, 13,585336 42,8523, 13,58533 42,85257, 13,584963 42,852566, 13,584969 42,852296));0,613253679;2,92;8;9;83;4;5;185;12,5;6;Medium-Low
POLYGON ((13,584602 42,852291, 13,584969 42,852296, 13,584963 42,852566, 13,584596 42,852561, 13,584602 42,852291));0,723859765;32;0;36;64;3;5;185;12,5;B;Low
POLYGON ((13,584235 42,852286, 13,584602 42,852291, 13,584596 42,852561, 13,584229 42,852557, 13,584235 42,852286));0,841323642;421;0;47;53;2;5;185;12,5;C;Low
POLYGON ((13,583868 42,852282, 13,584235 42,852286, 13,584229 42,852557, 13,583862 42,852552, 13,583868 42,852282));0,884692764;402;1;53;46;2;5;185;12,5;6;Medium-Low
POLYGON ((13,583501 42,852277, 13,583868 42,852282, 13,583862 42,852552, 13,583495 42,852547, 13,583501 42,852277));0,691573067;3;4;69;27;4;5;185;12,5;6;Medium-Low
POLYGON ((13,583134 42,852273, 13,583501 42,852277, 13,583495 42,852547, 13,583128 42,852543, 13,583134 42,852273));0,645355981;785;0;78;22;6;6;185;12,5;B;Low
POLYGON ((13,582767 42,852268, 13,583134 42,852273, 13,583128 42,852543, 13,582761 42,852538, 13,582767 42,852268));0,53251482;2;45;30;25;13;7;185;12,5;2;Very High
POLYGON ((13,5824 42,852264, 13,582767 42,852268, 13,582761 42,852538, 13,582394 42,852534, 13,5824 42,852264));0,442366567;111;40;41;19;11;7;185;12,5;2;Very High
POLYGON ((13,582033 42,852259, 13,5824 42,852264, 13,582394 42,852534, 13,582027 42,852529, 13,582033 42,852259));0,658302417;34;9;68;23;7;6;185;12,5;6;Medium-Low
POLYGON ((13,581666 42,852255, 13,582033 42,852259, 13,582027 42,852529, 13,58166 42,852525, 13,581666 42,852255));0,726324968;1,46;0;86;14;2;5;185;12,5;C;Low
POLYGON ((13,581299 42,85225, 13,581666 42,852255, 13,58166 42,852525, 13,581293 42,85252, 13,581299 42,85225));0,542430648;41;36;12;52;6;6;185;12,5;6;Medium-Low
POLYGON ((13,580932 42,852246, 13,581299 42,85225, 13,581293 42,85252, 13,580926 42,852516, 13,580932 42,852246));0,525438817;777;0;0;100;12;7;185;12,5;B;Low
POLYGON ((13,580565 42,852241, 13,580932 42,852246, 13,580926 42,852516, 13,580558 42,852511, 13,580565 42,852241));0;390;0;0;100;6;6;185;12,5;B;Low
POLYGON ((13,580198 42,852236, 13,580565 42,852241, 13,580558 42,852511, 13,580191 42,852506, 13,580198 42,852236));0,436658393;483;0;0;100;7;6;185;12,5;B;Low
POLYGON ((13,579831 42,852232, 13,580198 42,852236, 13,580191 42,852506, 13,579824 42,852502, 13,579831 42,852232));0,322479368;695;0;0;100;10;7;185;12,5;B;Low
POLYGON ((13,580198 42,852236, 13,580204 42,851966, 13,580571 42,851971, 13,580565 42,852241, 13,580198 42,852236));0,603656349;392;0;0;100;6;6;185;12,5;B;Low
POLYGON ((13,579837 42,851962, 13,580204 42,851966, 13,580198 42,852236, 13,579831 42,852232, 13,579837 42,851962));0,77449474;10;0;9;91;7;6;185;12,5;B;Low
POLYGON ((13,578362 42,852214, 13,578729 42,852218, 13,578723 42,852488, 13,578356 42,852484, 13,578362 42,852214));0,488702043;131;0;2;98;13;7;185;12,5;A;Very Low
POLYGON ((13,577995 42,852209, 13,578362 42,852214, 13,578356 42,852484, 13,577989 42,852479, 13,577995 42,852209));0,435879972;50;0;12;88;11;7;185;12,5;A;Very Low
POLYGON ((13,577628 42,852205, 13,577995 42,852209, 13,577989 42,852479, 13,577622 42,852475, 13,577628 42,852205));0,583345925;20,59;30;49;21;8;6;185;12,5;5;Medium
POLYGON ((13,577261 42,8522, 13,577628 42,852205, 13,577622 42,852475, 13,577255 42,85247, 13,577261 42,8522));0,332477193;6;80;5;15;10;7;185;12,5;7;High
POLYGON ((13,576894 42,852195, 13,577261 42,8522, 13,577255 42,85247, 13,576888 42,852465, 13,576894 42,852195));0,358887756;3;57;34;9;9;6;185;12,5;3;Very High
POLYGON ((13,576527 42,852191, 13,576894 42,852195, 13,576888 42,852465, 13,576521 42,852461, 13,576527 42,852191));0,378028542;18;79;4;17;7;6;0,15;37,5;3;Very High
POLYGON ((13,57616 42,852186, 13,576527 42,852191, 13,576521 42,852461, 13,576154 42,852456, 13,57616 42,852186));0,471654496;60;67;10;23;6;6;0,15;37,5;3;Very High
POLYGON ((13,575793 42,852182, 13,57616 42,852186, 13,576154 42,852456, 13,575787 42,852452, 13,575793 42,852182));0,449909199;777;62;17;21;5;6;0,15;37,5;3;Very High
POLYGON ((13,575426 42,852177, 13,575793 42,852182, 13,575787 42,852452, 13,57542 42,852447, 13,575426 42,852177));0,454990487;2;28;16;56;7;6;0,15;37,5;3;Very High
POLYGON ((13,575059 42,852173, 13,575426 42,852177, 13,57542 42,852447, 13,575053 42,852443, 13,575059 42,852173));0,375323479;512;61;31;8;8;6;0,15;37,5;3;Very High
POLYGON ((13,574692 42,852168, 13,575059 42,852173, 13,575053 42,852443, 13,574685 42,852438, 13,574692 42,852168));0,480375242;77;64;0;36;8;6;0,15;37,5;3;Very High
POLYGON ((13,574325 42,852163, 13,574692 42,852168, 13,574685 42,852438, 13,574318 42,852433, 13,574325 42,852163));0,559225886;33,79;1;26;73;7;6;0,15;37,5;3;Very High
POLYGON ((13,573958 42,852159, 13,574325 42,852163, 13,574318 42,852433, 13,573951 42,852429, 13,573958 42,852159));0,516937494;62;14;21;65;12;7;0,15;37,5;2;Very High
POLYGON ((13,57359 42,852154, 13,573958 42,852159, 13,573951 42,852429, 13,573584 42,852424, 13,57359 42,852154));0,46241765;1;26;12;62;10;7;0,15;37,5;2;Very High
POLYGON ((13,573223 42,85215, 13,57359 42,852154, 13,573584 42,852424, 13,573217 42,85242, 13,573223 42,85215));0,517499696;10,64;20;1;79;13;7;185;12,5;5;Medium
POLYGON ((13,572856 42,852145, 13,573223 42,85215, 13,573217 42,85242, 13,57285 42,852415, 13,572856 42,852145));0,530536246;4;0;59;41;6;6;185;12,5;B;Low
POLYGON ((13,572489 42,852141, 13,572856 42,852145, 13,57285 42,852415, 13,572483 42,852411, 13,572489 42,852141));0,516767578;1;0;48;52;12;7;185;12,5;B;Low
POLYGON ((13,572122 42,852136, 13,572489 42,852141, 13,572483 42,852411, 13,572116 42,852406, 13,572122 42,852136));0,373742019;53,46;0;18;82;11;7;185;12,5;A;Very Low
POLYGON ((13,571755 42,852131, 13,572122 42,852136, 13,572116 42,852406, 13,571749 42,852401, 13,571755 42,852131));0,456522714;30;0;13;87;12;7;185;12,5;A;Very Low
POLYGON ((13,571388 42,852127, 13,571755 42,852131, 13,571749 42,852401, 13,571382 42,852397, 13,571388 42,852127));0,396932603;55;0;7;93;17;7;185;12,5;A;Very Low
POLYGON ((13,571021 42,852122, 13,571388 42,852127, 13,571382 42,852397, 13,571015 42,852392, 13,571021 42,852122));0,381681436;18,1;0;10;90;15;7;185;12,5;A;Very Low
POLYGON ((13,570654 42,852118, 13,571021 42,852122, 13,571015 42,852392, 13,570648 42,852388, 13,570654 42,852118));0,413901325;19;0;24;76;12;7;185;12,5;A;Very Low
POLYGON ((13,570287 42,852113, 13,570654 42,852118, 13,570648 42,852388, 13,570281 42,852383, 13,570287 42,852113));0,430124379;51;0;25;75;11;7;185;12,5;A;Very Low
POLYGON ((13,56992 42,852108, 13,570287 42,852113, 13,570281 42,852383, 13,569914 42,852379, 13,56992 42,852108));0,452371048;93;0;26;74;9;6;185;12,5;B;Low
POLYGON ((13,569553 42,852104, 13,56992 42,852108, 13,569914 42,852379, 13,569547 42,852374, 13,569553 42,852104));0,433294951;720;0;0;100;11;7;185;12,5;B;Low
POLYGON ((13,569186 42,852099, 13,569553 42,852104, 13,569547 42,852374, 13,56918 42,852369, 13,569186 42,852099));0,60424474;400;0;0;100;6;6;185;12,5;B;Low
POLYGON ((13,568819 42,852095, 13,569186 42,852099, 13,56918 42,852369, 13,568812 42,852365, 13,568819 42,852095));0,768470415;255;0;0;100;4;5;185;12,5;B;Low
POLYGON ((13,568452 42,85209, 13,568819 42,852095, 13,568812 42,852365, 13,568445 42,85236, 13,568452 42,85209));0,666744426;183;0;0;100;3;5;185;12,5;B;Low
POLYGON ((13,568085 42,852086, 13,568452 42,85209, 13,568445 42,85236, 13,568078 42,852356, 13,568085 42,852086));0,590965365;270;0;0;100;4;6;0,15;0;B;Low
POLYGON ((13,567718 42,852081, 13,568085 42,852086, 13,568078 42,852356, 13,567711 42,852351, 13,567718 42,852081));0,452804694;792;0;0;100;12;7;0,15;0;B;Low
POLYGON ((13,56735 42,852076, 13,567718 42,852081, 13,567711 42,852351, 13,567344 42,852346, 13,56735 42,852076));0,411316522;736;0;0;100;11;7;0,15;0;B;Low
POLYGON ((13,566983 42,852072, 13,56735 42,852076, 13,567344 42,852346, 13,566977 42,852342, 13,566983 42,852072));0,365814738;671;0;0;100;10;7;0,15;0;B;Low
POLYGON ((13,585343 42,85203, 13,58571 42,852035, 13,585704 42,852305, 13,585336 42,8523, 13,585343 42,85203));0,368519501;448;0;0;100;7;6;185;12,5;B;Low
POLYGON ((13,584976 42,852025, 13,585343 42,85203, 13,585336 42,8523, 13,584969 42,852296, 13,584976 42,852025));0,358918186;525;0;0;100;8;6;185;12,5;B;Low
POLYGON ((13,585343 42,85203, 13,585349 42,85176, 13,585716 42,851764, 13,58571 42,852035, 13,585343 42,85203));0,659761428;871;0;4;96;4;5;185;12,5;B;Low
POLYGON ((13,584609 42,852021, 13,584976 42,852025, 13,584969 42,852296, 13,584602 42,852291, 13,584609 42,852021));0,391413453;84;0;1;99;8;6;0,15;0;A;Very Low
POLYGON ((13,584976 42,852025, 13,584982 42,851755, 13,585349 42,85176, 13,585343 42,85203, 13,584976 42,852025));0,412315367;624;0;0;100;9;7;185;12,5;B;Low
POLYGON ((13,584241 42,852016, 13,584609 42,852021, 13,584602 42,852291, 13,584235 42,852286, 13,584241 42,852016));0,713056928;54;0;10;90;8;6;0,15;0;B;Low
POLYGON ((13,584609 42,852021, 13,584615 42,851751, 13,584982 42,851755, 13,584976 42,852025, 13,584609 42,852021));0,354370892;664;0;0;100;10;7;0,15;0;B;Low
POLYGON ((13,583874 42,852012, 13,584241 42,852016, 13,584235 42,852286, 13,583868 42,852282, 13,583874 42,852012));0,661015169;12;5;49;46;5;6;0,15;0;6;Medium-Low
POLYGON ((13,583507 42,852007, 13,583874 42,852012, 13,583868 42,852282, 13,583501 42,852277, 13,583507 42,852007));0,637132089;65;69;23;8;6;6;0,15;0;3;Very High
POLYGON ((13,58314 42,852003, 13,583507 42,852007, 13,583501 42,852277, 13,583134 42,852273, 13,58314 42,852003));0,713730627;1;16;68;16;5;6;185;12,5;3;Very High
POLYGON ((13,582773 42,851998, 13,58314 42,852003, 13,583134 42,852273, 13,582767 42,852268, 13,582773 42,851998));0,602076794;585;52;46;2;15;7;185;12,5;2;Very High
POLYGON ((13,582406 42,851994, 13,582773 42,851998, 13,582767 42,852268, 13,5824 42,852264, 13,582406 42,851994));0,531854401;2;17;40;43;8;6;185;12,5;6;Medium-Low
POLYGON ((13,582039 42,851989, 13,582406 42,851994, 13,5824 42,852264, 13,582033 42,852259, 13,582039 42,851989));0,735673783;206;0;78;22;5;6;185;12,5;B;Low
POLYGON ((13,581672 42,851985, 13,582039 42,851989, 13,582033 42,852259, 13,581666 42,852255, 13,581672 42,851985));0,730733106;241;0;83;17;3;5;185;12,5;C;Low
POLYGON ((13,581305 42,85198, 13,581672 42,851985, 13,581666 42,852255, 13,581299 42,85225, 13,581305 42,85198));0,671282307;9;0;0;100;4;5;185;12,5;B;Low
POLYGON ((13,580938 42,851975, 13,581305 42,85198, 13,581299 42,85225, 13,580932 42,852246, 13,580938 42,851975));0,564204013;356;0;0;100;5;6;185;12,5;B;Low
POLYGON ((13,580571 42,851971, 13,580938 42,851975, 13,580932 42,852246, 13,580565 42,852241, 13,580571 42,851971));0,652406018;427;0;0;100;6;6;185;12,5;B;Low
POLYGON ((13,580938 42,851975, 13,580944 42,851705, 13,581311 42,85171, 13,581305 42,85198, 13,580938 42,851975));0,533514944;290;0;0;100;4;5;185;12,5;B;Low
POLYGON ((13,580577 42,851701, 13,580944 42,851705, 13,580938 42,851975, 13,580571 42,851971, 13,580577 42,851701));0,658091287;291;0;0;100;4;5;185;12,5;B;Low
POLYGON ((13,578368 42,851944, 13,578736 42,851948, 13,578729 42,852218, 13,578362 42,852214, 13,578368 42,851944));0,55105606;985;0;44;56;5;6;185;12,5;B;Low
POLYGON ((13,578001 42,851939, 13,578368 42,851944, 13,578362 42,852214, 13,577995 42,852209, 13,578001 42,851939));0,5454069;19;0;18;82;8;6;185;12,5;B;Low
POLYGON ((13,578368 42,851944, 13,578375 42,851673, 13,578742 42,851678, 13,578736 42,851948, 13,578368 42,851944));0,682544497;9;0;35;65;3;5;185;12,5;B;Low
POLYGON ((13,577634 42,851934, 13,578001 42,851939, 13,577995 42,852209, 13,577628 42,852205, 13,577634 42,851934));0,586302462;88;0;13;87;6;6;185;12,5;B;Low
POLYGON ((13,577267 42,85193, 13,577634 42,851934, 13,577628 42,852205, 13,577261 42,8522, 13,577267 42,85193));0,404317191;2;21;24;55;12;7;185;12,5;2;Very High
POLYGON ((13,5769 42,851925, 13,577267 42,85193, 13,577261 42,8522, 13,576894 42,852195, 13,5769 42,851925));0,328419376;1,16;74;19;7;8;6;185;12,5;7;High
POLYGON ((13,576533 42,851921, 13,5769 42,851925, 13,576894 42,852195, 13,576527 42,852191, 13,576533 42,851921));0,470647767;10,83;60;1;39;9;6;185;12,5;3;Very High
POLYGON ((13,576166 42,851916, 13,576533 42,851921, 13,576527 42,852191, 13,57616 42,852186, 13,576166 42,851916));0,582818925;52;30;16;54;10;7;185;12,5;5;Medium
POLYGON ((13,575799 42,851912, 13,576166 42,851916, 13,57616 42,852186, 13,575793 42,852182, 13,575799 42,851912));0,33234967;15;70;27;3;16;7;185;12,5;2;Very High
POLYGON ((13,575432 42,851907, 13,575799 42,851912, 13,575793 42,852182, 13,575426 42,852177, 13,575432 42,851907));0,369045356;3;63;34;3;17;7;185;12,5;2;Very High
POLYGON ((13,575065 42,851902, 13,575432 42,851907, 13,575426 42,852177, 13,575059 42,852173, 13,575065 42,851902));0,433838262;963;46;47;7;11;7;185;12,5;2;Very High
POLYGON ((13,574698 42,851898, 13,575065 42,851902, 13,575059 42,852173, 13,574692 42,852168, 13,574698 42,851898));0,50654712;77;61;0;39;8;6;185;12,5;3;Very High
POLYGON ((13,574331 42,851893, 13,574698 42,851898, 13,574692 42,852168, 13,574325 42,852163, 13,574331 42,851893));0,386994179;2;89;9;2;6;6;185;12,5;7;High
POLYGON ((13,573964 42,851889, 13,574331 42,851893, 13,574325 42,852163, 13,573958 42,852159, 13,573964 42,851889));0,462403284;754;74;0;26;11;7;185;12,5;7;High
POLYGON ((13,573597 42,851884, 13,573964 42,851889, 13,573958 42,852159, 13,57359 42,852154, 13,573597 42,851884));0,440618129;115;67;1;32;11;7;185;12,5;2;Very High
POLYGON ((13,57323 42,85188, 13,573597 42,851884, 13,57359 42,852154, 13,573223 42,85215, 13,57323 42,85188));0,437671596;4;49;22;29;11;7;185;12,5;3;Very High
POLYGON ((13,572863 42,851875, 13,57323 42,85188, 13,573223 42,85215, 13,572856 42,852145, 13,572863 42,851875));0,413613363;16;0;45;55;9;6;185;12,5;B;Low
POLYGON ((13,572496 42,85187, 13,572863 42,851875, 13,572856 42,852145, 13,572489 42,852141, 13,572496 42,85187));0,466196395;634;0;0;100;10;7;185;12,5;B;Low
POLYGON ((13,572128 42,851866, 13,572496 42,85187, 13,572489 42,852141, 13,572122 42,852136, 13,572128 42,851866));0,535782481;57;14;0;86;6;6;185;12,5;9;Low
POLYGON ((13,571761 42,851861, 13,572128 42,851866, 13,572122 42,852136, 13,571755 42,852131, 13,571761 42,851861));0,472410022;609;0;0;100;9;6;185;12,5;B;Low
POLYGON ((13,571394 42,851857, 13,571761 42,851861, 13,571755 42,852131, 13,571388 42,852127, 13,571394 42,851857));0,410839966;103;0;2;98;10;7;185;12,5;A;Very Low
POLYGON ((13,571027 42,851852, 13,571394 42,851857, 13,571388 42,852127, 13,571021 42,852122, 13,571027 42,851852));0,437126882;7;0;8;92;9;7;185;12,5;A;Very Low
POLYGON ((13,57066 42,851848, 13,571027 42,851852, 13,571021 42,852122, 13,570654 42,852118, 13,57066 42,851848));0,553972603;23;1;29;70;5;6;185;12,5;3;Very High
POLYGON ((13,570293 42,851843, 13,57066 42,851848, 13,570654 42,852118, 13,570287 42,852113, 13,570293 42,851843));0,632663935;46;54;30;16;5;6;185;12,5;3;Very High
POLYGON ((13,569926 42,851838, 13,570293 42,851843, 13,570287 42,852113, 13,56992 42,852108, 13,569926 42,851838));0,578896643;10;0;38;62;4;6;185;12,5;B;Low
POLYGON ((13,569559 42,851834, 13,569926 42,851838, 13,56992 42,852108, 13,569553 42,852104, 13,569559 42,851834));0,594215394;6;0;0;100;9;6;185;12,5;B;Low
POLYGON ((13,569192 42,851829, 13,569559 42,851834, 13,569553 42,852104, 13,569186 42,852099, 13,569192 42,851829));0,630896456;311;0;0;100;5;6;185;12,5;B;Low
POLYGON ((13,568825 42,851825, 13,569192 42,851829, 13,569186 42,852099, 13,568819 42,852095, 13,568825 42,851825));0,658556455;241;3;0;97;4;5;185;12,5;9;Low
POLYGON ((13,568458 42,85182, 13,568825 42,851825, 13,568819 42,852095, 13,568452 42,85209, 13,568458 42,85182));0,613777089;634;15;0;85;10;7;185;12,5;6;Medium-Low
POLYGON ((13,568091 42,851815, 13,568458 42,85182, 13,568452 42,85209, 13,568085 42,852086, 13,568091 42,851815));0,500655205;533;0;0;100;8;6;185;12,5;B;Low
POLYGON ((13,567724 42,851811, 13,568091 42,851815, 13,568085 42,852086, 13,567718 42,852081, 13,567724 42,851811));0,418382775;543;0;0;100;8;6;0,15;0;B;Low
POLYGON ((13,567357 42,851806, 13,567724 42,851811, 13,567718 42,852081, 13,56735 42,852076, 13,567357 42,851806));0,420371104;470;0;0;100;7;6;0,15;0;B;Low
POLYGON ((13,56699 42,851802, 13,567357 42,851806, 13,56735 42,852076, 13,566983 42,852072, 13,56699 42,851802));0,429369053;544;0;0;100;8;6;0,15;0;B;Low
POLYGON ((13,584248 42,851746, 13,584615 42,851751, 13,584609 42,852021, 13,584241 42,852016, 13,584248 42,851746));0,407946462;7;0;0;100;9;6;0,15;0;B;Low
POLYGON ((13,583881 42,851742, 13,584248 42,851746, 13,584241 42,852016, 13,583874 42,852012, 13,583881 42,851742));0,463794156;602;0;0;100;9;6;0,15;0;B;Low
POLYGON ((13,584248 42,851746, 13,584254 42,851476, 13,584621 42,851481, 13,584615 42,851751, 13,584248 42,851746));0,494954434;463;0;0;100;7;6;0,15;0;B;Low
POLYGON ((13,583513 42,851737, 13,583881 42,851742, 13,583874 42,852012, 13,583507 42,852007, 13,583513 42,851737));0,669676932;28;23;3;74;6;6;0,15;0;6;Medium-Low
POLYGON ((13,583881 42,851742, 13,583887 42,851472, 13,584254 42,851476, 13,584248 42,851746, 13,583881 42,851742));0,369004738;18,24;0;0;100;8;6;0,15;0;A;Very Low
POLYGON ((13,583146 42,851733, 13,583513 42,851737, 13,583507 42,852007, 13,58314 42,852003, 13,583146 42,851733));0,654081402;39;4;16;80;4;5;185;12,5;7;High
POLYGON ((13,583513 42,851737, 13,58352 42,851467, 13,583887 42,851472, 13,583881 42,851742, 13,583513 42,851737));0,409936621;447;0;0;100;7;6;0,15;0;B;Low
POLYGON ((13,582779 42,851728, 13,583146 42,851733, 13,58314 42,852003, 13,582773 42,851998, 13,582779 42,851728));0,479735681;33;35;15;50;9;7;185;12,5;6;Medium-Low
POLYGON ((13,583146 42,851733, 13,583153 42,851463, 13,58352 42,851467, 13,583513 42,851737, 13,583146 42,851733));0;257;0;0;100;4;5;185;12,5;B;Low
POLYGON ((13,582412 42,851724, 13,582779 42,851728, 13,582773 42,851998, 13,582406 42,851994, 13,582412 42,851724));0,489834608;122,55;52;22;26;12;7;185;12,5;2;Very High
POLYGON ((13,582779 42,851728, 13,582786 42,851458, 13,583153 42,851463, 13,583146 42,851733, 13,582779 42,851728));0,851572611;382;0;0;100;6;6;185;12,5;B;Low
POLYGON ((13,582045 42,851719, 13,582412 42,851724, 13,582406 42,851994, 13,582039 42,851989, 13,582045 42,851719));0,530541024;18;58;37;5;11;7;185;12,5;2;Very High
POLYGON ((13,581678 42,851714, 13,582045 42,851719, 13,582039 42,851989, 13,581672 42,851985, 13,581678 42,851714));0,647569144;4;2;31;67;4;5;185;12,5;6;Medium-Low
POLYGON ((13,582045 42,851719, 13,582051 42,851449, 13,582418 42,851454, 13,582412 42,851724, 13,582045 42,851719));0,544155023;30;5;1;94;6;6;185;12,5;3;Very High
POLYGON ((13,581311 42,85171, 13,581678 42,851714, 13,581672 42,851985, 13,581305 42,85198, 13,581311 42,85171));0,525821279;268;0;0;100;4;5;185;12,5;B;Low
POLYGON ((13,581678 42,851714, 13,581684 42,851444, 13,582051 42,851449, 13,582045 42,851719, 13,581678 42,851714));0,44211663;430;0;0;100;6;6;185;12,5;B;Low
POLYGON ((13,581317 42,85144, 13,581684 42,851444, 13,581678 42,851714, 13,581311 42,85171, 13,581317 42,85144));0,452786187;597;0;0;100;9;6;185;12,5;B;Low
POLYGON ((13,578008 42,851669, 13,578375 42,851673, 13,578368 42,851944, 13,578001 42,851939, 13,578008 42,851669));0,667974267;132;0;0;100;2;5;185;12,5;C;Low
POLYGON ((13,577641 42,851664, 13,578008 42,851669, 13,578001 42,851939, 13,577634 42,851934, 13,577641 42,851664));0,638677297;568;0;0;100;9;6;185;12,5;B;Low
POLYGON ((13,577273 42,85166, 13,577641 42,851664, 13,577634 42,851934, 13,577267 42,85193, 13,577273 42,85166));0,510946661;453;2;0;98;7;6;185;12,5;6;Medium-Low
POLYGON ((13,576906 42,851655, 13,577273 42,85166, 13,577267 42,85193, 13,5769 42,851925, 13,576906 42,851655));0,296629563;39,23;3;7;90;11;7;185;12,5;7;High
POLYGON ((13,576539 42,851651, 13,576906 42,851655, 13,5769 42,851925, 13,576533 42,851921, 13,576539 42,851651));0,493069751;69;8;25;67;7;6;185;12,5;3;Very High
POLYGON ((13,576172 42,851646, 13,576539 42,851651, 13,576533 42,851921, 13,576166 42,851916, 13,576172 42,851646));0,503863421;7;63;10;27;9;6;185;12,5;3;Very High
POLYGON ((13,575805 42,851642, 13,576172 42,851646, 13,576166 42,851916, 13,575799 42,851912, 13,575805 42,851642));0,601181093;49;33;3;64;10;7;185;12,5;6;Medium-Low
POLYGON ((13,575438 42,851637, 13,575805 42,851642, 13,575799 42,851912, 13,575432 42,851907, 13,575438 42,851637));0,596439048;1;19;12;69;4;6;185;12,5;9;Low
POLYGON ((13,575071 42,851632, 13,575438 42,851637, 13,575432 42,851907, 13,575065 42,851902, 13,575071 42,851632));0,341059821;18;75;21;4;8;6;185;12,5;3;Very High
POLYGON ((13,574704 42,851628, 13,575071 42,851632, 13,575065 42,851902, 13,574698 42,851898, 13,574704 42,851628));0,509101953;15;70;12;18;11;7;185;12,5;2;Very High
POLYGON ((13,574337 42,851623, 13,574704 42,851628, 13,574698 42,851898, 13,574331 42,851893, 13,574337 42,851623));0,489461123;2;72;24;4;8;6;185;12,5;3;Very High
POLYGON ((13,57397 42,851619, 13,574337 42,851623, 13,574331 42,851893, 13,573964 42,851889, 13,57397 42,851619));0,488672731;89;71;9;20;9;6;185;12,5;7;High
POLYGON ((13,573603 42,851614, 13,57397 42,851619, 13,573964 42,851889, 13,573597 42,851884, 13,573603 42,851614));0,394118251;45;79;1;20;9;6;185;12,5;7;High
POLYGON ((13,573236 42,85161, 13,573603 42,851614, 13,573597 42,851884, 13,57323 42,85188, 13,573236 42,85161));0,333951131;4;60;15;25;12;7;185;12,5;7;High
POLYGON ((13,572869 42,851605, 13,573236 42,85161, 13,57323 42,85188, 13,572863 42,851875, 13,572869 42,851605));0,524056158;978;0;20;80;6;6;185;12,5;B;Low
POLYGON ((13,572502 42,8516, 13,572869 42,851605, 13,572863 42,851875, 13,572496 42,85187, 13,572502 42,8516));0,506124588;777;0;0;100;12;7;185;12,5;B;Low
POLYGON ((13,572135 42,851596, 13,572502 42,8516, 13,572496 42,85187, 13,572128 42,851866, 13,572135 42,851596));0,391328728;619;63;0;37;9;6;185;12,5;6;Medium-Low
POLYGON ((13,571768 42,851591, 13,572135 42,851596, 13,572128 42,851866, 13,571761 42,851861, 13,571768 42,851591));0,352580501;743;74;0;26;11;7;185;12,5;7;High
POLYGON ((13,571401 42,851587, 13,571768 42,851591, 13,571761 42,851861, 13,571394 42,851857, 13,571401 42,851587));0,448714757;569;21;0;79;9;6;185;12,5;6;Medium-Low
POLYGON ((13,571034 42,851582, 13,571401 42,851587, 13,571394 42,851857, 13,571027 42,851852, 13,571034 42,851582));0,545729992;421;0;0;100;6;6;185;12,5;B;Low
POLYGON ((13,570666 42,851577, 13,571034 42,851582, 13,571027 42,851852, 13,57066 42,851848, 13,570666 42,851577));0,600958653;33;0;5;95;7;6;185;12,5;B;Low
POLYGON ((13,570299 42,851573, 13,570666 42,851577, 13,57066 42,851848, 13,570293 42,851843, 13,570299 42,851573));0,716786033;5;3;19;78;2;5;185;12,5;7;High
POLYGON ((13,569932 42,851568, 13,570299 42,851573, 13,570293 42,851843, 13,569926 42,851838, 13,569932 42,851568));0,610522055;11;28;13;59;4;6;185;12,5;6;Medium-Low
POLYGON ((13,569565 42,851564, 13,569932 42,851568, 13,569926 42,851838, 13,569559 42,851834, 13,569565 42,851564));0,599651779;24;0;0;100;5;6;185;12,5;B;Low
POLYGON ((13,569198 42,851559, 13,569565 42,851564, 13,569559 42,851834, 13,569192 42,851829, 13,569198 42,851559));0,486518131;44;25;1;74;6;6;185;12,5;6;Medium-Low
POLYGON ((13,568831 42,851555, 13,569198 42,851559, 13,569192 42,851829, 13,568825 42,851825, 13,568831 42,851555));0,60448787;352;0;0;100;5;6;185;12,5;B;Low
POLYGON ((13,568464 42,85155, 13,568831 42,851555, 13,568825 42,851825, 13,568458 42,85182, 13,568464 42,85155));0,396165752;830;0;0;100;12;7;185;12,5;A;Very Low
POLYGON ((13,568097 42,851545, 13,568464 42,85155, 13,568458 42,85182, 13,568091 42,851815, 13,568097 42,851545));0,500129918;686;0;0;100;10;7;185;12,5;B;Low
POLYGON ((13,56773 42,851541, 13,568097 42,851545, 13,568091 42,851815, 13,567724 42,851811, 13,56773 42,851541));0,483549963;443;0;0;100;7;6;0,15;0;B;Low
POLYGON ((13,567363 42,851536, 13,56773 42,851541, 13,567724 42,851811, 13,567357 42,851806, 13,567363 42,851536));0,531824223;366;0;0;100;5;6;0,15;0;B;Low
POLYGON ((13,566996 42,851532, 13,567363 42,851536, 13,567357 42,851806, 13,56699 42,851802, 13,566996 42,851532));0,57070141;8;0;1;99;5;6;0,15;0;B;Low
POLYGON ((13,582418 42,851454, 13,582786 42,851458, 13,582779 42,851728, 13,582412 42,851724, 13,582418 42,851454));0,584117333;252;11;0;89;4;5;185;12,5;9;Low
POLYGON ((13,582425 42,851183, 13,582792 42,851188, 13,582786 42,851458, 13,582418 42,851454, 13,582425 42,851183));0,507861443;467;0;0;100;7;6;185;12,5;B;Low
POLYGON ((13,578014 42,851399, 13,578381 42,851403, 13,578375 42,851673, 13,578008 42,851669, 13,578014 42,851399));0,690680043;5;0;21;79;3;5;185;12,5;B;Low
POLYGON ((13,577647 42,851394, 13,578014 42,851399, 13,578008 42,851669, 13,577641 42,851664, 13,577647 42,851394));0,632270467;324;0;0;100;5;6;185;12,5;B;Low
POLYGON ((13,578014 42,851399, 13,57802 42,851129, 13,578387 42,851133, 13,578381 42,851403, 13,578014 42,851399));0,705159966;28;0;52;48;4;5;185;12,5;B;Low
POLYGON ((13,57728 42,85139, 13,577647 42,851394, 13,577641 42,851664, 13,577273 42,85166, 13,57728 42,85139));0,425632877;47;52;0;48;10;7;185;12,5;3;Very High
POLYGON ((13,576913 42,851385, 13,57728 42,85139, 13,577273 42,85166, 13,576906 42,851655, 13,576913 42,851385));0,496947057;352;12;0;88;5;6;185;12,5;6;Medium-Low
POLYGON ((13,576546 42,851381, 13,576913 42,851385, 13,576906 42,851655, 13,576539 42,851651, 13,576546 42,851381));0,396978629;28;5;17;78;10;7;185;12,5;7;High
POLYGON ((13,576179 42,851376, 13,576546 42,851381, 13,576539 42,851651, 13,576172 42,851646, 13,576179 42,851376));0,495675407;84;75;4;21;8;6;185;12,5;7;High
POLYGON ((13,575811 42,851371, 13,576179 42,851376, 13,576172 42,851646, 13,575805 42,851642, 13,575811 42,851371));0,50658303;7;60;16;24;10;6;185;12,5;3;Very High
POLYGON ((13,575444 42,851367, 13,575811 42,851371, 13,575805 42,851642, 13,575438 42,851637, 13,575444 42,851367));0,425934491;19;78;4;18;8;6;185;12,5;7;High
POLYGON ((13,575077 42,851362, 13,575444 42,851367, 13,575438 42,851637, 13,575071 42,851632, 13,575077 42,851362));0,355274877;4;81;13;6;7;6;185;12,5;7;High
POLYGON ((13,57471 42,851358, 13,575077 42,851362, 13,575071 42,851632, 13,574704 42,851628, 13,57471 42,851358));0,383514354;15;61;29;10;9;6;185;12,5;3;Very High
POLYGON ((13,574343 42,851353, 13,57471 42,851358, 13,574704 42,851628, 13,574337 42,851623, 13,574343 42,851353));0,687580965;682;4;46;50;2;5;185;12,5;6;Medium-Low
POLYGON ((13,573976 42,851349, 13,574343 42,851353, 13,574337 42,851623, 13,57397 42,851619, 13,573976 42,851349));0,487288402;29;38;34;28;8;6;185;12,5;3;Very High
POLYGON ((13,573609 42,851344, 13,573976 42,851349, 13,57397 42,851619, 13,573603 42,851614, 13,573609 42,851344));0,446045864;34;56;6;38;10;7;185;12,5;2;Very High
POLYGON ((13,573242 42,851339, 13,573609 42,851344, 13,573603 42,851614, 13,573236 42,85161, 13,573242 42,851339));0,290843587;3;68;11;21;14;7;185;12,5;7;High
POLYGON ((13,572875 42,851335, 13,573242 42,851339, 13,573236 42,85161, 13,572869 42,851605, 13,572875 42,851335));0,453746436;31;12;30;58;7;6;185;12,5;6;Medium-Low
POLYGON ((13,572508 42,85133, 13,572875 42,851335, 13,572869 42,851605, 13,572502 42,8516, 13,572508 42,85133));0,607099598;445;0;0;100;7;6;185;12,5;B;Low
POLYGON ((13,572141 42,851326, 13,572508 42,85133, 13,572502 42,8516, 13,572135 42,851596, 13,572141 42,851326));0,599926478;42;32;0;68;6;6;185;12,5;6;Medium-Low
POLYGON ((13,571774 42,851321, 13,572141 42,851326, 13,572135 42,851596, 13,571768 42,851591, 13,571774 42,851321));0,517790747;95;56;0;44;10;7;185;12,5;3;Very High
POLYGON ((13,571407 42,851317, 13,571774 42,851321, 13,571768 42,851591, 13,571401 42,851587, 13,571407 42,851317));0,54729436;30;26;0;74;9;6;185;12,5;6;Medium-Low
POLYGON ((13,57104 42,851312, 13,571407 42,851317, 13,571401 42,851587, 13,571034 42,851582, 13,57104 42,851312));0,808373208;378;0;0;100;6;6;185;12,5;B;Low
POLYGON ((13,570673 42,851307, 13,57104 42,851312, 13,571034 42,851582, 13,570666 42,851577, 13,570673 42,851307));0,872920964;144;0;0;100;2;5;185;12,5;C;Low
POLYGON ((13,570306 42,851303, 13,570673 42,851307, 13,570666 42,851577, 13,570299 42,851573, 13,570306 42,851303));0,776763102;19;0;0;100;6;6;185;12,5;B;Low
POLYGON ((13,569939 42,851298, 13,570306 42,851303, 13,570299 42,851573, 13,569932 42,851568, 13,569939 42,851298));0,567578324;568;0;0;100;9;6;185;12,5;B;Low
POLYGON ((13,569572 42,851294, 13,569939 42,851298, 13,569932 42,851568, 13,569565 42,851564, 13,569572 42,851294));0,583704208;441;0;0;100;7;6;185;12,5;B;Low
POLYGON ((13,569204 42,851289, 13,569572 42,851294, 13,569565 42,851564, 13,569198 42,851559, 13,569204 42,851289));0,49355044;581;0;0;100;9;6;185;12,5;B;Low
POLYGON ((13,568837 42,851284, 13,569204 42,851289, 13,569198 42,851559, 13,568831 42,851555, 13,568837 42,851284));0,488879361;420;0;0;100;6;6;185;12,5;B;Low
POLYGON ((13,56847 42,85128, 13,568837 42,851284, 13,568831 42,851555, 13,568464 42,85155, 13,56847 42,85128));0,483354783;734;0;0;100;11;7;185;12,5;B;Low
POLYGON ((13,568103 42,851275, 13,56847 42,85128, 13,568464 42,85155, 13,568097 42,851545, 13,568103 42,851275));0,491405636;63,21;6;0;94;9;6;185;12,5;3;Very High
POLYGON ((13,567736 42,851271, 13,568103 42,851275, 13,568097 42,851545, 13,56773 42,851541, 13,567736 42,851271));0,556587641;468;21;0;79;7;6;185;12,5;6;Medium-Low
POLYGON ((13,567369 42,851266, 13,567736 42,851271, 13,56773 42,851541, 13,567363 42,851536, 13,567369 42,851266));0,553657814;411;0;0;100;6;6;185;12,5;B;Low
POLYGON ((13,567002 42,851262, 13,567369 42,851266, 13,567363 42,851536, 13,566996 42,851532, 13,567002 42,851262));0,511271115;17;0;15;85;8;6;185;12,5;B;Low
POLYGON ((13,577653 42,851124, 13,57802 42,851129, 13,578014 42,851399, 13,577647 42,851394, 13,577653 42,851124));0,668945192;6;0;1;99;3;5;185;12,5;B;Low
POLYGON ((13,577286 42,85112, 13,577653 42,851124, 13,577647 42,851394, 13,57728 42,85139, 13,577286 42,85112));0,522580666;669;13;0;87;10;7;185;12,5;5;Medium
POLYGON ((13,577653 42,851124, 13,577659 42,850854, 13,578026 42,850859, 13,57802 42,851129, 13,577653 42,851124));0,691494786;609;0;15;85;4;5;185;12,5;B;Low
POLYGON ((13,576919 42,851115, 13,577286 42,85112, 13,57728 42,85139, 13,576913 42,851385, 13,576919 42,851115));0,525969345;8;44;1;55;9;6;185;12,5;3;Very High
POLYGON ((13,576552 42,851111, 13,576919 42,851115, 13,576913 42,851385, 13,576546 42,851381, 13,576552 42,851111));0,600742122;4;0;4;96;12;7;185;12,5;A;Very Low
POLYGON ((13,576185 42,851106, 13,576552 42,851111, 13,576546 42,851381, 13,576179 42,851376, 13,576185 42,851106));0,364318388;3;44;24;32;11;7;185;12,5;2;Very High
POLYGON ((13,575818 42,851101, 13,576185 42,851106, 13,576179 42,851376, 13,575811 42,851371, 13,575818 42,851101));0,564155315;326;45;50;5;5;5;185;12,5;3;Very High
POLYGON ((13,575451 42,851097, 13,575818 42,851101, 13,575811 42,851371, 13,575444 42,851367, 13,575451 42,851097));0,559854795;1,17;41;39;20;6;6;185;12,5;3;Very High
POLYGON ((13,575084 42,851092, 13,575451 42,851097, 13,575444 42,851367, 13,575077 42,851362, 13,575084 42,851092));0,454342892;50;59;7;34;7;6;185;12,5;3;Very High
POLYGON ((13,574717 42,851088, 13,575084 42,851092, 13,575077 42,851362, 13,57471 42,851358, 13,574717 42,851088));0,365100448;8;87;7;6;11;7;185;12,5;7;High
POLYGON ((13,574349 42,851083, 13,574717 42,851088, 13,57471 42,851358, 13,574343 42,851353, 13,574349 42,851083));0,501049931;18,22;51;21;28;6;6;185;12,5;3;Very High
POLYGON ((13,573982 42,851079, 13,574349 42,851083, 13,574343 42,851353, 13,573976 42,851349, 13,573982 42,851079));0,494159493;2,54;54;18;28;7;6;185;12,5;3;Very High
POLYGON ((13,573615 42,851074, 13,573982 42,851079, 13,573976 42,851349, 13,573609 42,851344, 13,573615 42,851074));0,395608451;38,6;57;24;19;8;6;185;12,5;3;Very High
POLYGON ((13,573248 42,851069, 13,573615 42,851074, 13,573609 42,851344, 13,573242 42,851339, 13,573248 42,851069));0,389478288;2,19;65;30;5;15;7;185;12,5;2;Very High
POLYGON ((13,572881 42,851065, 13,573248 42,851069, 13,573242 42,851339, 13,572875 42,851335, 13,572881 42,851065));0,498823531;2;21;49;30;11;7;185;12,5;5;Medium
POLYGON ((13,572514 42,85106, 13,572881 42,851065, 13,572875 42,851335, 13,572508 42,85133, 13,572514 42,85106));0,4663472;19;14;1;85;8;6;185;12,5;8;High
POLYGON ((13,572147 42,851056, 13,572514 42,85106, 13,572508 42,85133, 13,572141 42,851326, 13,572147 42,851056));0,488062981;411;5;0;95;6;6;185;12,5;6;Medium-Low
POLYGON ((13,57178 42,851051, 13,572147 42,851056, 13,572141 42,851326, 13,571774 42,851321, 13,57178 42,851051));0,629213137;255;1;0;99;4;5;185;12,5;6;Medium-Low
POLYGON ((13,571413 42,851047, 13,57178 42,851051, 13,571774 42,851321, 13,571407 42,851317, 13,571413 42,851047));0,695068527;29;11;4;85;6;6;185;12,5;6;Medium-Low
POLYGON ((13,571046 42,851042, 13,571413 42,851047, 13,571407 42,851317, 13,57104 42,851312, 13,571046 42,851042));0,727085553;211;0;0;100;3;5;185;12,5;B;Low
POLYGON ((13,570679 42,851037, 13,571046 42,851042, 13,57104 42,851312, 13,570673 42,851307, 13,570679 42,851037));0,750335431;306;0;0;100;5;6;185;12,5;B;Low
POLYGON ((13,570312 42,851033, 13,570679 42,851037, 13,570673 42,851307, 13,570306 42,851303, 13,570312 42,851033));0,628614478;248;0;0;100;4;5;185;12,5;B;Low
POLYGON ((13,569945 42,851028, 13,570312 42,851033, 13,570306 42,851303, 13,569939 42,851298, 13,569945 42,851028));0,656697158;243;0;0;100;4;6;185;12,5;B;Low
POLYGON ((13,569578 42,851024, 13,569945 42,851028, 13,569939 42,851298, 13,569572 42,851294, 13,569578 42,851024));0,58796362;365;0;0;100;5;6;185;12,5;B;Low
POLYGON ((13,569211 42,851019, 13,569578 42,851024, 13,569572 42,851294, 13,569204 42,851289, 13,569211 42,851019));0,568229753;444;0;0;100;7;6;185;12,5;B;Low
POLYGON ((13,568844 42,851014, 13,569211 42,851019, 13,569204 42,851289, 13,568837 42,851284, 13,568844 42,851014));0,53818549;387;0;0;100;6;6;185;12,5;B;Low
POLYGON ((13,568477 42,85101, 13,568844 42,851014, 13,568837 42,851284, 13,56847 42,85128, 13,568477 42,85101));0,521195063;395;0;0;100;6;6;185;12,5;B;Low
POLYGON ((13,56811 42,851005, 13,568477 42,85101, 13,56847 42,85128, 13,568103 42,851275, 13,56811 42,851005));0,47851022;590;19;0;81;9;6;185;12,5;6;Medium-Low
POLYGON ((13,567743 42,851001, 13,56811 42,851005, 13,568103 42,851275, 13,567736 42,851271, 13,567743 42,851001));0,600512371;388;28;0;72;6;6;185;12,5;6;Medium-Low
POLYGON ((13,567375 42,850996, 13,567743 42,851001, 13,567736 42,851271, 13,567369 42,851266, 13,567375 42,850996));0,519720811;492;0;0;100;7;6;185;12,5;B;Low
POLYGON ((13,567008 42,850991, 13,567375 42,850996, 13,567369 42,851266, 13,567002 42,851262, 13,567008 42,850991));0,522930584;476;0;0;100;7;6;185;12,5;B;Low
POLYGON ((13,577292 42,85085, 13,577659 42,850854, 13,577653 42,851124, 13,577286 42,85112, 13,577292 42,85085));0,607248425;392;0;0;100;6;6;185;12,5;B;Low
POLYGON ((13,576925 42,850845, 13,577292 42,85085, 13,577286 42,85112, 13,576919 42,851115, 13,576925 42,850845));0,572508615;493;21;0;79;7;6;185;12,5;6;Medium-Low
POLYGON ((13,577292 42,85085, 13,577298 42,85058, 13,577665 42,850584, 13,577659 42,850854, 13,577292 42,85085));0,598982604;498;0;0;100;7;6;185;12,5;B;Low
POLYGON ((13,576558 42,85084, 13,576925 42,850845, 13,576919 42,851115, 13,576552 42,851111, 13,576558 42,85084));0,670636386;220;0;0;100;3;5;185;12,5;B;Low
POLYGON ((13,576191 42,850836, 13,576558 42,85084, 13,576552 42,851111, 13,576185 42,851106, 13,576191 42,850836));0,415531366;30;2;22;76;12;7;185;12,5;2;Very High
POLYGON ((13,575824 42,850831, 13,576191 42,850836, 13,576185 42,851106, 13,575818 42,851101, 13,575824 42,850831));0,522958013;17;28;35;37;7;6;185;12,5;6;Medium-Low
POLYGON ((13,575457 42,850827, 13,575824 42,850831, 13,575818 42,851101, 13,575451 42,851097, 13,575457 42,850827));0,61020695;506;4;12;84;3;5;185;12,5;6;Medium-Low
POLYGON ((13,57509 42,850822, 13,575457 42,850827, 13,575451 42,851097, 13,575084 42,851092, 13,57509 42,850822));0,622570088;4;0;6;94;7;6;185;12,5;B;Low
POLYGON ((13,574723 42,850818, 13,57509 42,850822, 13,575084 42,851092, 13,574717 42,851088, 13,574723 42,850818));0,49410391;41;22;0;78;8;7;185;12,5;6;Medium-Low
POLYGON ((13,574356 42,850813, 13,574723 42,850818, 13,574717 42,851088, 13,574349 42,851083, 13,574356 42,850813));0,264597192;11;83;9;8;10;7;185;12,5;7;High
POLYGON ((13,573989 42,850808, 13,574356 42,850813, 13,574349 42,851083, 13,573982 42,851079, 13,573989 42,850808));0,520801402;353;44;0;56;5;6;185;12,5;6;Medium-Low
POLYGON ((13,573622 42,850804, 13,573989 42,850808, 13,573982 42,851079, 13,573615 42,851074, 13,573622 42,850804));0,438337311;14;51;23;26;10;7;185;12,5;3;Very High
POLYGON ((13,573255 42,850799, 13,573622 42,850804, 13,573615 42,851074, 13,573248 42,851069, 13,573255 42,850799));0,312338564;3;65;25;10;15;7;185;12,5;2;Very High
POLYGON ((13,572887 42,850795, 13,573255 42,850799, 13,573248 42,851069, 13,572881 42,851065, 13,572887 42,850795));0,485480736;62;23;42;35;9;7;185;12,5;6;Medium-Low
POLYGON ((13,57252 42,85079, 13,572887 42,850795, 13,572881 42,851065, 13,572514 42,85106, 13,57252 42,85079));0,519085542;7;18;20;62;6;6;185;12,5;3;Very High
POLYGON ((13,572153 42,850786, 13,57252 42,85079, 13,572514 42,85106, 13,572147 42,851056, 13,572153 42,850786));0,521935527;328;19;0;81;5;6;185;12,5;6;Medium-Low
POLYGON ((13,571786 42,850781, 13,572153 42,850786, 13,572147 42,851056, 13,57178 42,851051, 13,571786 42,850781));0,53573631;421;15;0;85;6;6;185;12,5;6;Medium-Low
POLYGON ((13,571419 42,850776, 13,571786 42,850781, 13,57178 42,851051, 13,571413 42,851047, 13,571419 42,850776));0,50790053;30,49;12;1;87;6;6;185;12,5;8;High
POLYGON ((13,571052 42,850772, 13,571419 42,850776, 13,571413 42,851047, 13,571046 42,851042, 13,571052 42,850772));0,587363957;11;26;0;74;6;6;185;12,5;6;Medium-Low
POLYGON ((13,570685 42,850767, 13,571052 42,850772, 13,571046 42,851042, 13,570679 42,851037, 13,570685 42,850767));0,674931081;192;2;0;98;3;5;185;12,5;7;High
POLYGON ((13,570318 42,850763, 13,570685 42,850767, 13,570679 42,851037, 13,570312 42,851033, 13,570318 42,850763));0,716421281;175;0;0;100;3;5;185;12,5;C;Low
POLYGON ((13,569951 42,850758, 13,570318 42,850763, 13,570312 42,851033, 13,569945 42,851028, 13,569951 42,850758));0,657983764;162;0;0;100;2;5;185;12,5;B;Low
POLYGON ((13,569584 42,850754, 13,569951 42,850758, 13,569945 42,851028, 13,569578 42,851024, 13,569584 42,850754));0,628600285;225;0;0;100;3;5;185;12,5;B;Low
POLYGON ((13,569217 42,850749, 13,569584 42,850754, 13,569578 42,851024, 13,569211 42,851019, 13,569217 42,850749));0,591217666;229;0;0;100;3;5;185;12,5;B;Low
POLYGON ((13,56885 42,850744, 13,569217 42,850749, 13,569211 42,851019, 13,568844 42,851014, 13,56885 42,850744));0,673554017;4,93;0;0;100;3;5;185;12,5;B;Low
POLYGON ((13,568483 42,85074, 13,56885 42,850744, 13,568844 42,851014, 13,568477 42,85101, 13,568483 42,85074));0,624006171;789;0;8;92;3;5;185;12,5;B;Low
POLYGON ((13,568116 42,850735, 13,568483 42,85074, 13,568477 42,85101, 13,56811 42,851005, 13,568116 42,850735));0,612734474;1;0;3;97;5;6;185;12,5;B;Low
POLYGON ((13,567749 42,850731, 13,568116 42,850735, 13,56811 42,851005, 13,567743 42,851001, 13,567749 42,850731));0,603730576;362;0;0;100;5;6;185;12,5;B;Low
POLYGON ((13,567382 42,850726, 13,567749 42,850731, 13,567743 42,851001, 13,567375 42,850996, 13,567382 42,850726));0,622462758;439;0;0;100;7;6;185;12,5;B;Low
POLYGON ((13,567015 42,850721, 13,567382 42,850726, 13,567375 42,850996, 13,567008 42,850991, 13,567015 42,850721));0,642700514;577;0;0;100;9;6;185;12,5;B;Low
POLYGON ((13,576931 42,850575, 13,577298 42,85058, 13,577292 42,85085, 13,576925 42,850845, 13,576931 42,850575));0,610160211;248;0;0;100;4;5;185;12,5;B;Low
POLYGON ((13,576564 42,85057, 13,576931 42,850575, 13,576925 42,850845, 13,576558 42,85084, 13,576564 42,85057));0,619648138;14;0;0;100;4;6;185;12,5;B;Low
POLYGON ((13,576931 42,850575, 13,576937 42,850305, 13,577305 42,850309, 13,577298 42,85058, 13,576931 42,850575));0,540240506;574;0;0;100;9;6;185;12,5;B;Low
POLYGON ((13,576197 42,850566, 13,576564 42,85057, 13,576558 42,85084, 13,576191 42,850836, 13,576197 42,850566));0,542249983;31;0;7;93;6;6;185;12,5;B;Low
POLYGON ((13,57583 42,850561, 13,576197 42,850566, 13,576191 42,850836, 13,575824 42,850831, 13,57583 42,850561));0,500135481;52;7;24;69;7;6;185;12,5;3;Very High
POLYGON ((13,575463 42,850557, 13,57583 42,850561, 13,575824 42,850831, 13,575457 42,850827, 13,575463 42,850557));0,484261712;71;45;5;50;7;6;185;12,5;3;Very High
POLYGON ((13,575096 42,850552, 13,575463 42,850557, 13,575457 42,850827, 13,57509 42,850822, 13,575096 42,850552));0,639448863;669;7;34;59;4;5;185;12,5;6;Medium-Low
POLYGON ((13,574729 42,850548, 13,575096 42,850552, 13,57509 42,850822, 13,574723 42,850818, 13,574729 42,850548));0,637906641;6;0;14;86;3;5;185;12,5;B;Low
POLYGON ((13,574362 42,850543, 13,574729 42,850548, 13,574723 42,850818, 13,574356 42,850813, 13,574362 42,850543));0,421841149;2;62;16;22;8;6;185;12,5;7;High
POLYGON ((13,573995 42,850538, 13,574362 42,850543, 13,574356 42,850813, 13,573989 42,850808, 13,573995 42,850538));0,585059617;20;22;34;44;6;6;185;12,5;6;Medium-Low
POLYGON ((13,573628 42,850534, 13,573995 42,850538, 13,573989 42,850808, 13,573622 42,850804, 13,573628 42,850534));0,548742024;46;23;9;68;6;6;185;12,5;6;Medium-Low
POLYGON ((13,573261 42,850529, 13,573628 42,850534, 13,573622 42,850804, 13,573255 42,850799, 13,573261 42,850529));0,537013683;101;30;11;59;10;7;185;12,5;5;Medium
POLYGON ((13,572894 42,850525, 13,573261 42,850529, 13,573255 42,850799, 13,572887 42,850795, 13,572894 42,850525));0,467404471;3;15;34;51;9;7;185;12,5;6;Medium-Low
POLYGON ((13,572527 42,85052, 13,572894 42,850525, 13,572887 42,850795, 13,57252 42,85079, 13,572527 42,85052));0,598669778;15;1;33;66;4;6;185;12,5;3;Very High
POLYGON ((13,57216 42,850516, 13,572527 42,85052, 13,57252 42,85079, 13,572153 42,850786, 13,57216 42,850516));0,555268231;28,39;21;23;56;6;6;185;12,5;6;Medium-Low
POLYGON ((13,571793 42,850511, 13,57216 42,850516, 13,572153 42,850786, 13,571786 42,850781, 13,571793 42,850511));0,578287682;1,01;17;7;76;5;6;185;12,5;9;Low
POLYGON ((13,571425 42,850506, 13,571793 42,850511, 13,571786 42,850781, 13,571419 42,850776, 13,571425 42,850506));0,504003857;363;18;0;82;5;6;185;12,5;6;Medium-Low
POLYGON ((13,571058 42,850502, 13,571425 42,850506, 13,571419 42,850776, 13,571052 42,850772, 13,571058 42,850502));0,564644856;380;33;0;67;6;6;185;12,5;6;Medium-Low
POLYGON ((13,570691 42,850497, 13,571058 42,850502, 13,571052 42,850772, 13,570685 42,850767, 13,570691 42,850497));0,689869667;186;0;0;100;3;5;185;12,5;B;Low
POLYGON ((13,570324 42,850493, 13,570691 42,850497, 13,570685 42,850767, 13,570318 42,850763, 13,570324 42,850493));0,752047414;113;0;0;100;2;5;185;12,5;C;Low
POLYGON ((13,569957 42,850488, 13,570324 42,850493, 13,570318 42,850763, 13,569951 42,850758, 13,569957 42,850488));0,670743009;150;0;0;100;2;5;185;12,5;B;Low
POLYGON ((13,56959 42,850483, 13,569957 42,850488, 13,569951 42,850758, 13,569584 42,850754, 13,56959 42,850483));0,661163263;131;0;0;100;2;5;185;12,5;C;Low
POLYGON ((13,569223 42,850479, 13,56959 42,850483, 13,569584 42,850754, 13,569217 42,850749, 13,569223 42,850479));0,620192528;183;0;0;100;3;5;185;12,5;B;Low
POLYGON ((13,568856 42,850474, 13,569223 42,850479, 13,569217 42,850749, 13,56885 42,850744, 13,568856 42,850474));0,632659371;214;0;0;100;3;5;185;12,5;B;Low
POLYGON ((13,568489 42,85047, 13,568856 42,850474, 13,56885 42,850744, 13,568483 42,85074, 13,568489 42,85047));0,694101362;206;0;0;100;3;5;185;12,5;B;Low
POLYGON ((13,568122 42,850465, 13,568489 42,85047, 13,568483 42,85074, 13,568116 42,850735, 13,568122 42,850465));0,691849936;923;0;11;89;2;5;185;12,5;C;Low
POLYGON ((13,567755 42,850461, 13,568122 42,850465, 13,568116 42,850735, 13,567749 42,850731, 13,567755 42,850461));0,782456174;3;0;5;95;2;5;185;12,5;C;Low
POLYGON ((13,567388 42,850456, 13,567755 42,850461, 13,567749 42,850731, 13,567382 42,850726, 13,567388 42,850456));0,744950575;215;0;0;100;3;5;185;12,5;B;Low
POLYGON ((13,567021 42,850451, 13,567388 42,850456, 13,567382 42,850726, 13,567015 42,850721, 13,567021 42,850451));0,724539919;217;0;0;100;3;5;185;12,5;B;Low
POLYGON ((13,567027 42,850181, 13,567394 42,850186, 13,567388 42,850456, 13,567021 42,850451, 13,567027 42,850181));0,751194982;193;0;0;100;3;5;185;12,5;C;Low
POLYGON ((13,57657 42,8503, 13,576937 42,850305, 13,576931 42,850575, 13,576564 42,85057, 13,57657 42,8503));0,452381508;422;0;0;100;6;6;185;12,5;B;Low
POLYGON ((13,576203 42,850296, 13,57657 42,8503, 13,576564 42,85057, 13,576197 42,850566, 13,576203 42,850296));0,311449986;589;0;0;100;9;6;185;12,5;B;Low
POLYGON ((13,57657 42,8503, 13,576577 42,85003, 13,576944 42,850035, 13,576937 42,850305, 13,57657 42,8503));0,399691957;1;0;0;100;21;8;0,15;0;A;Very Low
POLYGON ((13,575836 42,850291, 13,576203 42,850296, 13,576197 42,850566, 13,57583 42,850561, 13,575836 42,850291));0,691953445;421;0;0;100;6;6;185;12,5;B;Low
POLYGON ((13,575469 42,850287, 13,575836 42,850291, 13,57583 42,850561, 13,575463 42,850557, 13,575469 42,850287));0,551857191;2;3;31;66;8;6;185;12,5;3;Very High
POLYGON ((13,575102 42,850282, 13,575469 42,850287, 13,575463 42,850557, 13,575096 42,850552, 13,575102 42,850282));0,485022186;35,82;35;10;55;8;6;185;12,5;6;Medium-Low
POLYGON ((13,574735 42,850277, 13,575102 42,850282, 13,575096 42,850552, 13,574729 42,850548, 13,574735 42,850277));0,555561823;14;17;37;46;6;6;185;12,5;6;Medium-Low
POLYGON ((13,574368 42,850273, 13,574735 42,850277, 13,574729 42,850548, 13,574362 42,850543, 13,574368 42,850273));0,502182726;19;34;23;43;8;6;185;12,5;6;Medium-Low
POLYGON ((13,574001 42,850268, 13,574368 42,850273, 13,574362 42,850543, 13,573995 42,850538, 13,574001 42,850268));0,400354858;7;60;8;32;9;6;185;12,5;3;Very High
POLYGON ((13,573634 42,850264, 13,574001 42,850268, 13,573995 42,850538, 13,573628 42,850534, 13,573634 42,850264));0,470069045;6;26;3;71;6;6;185;12,5;6;Medium-Low
POLYGON ((13,573267 42,850259, 13,573634 42,850264, 13,573628 42,850534, 13,573261 42,850529, 13,573267 42,850259));0,638819123;3;23;50;27;9;6;185;12,5;6;Medium-Low
POLYGON ((13,5729 42,850255, 13,573267 42,850259, 13,573261 42,850529, 13,572894 42,850525, 13,5729 42,850255));0,489719731;10;7;31;62;8;6;185;12,5;3;Very High
POLYGON ((13,572533 42,85025, 13,5729 42,850255, 13,572894 42,850525, 13,572527 42,85052, 13,572533 42,85025));0,612255199;796;11;41;48;4;5;185;12,5;6;Medium-Low
POLYGON ((13,572166 42,850245, 13,572533 42,85025, 13,572527 42,85052, 13,57216 42,850516, 13,572166 42,850245));0,574213403;46;28;12;60;5;6;185;12,5;6;Medium-Low
POLYGON ((13,571799 42,850241, 13,572166 42,850245, 13,57216 42,850516, 13,571793 42,850511, 13,571799 42,850241));0,555624738;5;9;21;70;5;6;185;12,5;3;Very High
POLYGON ((13,571432 42,850236, 13,571799 42,850241, 13,571793 42,850511, 13,571425 42,850506, 13,571432 42,850236));0,564104784;29;16;14;70;6;6;185;12,5;9;Low
POLYGON ((13,571065 42,850232, 13,571432 42,850236, 13,571425 42,850506, 13,571058 42,850502, 13,571065 42,850232));0,564009236;384;15;0;85;6;6;185;12,5;6;Medium-Low
POLYGON ((13,570698 42,850227, 13,571065 42,850232, 13,571058 42,850502, 13,570691 42,850497, 13,570698 42,850227));0,640537794;161;0;0;100;2;5;185;12,5;B;Low
POLYGON ((13,570331 42,850223, 13,570698 42,850227, 13,570691 42,850497, 13,570324 42,850493, 13,570331 42,850223));0,66751025;145;0;0;100;2;5;185;12,5;B;Low
POLYGON ((13,569964 42,850218, 13,570331 42,850223, 13,570324 42,850493, 13,569957 42,850488, 13,569964 42,850218));0,620453447;252;0;0;100;4;6;185;12,5;B;Low
POLYGON ((13,569596 42,850213, 13,569964 42,850218, 13,569957 42,850488, 13,56959 42,850483, 13,569596 42,850213));0,492022353;411;0;0;100;6;6;185;12,5;B;Low
POLYGON ((13,569229 42,850209, 13,569596 42,850213, 13,56959 42,850483, 13,569223 42,850479, 13,569229 42,850209));0,659143895;438;0;0;100;7;6;185;12,5;B;Low
POLYGON ((13,568862 42,850204, 13,569229 42,850209, 13,569223 42,850479, 13,568856 42,850474, 13,568862 42,850204));0,635285635;276;0;0;100;4;5;185;12,5;B;Low
POLYGON ((13,568495 42,8502, 13,568862 42,850204, 13,568856 42,850474, 13,568489 42,85047, 13,568495 42,8502));0,65930432;268;0;0;100;4;5;0,2;0;B;Low
POLYGON ((13,568128 42,850195, 13,568495 42,8502, 13,568489 42,85047, 13,568122 42,850465, 13,568128 42,850195));0,713478865;173;0;0;100;3;5;185;12,5;C;Low
POLYGON ((13,567761 42,85019, 13,568128 42,850195, 13,568122 42,850465, 13,567755 42,850461, 13,567761 42,85019));0,694680485;4;0;1;99;3;5;185;12,5;B;Low
POLYGON ((13,567394 42,850186, 13,567761 42,85019, 13,567755 42,850461, 13,567388 42,850456, 13,567394 42,850186));0,668489895;201;19;0;81;3;5;185;12,5;9;Low
POLYGON ((13,5674 42,849916, 13,567767 42,84992, 13,567761 42,85019, 13,567394 42,850186, 13,5674 42,849916));0,686696376;227;0;0;100;3;5;185;12,5;B;Low
POLYGON ((13,57621 42,850026, 13,576577 42,85003, 13,57657 42,8503, 13,576203 42,850296, 13,57621 42,850026));0,463658406;825;0;0;100;12;7;0,15;0;B;Low
POLYGON ((13,575843 42,850021, 13,57621 42,850026, 13,576203 42,850296, 13,575836 42,850291, 13,575843 42,850021));0,46709416;740;0;0;100;11;7;0,15;0;B;Low
POLYGON ((13,57621 42,850026, 13,576216 42,849756, 13,576583 42,84976, 13,576577 42,85003, 13,57621 42,850026));0,498158726;773;0;0;100;12;7;0,15;0;B;Low
POLYGON ((13,575475 42,850017, 13,575843 42,850021, 13,575836 42,850291, 13,575469 42,850287, 13,575475 42,850017));0,674720799;3;0;4;96;6;6;0,15;0;B;Low
POLYGON ((13,575108 42,850012, 13,575475 42,850017, 13,575469 42,850287, 13,575102 42,850282, 13,575108 42,850012));0,519362555;1;1;31;68;9;6;185;12,5;3;Very High
POLYGON ((13,574741 42,850007, 13,575108 42,850012, 13,575102 42,850282, 13,574735 42,850277, 13,574741 42,850007));0,46837499;20;53;18;29;11;7;185;12,5;2;Very High
POLYGON ((13,574374 42,850003, 13,574741 42,850007, 13,574735 42,850277, 13,574368 42,850273, 13,574374 42,850003));0,41876409;3;38;24;38;10;7;185;12,5;6;Medium-Low
POLYGON ((13,574007 42,849998, 13,574374 42,850003, 13,574368 42,850273, 13,574001 42,850268, 13,574007 42,849998));0,397156097;24;59;3;38;7;6;185;12,5;3;Very High
POLYGON ((13,57364 42,849994, 13,574007 42,849998, 13,574001 42,850268, 13,573634 42,850264, 13,57364 42,849994));0,637380908;37;76;5;19;7;6;185;12,5;6;Medium-Low
POLYGON ((13,573273 42,849989, 13,57364 42,849994, 13,573634 42,850264, 13,573267 42,850259, 13,573273 42,849989));0,688981904;3;18;19;63;4;5;185;12,5;9;Low
POLYGON ((13,572906 42,849985, 13,573273 42,849989, 13,573267 42,850259, 13,5729 42,850255, 13,572906 42,849985));0,725872259;310;0;59;41;4;5;185;12,5;B;Low
POLYGON ((13,572539 42,84998, 13,572906 42,849985, 13,5729 42,850255, 13,572533 42,85025, 13,572539 42,84998));0,597071775;755;7;50;43;3;5;185;12,5;6;Medium-Low
POLYGON ((13,572172 42,849975, 13,572539 42,84998, 13,572533 42,85025, 13,572166 42,850245, 13,572172 42,849975));0,561479331;36;21;4;75;5;6;185;12,5;6;Medium-Low
POLYGON ((13,571805 42,849971, 13,572172 42,849975, 13,572166 42,850245, 13,571799 42,850241, 13,571805 42,849971));0,545792483;23;22;15;63;5;6;185;12,5;6;Medium-Low
POLYGON ((13,571438 42,849966, 13,571805 42,849971, 13,571799 42,850241, 13,571432 42,850236, 13,571438 42,849966));0,604041564;245;9;0;91;4;5;185;12,5;9;Low
POLYGON ((13,571071 42,849962, 13,571438 42,849966, 13,571432 42,850236, 13,571065 42,850232, 13,571071 42,849962));0,598288566;287;1;0;99;4;6;185;12,5;3;Very High
POLYGON ((13,570704 42,849957, 13,571071 42,849962, 13,571065 42,850232, 13,570698 42,850227, 13,570704 42,849957));0,518765967;266;0;0;100;4;5;185;12,5;B;Low
POLYGON ((13,570337 42,849952, 13,570704 42,849957, 13,570698 42,850227, 13,570331 42,850223, 13,570337 42,849952));0,874184757;550;0;0;100;8;6;185;12,5;B;Low
POLYGON ((13,56997 42,849948, 13,570337 42,849952, 13,570331 42,850223, 13,569964 42,850218, 13,56997 42,849948));0,368690062;703;0;0;100;11;7;185;12,5;B;Low
POLYGON ((13,569603 42,849943, 13,56997 42,849948, 13,569964 42,850218, 13,569596 42,850213, 13,569603 42,849943));0,519390144;376;0;0;100;6;6;185;12,5;B;Low
POLYGON ((13,569236 42,849939, 13,569603 42,849943, 13,569596 42,850213, 13,569229 42,850209, 13,569236 42,849939));0,513734438;36;0;4;96;7;6;185;12,5;B;Low
POLYGON ((13,568869 42,849934, 13,569236 42,849939, 13,569229 42,850209, 13,568862 42,850204, 13,568869 42,849934));0,509096945;66;0;4;96;7;6;185;12,5;B;Low
POLYGON ((13,568502 42,84993, 13,568869 42,849934, 13,568862 42,850204, 13,568495 42,8502, 13,568502 42,84993));0,544479758;361;0;0;100;5;6;0,2;0;B;Low
POLYGON ((13,568135 42,849925, 13,568502 42,84993, 13,568495 42,8502, 13,568128 42,850195, 13,568135 42,849925));0,647553586;368;0;0;100;6;6;185;12,5;B;Low
POLYGON ((13,567767 42,84992, 13,568135 42,849925, 13,568128 42,850195, 13,567761 42,85019, 13,567767 42,84992));0,619165275;298;0;0;100;4;6;185;12,5;B;Low
POLYGON ((13,567774 42,84965, 13,568141 42,849655, 13,568135 42,849925, 13,567767 42,84992, 13,567774 42,84965));0,609035745;376;0;0;100;6;6;185;12,5;B;Low
POLYGON ((13,575849 42,849751, 13,576216 42,849756, 13,57621 42,850026, 13,575843 42,850021, 13,575849 42,849751));0,627261169;244;0;0;100;4;5;0,15;0;B;Low
POLYGON ((13,575482 42,849746, 13,575849 42,849751, 13,575843 42,850021, 13,575475 42,850017, 13,575482 42,849746));0,544429005;445;0;0;100;7;6;0,15;0;B;Low
POLYGON ((13,575849 42,849751, 13,575855 42,849481, 13,576222 42,849486, 13,576216 42,849756, 13,575849 42,849751));0,658590785;180;0;0;100;3;5;0,15;0;B;Low
POLYGON ((13,575115 42,849742, 13,575482 42,849746, 13,575475 42,850017, 13,575108 42,850012, 13,575115 42,849742));0,547080422;21;0;1;99;6;6;185;12,5;B;Low
POLYGON ((13,575482 42,849746, 13,575488 42,849476, 13,575855 42,849481, 13,575849 42,849751, 13,575482 42,849746));0,616611552;360;0;0;100;5;6;0,15;0;B;Low
POLYGON ((13,574748 42,849737, 13,575115 42,849742, 13,575108 42,850012, 13,574741 42,850007, 13,574748 42,849737));0,466740152;31;42;16;42;11;7;185;12,5;2;Very High
POLYGON ((13,574381 42,849733, 13,574748 42,849737, 13,574741 42,850007, 13,574374 42,850003, 13,574381 42,849733));0,386189876;127;49;26;25;13;7;185;12,5;2;Very High
POLYGON ((13,574013 42,849728, 13,574381 42,849733, 13,574374 42,850003, 13,574007 42,849998, 13,574013 42,849728));0,474442413;44;30;6;64;9;7;185;12,5;6;Medium-Low
POLYGON ((13,573646 42,849724, 13,574013 42,849728, 13,574007 42,849998, 13,57364 42,849994, 13,573646 42,849724));0,321185417;57;83;6;11;8;6;185;12,5;7;High
POLYGON ((13,573279 42,849719, 13,573646 42,849724, 13,57364 42,849994, 13,573273 42,849989, 13,573279 42,849719));0,335127893;11;82;9;9;9;6;185;12,5;7;High
POLYGON ((13,572912 42,849714, 13,573279 42,849719, 13,573273 42,849989, 13,572906 42,849985, 13,572912 42,849714));0,493197473;3;41;22;37;7;6;185;12,5;3;Very High
POLYGON ((13,572545 42,84971, 13,572912 42,849714, 13,572906 42,849985, 13,572539 42,84998, 13,572545 42,84971));0,474339173;8;65;24;11;14;7;185;12,5;2;Very High
POLYGON ((13,572178 42,849705, 13,572545 42,84971, 13,572539 42,84998, 13,572172 42,849975, 13,572178 42,849705));0,531531071;3;28;24;48;7;6;185;12,5;6;Medium-Low
POLYGON ((13,571811 42,849701, 13,572178 42,849705, 13,572172 42,849975, 13,571805 42,849971, 13,571811 42,849701));0,559436619;6;15;35;50;4;5;185;12,5;6;Medium-Low
POLYGON ((13,571444 42,849696, 13,571811 42,849701, 13,571805 42,849971, 13,571438 42,849966, 13,571444 42,849696));0,641314655;5;5;1;94;3;5;185;12,5;7;High
POLYGON ((13,571077 42,849692, 13,571444 42,849696, 13,571438 42,849966, 13,571071 42,849962, 13,571077 42,849692));0,67683333;159;0;0;100;2;5;185;12,5;B;Low
POLYGON ((13,57071 42,849687, 13,571077 42,849692, 13,571071 42,849962, 13,570704 42,849957, 13,57071 42,849687));0,636019073;293;0;0;100;4;5;185;12,5;B;Low
POLYGON ((13,570343 42,849682, 13,57071 42,849687, 13,570704 42,849957, 13,570337 42,849952, 13,570343 42,849682));0,230614963;612;0;0;100;9;6;185;12,5;B;Low
POLYGON ((13,569976 42,849678, 13,570343 42,849682, 13,570337 42,849952, 13,56997 42,849948, 13,569976 42,849678));0,492232673;44;1;22;77;9;6;185;12,5;3;Very High
POLYGON ((13,569609 42,849673, 13,569976 42,849678, 13,56997 42,849948, 13,569603 42,849943, 13,569609 42,849673));0,615752426;604;0;54;46;4;5;185;12,5;B;Low
POLYGON ((13,569242 42,849669, 13,569609 42,849673, 13,569603 42,849943, 13,569236 42,849939, 13,569242 42,849669));0,60009097;29,73;0;25;75;4;6;185;12,5;B;Low
POLYGON ((13,568875 42,849664, 13,569242 42,849669, 13,569236 42,849939, 13,568869 42,849934, 13,568875 42,849664));0,53065913;367;0;0;100;6;6;185;12,5;B;Low
POLYGON ((13,568508 42,849659, 13,568875 42,849664, 13,568869 42,849934, 13,568502 42,84993, 13,568508 42,849659));0,43881684;503;0;0;100;8;6;0,2;0;B;Low
POLYGON ((13,568141 42,849655, 13,568508 42,849659, 13,568502 42,84993, 13,568135 42,849925, 13,568141 42,849655));0,626503515;223;0;0;100;3;5;185;12,5;B;Low
POLYGON ((13,568508 42,849659, 13,568514 42,849389, 13,568881 42,849394, 13,568875 42,849664, 13,568508 42,849659));0,614042152;375;0;0;100;6;6;185;12,5;B;Low
POLYGON ((13,568147 42,849385, 13,568514 42,849389, 13,568508 42,849659, 13,568141 42,849655, 13,568147 42,849385));0,640713125;168;0;0;100;3;5;185;12,5;B;Low
POLYGON ((13,575121 42,849472, 13,575488 42,849476, 13,575482 42,849746, 13,575115 42,849742, 13,575121 42,849472));0,666054298;218;0;0;100;3;5;0,15;0;B;Low
POLYGON ((13,574754 42,849467, 13,575121 42,849472, 13,575115 42,849742, 13,574748 42,849737, 13,574754 42,849467));0,5422291;78;0;4;96;8;6;185;12,5;B;Low
POLYGON ((13,575121 42,849472, 13,575127 42,849202, 13,575494 42,849206, 13,575488 42,849476, 13,575121 42,849472));0,513395977;364;0;0;100;5;6;0,15;0;B;Low
POLYGON ((13,574387 42,849463, 13,574754 42,849467, 13,574748 42,849737, 13,574381 42,849733, 13,574387 42,849463));0,399271069;2;35;34;31;12;7;185;12,5;2;Very High
POLYGON ((13,57402 42,849458, 13,574387 42,849463, 13,574381 42,849733, 13,574013 42,849728, 13,57402 42,849458));0,374881348;2,84;58;22;20;13;7;185;12,5;2;Very High
POLYGON ((13,573653 42,849454, 13,57402 42,849458, 13,574013 42,849728, 13,573646 42,849724, 13,573653 42,849454));0,469947224;1;57;8;35;6;6;185;12,5;3;Very High
POLYGON ((13,573286 42,849449, 13,573653 42,849454, 13,573646 42,849724, 13,573279 42,849719, 13,573286 42,849449));0,472213496;15;45;34;21;10;7;185;12,5;2;Very High
POLYGON ((13,572919 42,849444, 13,573286 42,849449, 13,573279 42,849719, 13,572912 42,849714, 13,572919 42,849444));0,515730317;517;2;67;31;6;6;185;12,5;6;Medium-Low
POLYGON ((13,572552 42,84944, 13,572919 42,849444, 13,572912 42,849714, 13,572545 42,84971, 13,572552 42,84944));0,555995711;2;25;54;21;11;7;185;12,5;5;Medium
POLYGON ((13,572184 42,849435, 13,572552 42,84944, 13,572545 42,84971, 13,572178 42,849705, 13,572184 42,849435));0,572559044;29,23;28;63;9;8;6;185;12,5;3;Very High
POLYGON ((13,571817 42,849431, 13,572184 42,849435, 13,572178 42,849705, 13,571811 42,849701, 13,571817 42,849431));0,628530361;86;24;36;40;5;6;185;12,5;6;Medium-Low
POLYGON ((13,57145 42,849426, 13,571817 42,849431, 13,571811 42,849701, 13,571444 42,849696, 13,57145 42,849426));0,623057165;6,84;9;3;88;4;6;185;12,5;6;Medium-Low
POLYGON ((13,571083 42,849422, 13,57145 42,849426, 13,571444 42,849696, 13,571077 42,849692, 13,571083 42,849422));0,619045348;175;0;0;100;3;5;185;12,5;B;Low
POLYGON ((13,570716 42,849417, 13,571083 42,849422, 13,571077 42,849692, 13,57071 42,849687, 13,570716 42,849417));0,458205444;45;0;12;88;13;7;185;12,5;A;Very Low
POLYGON ((13,570349 42,849412, 13,570716 42,849417, 13,57071 42,849687, 13,570343 42,849682, 13,570349 42,849412));0,447894316;66;5;34;61;14;7;185;12,5;2;Very High
POLYGON ((13,569982 42,849408, 13,570349 42,849412, 13,570343 42,849682, 13,569976 42,849678, 13,569982 42,849408));0,52932986;6;44;45;11;8;6;185;12,5;3;Very High
POLYGON ((13,569615 42,849403, 13,569982 42,849408, 13,569976 42,849678, 13,569609 42,849673, 13,569615 42,849403));0,528275347;33;46;28;26;9;6;185;12,5;3;Very High
POLYGON ((13,569248 42,849399, 13,569615 42,849403, 13,569609 42,849673, 13,569242 42,849669, 13,569248 42,849399));0,583116749;41;44;8;48;6;6;185;12,5;3;Very High
POLYGON ((13,568881 42,849394, 13,569248 42,849399, 13,569242 42,849669, 13,568875 42,849664, 13,568881 42,849394));0,481113813;648;0;0;100;10;7;185;12,5;B;Low
POLYGON ((13,568887 42,849124, 13,569254 42,849129, 13,569248 42,849399, 13,568881 42,849394, 13,568887 42,849124));0,586264585;3;0;16;84;4;5;185;12,5;B;Low
POLYGON ((13,57476 42,849197, 13,575127 42,849202, 13,575121 42,849472, 13,574754 42,849467, 13,57476 42,849197));0,575047864;299;0;0;100;4;6;0,15;0;B;Low
POLYGON ((13,574393 42,849193, 13,57476 42,849197, 13,574754 42,849467, 13,574387 42,849463, 13,574393 42,849193));0,555591462;43;0;2;98;6;6;0,15;0;B;Low
POLYGON ((13,57476 42,849197, 13,574766 42,848927, 13,575133 42,848932, 13,575127 42,849202, 13,57476 42,849197));0,419206484;431;0;0;100;6;6;0,15;0;B;Low
POLYGON ((13,574026 42,849188, 13,574393 42,849193, 13,574387 42,849463, 13,57402 42,849458, 13,574026 42,849188));0,523391795;2;16;19;65;8;6;0,15;0;8;High
POLYGON ((13,574393 42,849193, 13,574399 42,848923, 13,574766 42,848927, 13,57476 42,849197, 13,574393 42,849193));0,471506803;7;0;9;91;7;6;0,15;0;B;Low
POLYGON ((13,573659 42,849183, 13,574026 42,849188, 13,57402 42,849458, 13,573653 42,849454, 13,573659 42,849183));0,556681783;23;35;10;55;7;6;0,15;0;6;Medium-Low
POLYGON ((13,574026 42,849188, 13,574032 42,848918, 13,574399 42,848923, 13,574393 42,849193, 13,574026 42,849188));0,571130456;283;0;0;100;4;5;0,15;0;B;Low
POLYGON ((13,573292 42,849179, 13,573659 42,849183, 13,573653 42,849454, 13,573286 42,849449, 13,573292 42,849179));0,486707746;55;0;17;83;8;6;185;12,5;B;Low
POLYGON ((13,573659 42,849183, 13,573665 42,848913, 13,574032 42,848918, 13,574026 42,849188, 13,573659 42,849183));0,572466354;7;0;1;99;3;5;0,15;0;B;Low
POLYGON ((13,572925 42,849174, 13,573292 42,849179, 13,573286 42,849449, 13,572919 42,849444, 13,572925 42,849174));0,440897318;86;0;10;90;9;6;185;12,5;B;Low
POLYGON ((13,573292 42,849179, 13,573298 42,848909, 13,573665 42,848913, 13,573659 42,849183, 13,573292 42,849179));0,477739405;5;0;7;93;6;6;185;12,5;B;Low
POLYGON ((13,572558 42,84917, 13,572925 42,849174, 13,572919 42,849444, 13,572552 42,84944, 13,572558 42,84917));0,483809615;43;0;2;98;6;6;185;12,5;B;Low
POLYGON ((13,572925 42,849174, 13,572931 42,848904, 13,573298 42,848909, 13,573292 42,849179, 13,572925 42,849174));0,413104327;480;0;0;100;7;6;185;12,5;B;Low
POLYGON ((13,572191 42,849165, 13,572558 42,84917, 13,572552 42,84944, 13,572184 42,849435, 13,572191 42,849165));0,5734691;18;0;2;98;6;6;185;12,5;B;Low
POLYGON ((13,572558 42,84917, 13,572564 42,8489, 13,572931 42,848904, 13,572925 42,849174, 13,572558 42,84917));0,420009878;480;0;0;100;7;6;185;12,5;B;Low
POLYGON ((13,571824 42,849161, 13,572191 42,849165, 13,572184 42,849435, 13,571817 42,849431, 13,571824 42,849161));0,681745341;36;0;50;50;4;5;185;12,5;B;Low
POLYGON ((13,572191 42,849165, 13,572197 42,848895, 13,572564 42,8489, 13,572558 42,84917, 13,572191 42,849165));0,453846954;597;0;0;100;9;6;185;12,5;B;Low
POLYGON ((13,571457 42,849156, 13,571824 42,849161, 13,571817 42,849431, 13,57145 42,849426, 13,571457 42,849156));0,628350626;245;0;15;85;3;5;185;12,5;B;Low
POLYGON ((13,571824 42,849161, 13,57183 42,848891, 13,572197 42,848895, 13,572191 42,849165, 13,571824 42,849161));0,534803881;7;0;0;100;3;5;185;12,5;B;Low
POLYGON ((13,57109 42,849151, 13,571457 42,849156, 13,57145 42,849426, 13,571083 42,849422, 13,57109 42,849151));0,585958556;5,23;0;12;88;3;5;185;12,5;B;Low
POLYGON ((13,571457 42,849156, 13,571463 42,848886, 13,57183 42,848891, 13,571824 42,849161, 13,571457 42,849156));0,654419215;7;0;47;53;4;6;185;12,5;B;Low
POLYGON ((13,570723 42,849147, 13,57109 42,849151, 13,571083 42,849422, 13,570716 42,849417, 13,570723 42,849147));0,512108208;1;0;30;70;6;6;185;12,5;B;Low
POLYGON ((13,570355 42,849142, 13,570723 42,849147, 13,570716 42,849417, 13,570349 42,849412, 13,570355 42,849142));0,446078356;24;26;22;52;7;6;185;12,5;6;Medium-Low
POLYGON ((13,569988 42,849138, 13,570355 42,849142, 13,570349 42,849412, 13,569982 42,849408, 13,569988 42,849138));0,546225743;20;14;43;43;6;6;185;12,5;6;Medium-Low
POLYGON ((13,569621 42,849133, 13,569988 42,849138, 13,569982 42,849408, 13,569615 42,849403, 13,569621 42,849133));0,581599579;10;32;24;44;5;6;185;12,5;6;Medium-Low
POLYGON ((13,569254 42,849129, 13,569621 42,849133, 13,569615 42,849403, 13,569248 42,849399, 13,569254 42,849129));0,63848839;33;10;6;84;3;5;185;12,5;7;High
POLYGON ((13,569261 42,848858, 13,569628 42,848863, 13,569621 42,849133, 13,569254 42,849129, 13,569261 42,848858));0,573355348;12;1;19;80;5;6;185;12,5;9;Low
POLYGON ((13,571096 42,848881, 13,571463 42,848886, 13,571457 42,849156, 13,57109 42,849151, 13,571096 42,848881));0,520245814;421;0;36;64;6;6;185;12,5;B;Low
POLYGON ((13,570729 42,848877, 13,571096 42,848881, 13,57109 42,849151, 13,570723 42,849147, 13,570729 42,848877));0,379628789;83;0;0;100;8;6;185;12,5;A;Very Low
POLYGON ((13,571096 42,848881, 13,571102 42,848611, 13,571469 42,848616, 13,571463 42,848886, 13,571096 42,848881));0,705837445;12;0;26;74;7;6;185;12,5;B;Low
POLYGON ((13,570362 42,848872, 13,570729 42,848877, 13,570723 42,849147, 13,570355 42,849142, 13,570362 42,848872));0,601180747;884;6;35;59;5;6;185;12,5;6;Medium-Low
POLYGON ((13,569995 42,848868, 13,570362 42,848872, 13,570355 42,849142, 13,569988 42,849138, 13,569995 42,848868));0,465693643;76;51;41;8;8;6;185;12,5;3;Very High
POLYGON ((13,569628 42,848863, 13,569995 42,848868, 13,569988 42,849138, 13,569621 42,849133, 13,569628 42,848863));0,532744135;87;50;37;13;9;6;185;12,5;3;Very High
POLYGON ((13,569995 42,848868, 13,570001 42,848598, 13,570368 42,848602, 13,570362 42,848872, 13,569995 42,848868));0,695051315;34;34;6;60;7;6;185;12,5;6;Medium-Low
POLYGON ((13,569634 42,848593, 13,570001 42,848598, 13,569995 42,848868, 13,569628 42,848863, 13,569634 42,848593));0,648599826;9;10;31;59;4;6;185;12,5;6;Medium-Low
POLYGON ((13,570735 42,848607, 13,571102 42,848611, 13,571096 42,848881, 13,570729 42,848877, 13,570735 42,848607));0,776585611;3;0;51;49;4;6;185;12,5;B;Low
POLYGON ((13,570368 42,848602, 13,570735 42,848607, 13,570729 42,848877, 13,570362 42,848872, 13,570368 42,848602));0,71360733;31;0;59;41;3;5;185;12,5;B;Low
POLYGON ((13,570735 42,848607, 13,570741 42,848337, 13,571108 42,848341, 13,571102 42,848611, 13,570735 42,848607));0,759530617;0;0;64;36;0;3;185;12,5;D;Very Low
POLYGON ((13,570374 42,848332, 13,570741 42,848337, 13,570735 42,848607, 13,570368 42,848602, 13,570374 42,848332));0,584341778;0;0;26;74;0;3;185;12,5;D;Very Low