{"type": "FeatureCollection", "features": [{"type": "Feature", "properties": {"name": "Ascoli - Porta Romana", "stato": "istat"}, "geometry": {"type": "Polygon", "coordinates": [[[13.559669304551656, 42.85151074393619], [13.559176538548467, 42.85099129994393], [13.559069900829009, 42.85094686816069], [13.558984987650124, 42.850881699133616], [13.558845095332183, 42.85092236873044], [13.558560826104163, 42.851203637383115], [13.55817527371068, 42.851192631179124], [13.557842151835588, 42.85068351511205], [13.557252575006082, 42.85078626078463], [13.556794705501233, 42.8508396277606], [13.556455016026735, 42.85092070468646], [13.555378566879327, 42.85038517192107], [13.555138249104798, 42.85032048221101], [13.555031586879371, 42.850824407184334], [13.554799209038451, 42.85086742814767], [13.55494292428739, 42.85103275634417], [13.554957064230889, 42.85126627416934], [13.554731376519214, 42.851829860545884], [13.554772926387844, 42.85185124893736], [13.554593554955563, 42.85193799627399], [13.554282084103138, 42.85177935138459], [13.553842569568268, 42.85150201674897], [13.553550005070104, 42.851475419176296], [13.552967424694442, 42.85149863439869], [13.55289129690506, 42.85117079964549], [13.552396104811049, 42.851134263027475], [13.552920005646495, 42.85178435256027], [13.553304712584081, 42.85177860979977], [13.553710396630224, 42.85179750212527], [13.55400705362503, 42.85187005082569], [13.554170275624445, 42.85192706241974], [13.555276854859423, 42.8524788105703], [13.557123416302094, 42.85333189538228], [13.557459601423178, 42.85341421129741], [13.557795418954742, 42.853465462043516], [13.557857529330468, 42.853460686960766], [13.558145498959641, 42.853494311501805], [13.559125884712753, 42.85366265125617], [13.559383234134996, 42.85375660643551], [13.559763922093845, 42.85394674154865], [13.559975457609038, 42.854078662253336], [13.560321261322535, 42.85439887315282], [13.560449660341519, 42.85435676560493], [13.5615124474118, 42.85450398827934], [13.56148245210705, 42.85461082171216], [13.561513844251975, 42.85465309204696], [13.561556668430935, 42.85496587805452], [13.561368095007694, 42.85504850145604], [13.560744503894696, 42.8551756109031], [13.560962656021232, 42.85564168791941], [13.56187318751275, 42.855562030857165], [13.563107479599612, 42.8553863385606], [13.563644674922662, 42.85516231663863], [13.564330045580816, 42.855230461048706], [13.564428191982385, 42.85533355038255], [13.56442635403479, 42.85533090057337], [13.565012475522815, 42.855947247996816], [13.565013186195888, 42.85594799862535], [13.56492252636752, 42.855726816430625], [13.565372639733521, 42.855447573570636], [13.566068486692968, 42.85536508582488], [13.56662713699094, 42.85558864651727], [13.566591811638167, 42.8557426158048], [13.56667078211983, 42.85573831099535], [13.566779270039865, 42.85518945683433], [13.566678182922143, 42.855069980284696], [13.566770815480929, 42.854975156908495], [13.566770852239882, 42.85480338958526], [13.566600744063479, 42.85475077323783], [13.566676553275277, 42.854426465534395], [13.56667656552826, 42.85442642935953], [13.566702590866205, 42.85420500298443], [13.566673759594934, 42.854102031218915], [13.566569155870814, 42.85397602510536], [13.566558495774762, 42.853868640005786], [13.566629072962408, 42.85380177980357], [13.566774234063457, 42.85370417096244], [13.566796350699516, 42.853635818546856], [13.566415871041396, 42.8535917937309], [13.56650945933293, 42.853190306943766], [13.566299100104196, 42.85319104852859], [13.566107867783433, 42.85316154792266], [13.565891247279893, 42.853093611518084], [13.565596011631227, 42.85304549894188], [13.565554976387924, 42.85320059869409], [13.564927292778284, 42.853121674172954], [13.564643672958416, 42.85306834337185], [13.56292999512686, 42.852819614014145], [13.562921699856716, 42.85284935880044], [13.562875481601193, 42.85285423336408], [13.560705747706413, 42.85255224555501], [13.560644323497788, 42.85247654059725], [13.560676524339653, 42.8523954184528], [13.560190227911997, 42.852328721037495], [13.55978482568449, 42.85183940166766], [13.559669304551656, 42.85151074393619]]]}}, {"type": "Feature", "properties": {"name": "Ascoli - Borgo Solesta", "stato": "istat"}, "geometry": {"type": "Polygon", "coordinates": [[[13.564291509946242, 42.8568184925932], [13.563992353342705, 42.85680664532349], [13.56183688192126, 42.85666710980882], [13.56140973064721, 42.8566203447465], [13.561925348465495, 42.85771914735833], [13.562227899145592, 42.858296534447526], [13.562604813185379, 42.85875625373053], [13.562889364232028, 42.859024915441246], [13.56325430710648, 42.85933143415269], [13.564083147953893, 42.8599179101778], [13.564446424422526, 42.85964712319352], [13.564527404393559, 42.85956587443703], [13.56480216530602, 42.85977360862409], [13.56495712879424, 42.85979880442057], [13.564992662447745, 42.859707146345436], [13.565239866399265, 42.859728100638485], [13.565015538768808, 42.8602373975799], [13.565287983867298, 42.86030357045961], [13.56533914007536, 42.860111047805084], [13.565496186570854, 42.86009631558956], [13.565530911527413, 42.86035569844629], [13.565779769631769, 42.860426058567114], [13.56578842023845, 42.86061891583917], [13.567398352054763, 42.86056765604934], [13.5674632806168, 42.86131375368531], [13.567759239191522, 42.86129171414618], [13.56774547909053, 42.86111369761427], [13.568337175686258, 42.86098269032503], [13.568701346622722, 42.8608003870711], [13.568980359320618, 42.86061879827084], [13.569125851252235, 42.860904136596304], [13.569202224101296, 42.86113277985783], [13.569733648268897, 42.86107848137899], [13.570205290127726, 42.86106493389043], [13.571008865322202, 42.86100876336209], [13.571921651362771, 42.86085076962035], [13.572320718797569, 42.86071646137428], [13.57237408054274, 42.86082795232153], [13.572675945055737, 42.86107506285384], [13.572986251874681, 42.861089116790566], [13.573031612421326, 42.86098619928735], [13.573249470476247, 42.86098902997088], [13.573263990262245, 42.860745500750625], [13.573829379701403, 42.860662470381826], [13.573881173064628, 42.860289688353504], [13.573889823671308, 42.860063785338326], [13.573804640926774, 42.86003168014181], [13.573844769449263, 42.86000998426393], [13.573893401542625, 42.8597987139834], [13.573947461707885, 42.8597280011576], [13.573568109324288, 42.85959379239243], [13.573629423256055, 42.85946232387361], [13.573474104431298, 42.85945680720603], [13.573390808646296, 42.85948793568109], [13.573008870883083, 42.85940812487565], [13.572745051885304, 42.859472742235965], [13.572606188818018, 42.85938523522709], [13.57238600269614, 42.85945396747879], [13.572316454759148, 42.85952099951164], [13.572237753843133, 42.85956290809775], [13.572251746750823, 42.8595880948505], [13.572144006262807, 42.85962606037586], [13.572098743740035, 42.85952618156167], [13.571931551773815, 42.85961931376273], [13.5721544825641, 42.859432687611914], [13.572126692796463, 42.85937053918642], [13.572219521402992, 42.85930452004992], [13.572291752743475, 42.85918181489319], [13.57238458135, 42.859115795756686], [13.572339392345132, 42.85904009984264], [13.57232479904123, 42.85896241431078], [13.572352956398385, 42.858860220304955], [13.572407506683003, 42.85879291696058], [13.572485864515468, 42.85873993886447], [13.572615819663412, 42.858699025087276], [13.572721856986657, 42.85869395156185], [13.572857889614651, 42.85872213178505], [13.571945667211345, 42.85838238645613], [13.571542972893294, 42.85815587751189], [13.57112770701369, 42.85797192830141], [13.570156939852996, 42.857579259138674], [13.569983988984312, 42.85748631685568], [13.56990010505608, 42.85741731329246], [13.569731553008639, 42.8573999041366], [13.569106405766679, 42.85717851393637], [13.568657407422217, 42.857057310036716], [13.568213714619816, 42.85681080543346], [13.567981704368414, 42.85675001356557], [13.567847607711888, 42.856681805849476], [13.567713413031488, 42.85655681263226], [13.567703855703995, 42.85653771230126], [13.567703855703995, 42.856537703257544], [13.567703843451012, 42.85653769421383], [13.567726376688524, 42.8566414256516], [13.56770699246789, 42.85671912927089], [13.567658115314847, 42.85678941704199], [13.567518688610296, 42.85690922820916], [13.567398180512988, 42.85713232767196], [13.567109267404046, 42.85707912348292], [13.566206357268554, 42.856830828223636], [13.566067371671426, 42.85660142528985], [13.565830043624985, 42.85671617197533], [13.565406543740156, 42.85628940799826], [13.56530367993976, 42.85628721941867], [13.565203046182445, 42.85626271998843], [13.5650692681035, 42.85617883951019], [13.565003445073634, 42.85605873894405], [13.565012475522815, 42.855947247996816], [13.56442635403479, 42.85533090057337], [13.564473993636451, 42.85539957856277], [13.564493426869022, 42.855501166639534], [13.564460368318281, 42.85560082840451], [13.564402632257831, 42.855666060737605], [13.564283974361102, 42.85675534935881], [13.564291509946242, 42.8568184925932]]]}}, {"type": "Feature", "properties": {"name": "Ascoli - Campo Parignano", "stato": "istat"}, "geometry": {"type": "Polygon", "coordinates": [[[13.57904075757702, 42.85742054189954], [13.577926581491981, 42.85733014090112], [13.577240659449549, 42.857321730243996], [13.576522463047352, 42.85729042089461], [13.576049963479642, 42.85739822200517], [13.575639770335403, 42.85759956228408], [13.575449567265295, 42.85775798108054], [13.575306219605872, 42.8580422160725], [13.575407208699724, 42.8581970083383], [13.575629110239351, 42.858417014849785], [13.575742609629831, 42.858474749941216], [13.57601081519587, 42.85847380939462], [13.576304813293158, 42.85845091070233], [13.576621026050377, 42.85840494148715], [13.576807908561829, 42.85841880550581], [13.57701130809567, 42.858408911679064], [13.577217709610581, 42.85845820898222], [13.577393111076058, 42.85858331072404], [13.57744359337, 42.858697713748256], [13.577488341267445, 42.858725170474074], [13.577577163148215, 42.85893318501637], [13.577572752073989, 42.859162940655125], [13.577409223749973, 42.85939231645776], [13.577321271831066, 42.859425633512394], [13.577166712691314, 42.85952430951218], [13.576935964497261, 42.8596355291479], [13.576826802663106, 42.85966722737714], [13.576305462701306, 42.859726445638216], [13.576091586866177, 42.85977694575578], [13.576225438463023, 42.86033349612024], [13.576524055935266, 42.86029705898312], [13.576619371897541, 42.8607050934216], [13.576663225327156, 42.860688136451614], [13.577222353491504, 42.86061333586557], [13.57724545036628, 42.86071297049939], [13.577304718049726, 42.860808065187115], [13.57740884390747, 42.86088963047371], [13.577661647472663, 42.86097493081556], [13.578620541491897, 42.86089992222403], [13.579476008073469, 42.86088080380559], [13.579832447377049, 42.86089570785175], [13.580167554235542, 42.860929712228916], [13.581065060805106, 42.86107350733445], [13.583065360437601, 42.86134316385407], [13.583092464038137, 42.86102685984047], [13.583314782179219, 42.86096668294536], [13.583413198146436, 42.86073913397363], [13.58384752966909, 42.860235959628845], [13.58427178923892, 42.85987968238465], [13.584004882489182, 42.85928695715087], [13.584121224571945, 42.85927628556442], [13.584332613051329, 42.85921368495306], [13.584744019240983, 42.85900163691284], [13.585089296076168, 42.858900772333456], [13.585295599567209, 42.85890034727875], [13.585505076581095, 42.85893837611012], [13.585353335627657, 42.85888019787654], [13.585199315619201, 42.858742326405846], [13.585127611157029, 42.858574140394666], [13.584364911917065, 42.85788220558178], [13.584021558800362, 42.857622162533694], [13.5838848154993, 42.857430508076035], [13.583456316397012, 42.85713820608823], [13.583341297636522, 42.857082985150214], [13.583219012856539, 42.85707360681535], [13.583033514932271, 42.857130609365676], [13.582749809341518, 42.85716461374283], [13.582547880165754, 42.857172454645756], [13.582410266902826, 42.85714753920451], [13.582295652490808, 42.857086050970395], [13.582210114409738, 42.856972118219474], [13.582206389502613, 42.85684187964621], [13.582285323225323, 42.856725378479574], [13.582428732149666, 42.85664945647259], [13.582413256630916, 42.856652458986744], [13.58241324437793, 42.856652458986744], [13.582381962509867, 42.8566632390978], [13.581859777092175, 42.85675989834861], [13.581555841824892, 42.85679723985747], [13.581296054058837, 42.85680934939498], [13.581005204978432, 42.85680896955885], [13.581134192140643, 42.856829299835404], [13.581227008494189, 42.856872176099266], [13.581298590426519, 42.85693332067213], [13.581350383789744, 42.85703373306564], [13.581352025689595, 42.85711453867997], [13.581304324823016, 42.85721604536329], [13.581206987118387, 42.85729593756217], [13.581110347833846, 42.85733393021868], [13.580373367607224, 42.857468753956624], [13.579849430012827, 42.85752079150614], [13.579769307750672, 42.85750121185812], [13.579058610174659, 42.85746988442129], [13.57904075757702, 42.85742054189954]]]}}, {"type": "Feature", "properties": {"name": "Ascoli - Porta Cartara", "stato": "kml"}, "geometry": {"type": "Polygon", "coordinates": [[[13.567132584832535, 42.848873514569426], [13.570026470079721, 42.850802114421114], [13.57352332466789, 42.848718803697075], [13.572945339161219, 42.847568696076834], [13.571511825808052, 42.847479298931034], [13.56982204129523, 42.84718933022229], [13.567906973419204, 42.84647976016062], [13.567168449316604, 42.847215213341286], [13.567132584832535, 42.848873514569426]]]}}, {"type": "Feature", "properties": {"name": "Ascoli - Borgo Chiaro", "stato": "copertura"}, "geometry": {"type": "Polygon", "coordinates": [[[13.592685018860738, 42.86086282489555], [13.592867147214411, 42.860557201512115], [13.592999810271815, 42.860373505525715], [13.593130463839845, 42.85993771591875], [13.593152163874452, 42.859610866930744], [13.592962928790076, 42.85897943458679], [13.592955111386305, 42.85896510933854], [13.59286266262228, 42.85897708322028], [13.59269034890876, 42.85907089370015], [13.592531109129135, 42.85919706260061], [13.592441429539488, 42.85932043699242], [13.592429678927862, 42.85946257709769], [13.59251903993993, 42.859582523920636], [13.592624807697526, 42.85998890335883], [13.592649730266913, 42.860402825257296], [13.592610202140639, 42.86058810389422], [13.592531636007447, 42.860684736013894], [13.592496629232256, 42.860768281874584], [13.591825508794454, 42.86107603957531], [13.591358228997917, 42.861254616817696], [13.590921299842663, 42.861266129469854], [13.590832955828267, 42.86123260440972], [13.590482728787558, 42.861155398194875], [13.59011248037105, 42.86101948016712], [13.589680280867606, 42.86090960804529], [13.588964939410669, 42.86067313292456], [13.58837386771712, 42.86038941342449], [13.58767880494865, 42.860303009749124], [13.586992601087587, 42.86010610993542], [13.586744808992837, 42.85991620995894], [13.586590004793406, 42.85983270931684], [13.586347309939985, 42.8595670049017], [13.586027102709995, 42.85928230868016], [13.585686604538555, 42.85913820608823], [13.585505076581095, 42.85893837611012], [13.585295599567209, 42.85890034727875], [13.585089296076168, 42.858900772333456], [13.584744019240983, 42.85900163691284], [13.584332613051329, 42.85921368495306], [13.584121224571945, 42.85927628556442], [13.584004882489182, 42.85928695715087], [13.58427178923892, 42.85987968238465], [13.58384752966909, 42.860235959628845], [13.583413198146436, 42.86073913397363], [13.583314782179219, 42.86096668294536], [13.583092464038137, 42.86102685984047], [13.583065360437601, 42.86134316385407], [13.581065060805106, 42.86107350733445], [13.580167554235542, 42.860929712228916], [13.579832447377049, 42.86089570785175], [13.579476008073469, 42.86088080380559], [13.578620541491897, 42.86089992222403], [13.577812322416497, 42.86096314685189], [13.577956772844477, 42.860973094940945], [13.578084767514987, 42.86102352270878], [13.578176346317152, 42.86110658020873], [13.578217259030614, 42.861209316837595], [13.578210519889435, 42.861289706440935], [13.578152771575999, 42.861387939298574], [13.578077820073078, 42.86144647928084], [13.577884198420442, 42.86153093855699], [13.577815263132647, 42.86164083780997], [13.577759744862298, 42.86181749778429], [13.577735557471948, 42.86197568144411], [13.577995798598407, 42.862229357715194], [13.577819796736717, 42.862364045797385], [13.577791210525122, 42.86233824407184], [13.577739343643993, 42.86236361169895], [13.57747711753413, 42.86211339012788], [13.577518397837114, 42.86209200173639], [13.57743024987046, 42.862012435111325], [13.577269956334213, 42.86181169171776], [13.577213274030386, 42.86182874816865], [13.576954821839584, 42.86168945683434], [13.57691931269205, 42.86178454247834], [13.576805911325442, 42.86188323656556], [13.576496511227312, 42.862099544196646], [13.576393402367234, 42.86220955197424], [13.576383109860702, 42.86227415124713], [13.576393402367234, 42.8623424494004], [13.576465707225617, 42.862425850561614], [13.576545559922126, 42.86248086349413], [13.576615205882991, 42.86249794707617], [13.576703108789964, 42.862494049234], [13.576934481886202, 42.862427867310586], [13.577088514147642, 42.86243358293993], [13.576807418442469, 42.863088474686634], [13.576437807181126, 42.86337679743882], [13.57603398558855, 42.8635551124134], [13.575821482087624, 42.863666947021905], [13.575627480592486, 42.86381869155498], [13.575795101413144, 42.86377873641181], [13.575851918499795, 42.86379345958363], [13.575851109802853, 42.86382848590085], [13.575821972206981, 42.86385264166983], [13.575316377329582, 42.86409161285655], [13.575655907515287, 42.86418663519453], [13.575627566363373, 42.86424136777181], [13.57526506183273, 42.86437498869536], [13.574815254791329, 42.864422775697726], [13.57474937049654, 42.864266482174834], [13.574663660873698, 42.86416282308681], [13.57453055670887, 42.86415490983414], [13.574140139880756, 42.86436074484056], [13.573775515583884, 42.86430821893031], [13.573670139921775, 42.86420468645432], [13.573381447366547, 42.86442639318465], [13.57326814402381, 42.8645438891602], [13.573219842761015, 42.86454746142854], [13.572919999990376, 42.86439143017346], [13.57246594116354, 42.86384390543889], [13.572367341401561, 42.86361611228679], [13.571939528466379, 42.86314980013385], [13.57178061951732, 42.862999846256805], [13.571822218397886, 42.863068705120554], [13.571712137589934, 42.86304156492484], [13.571673075077047, 42.86305867563803], [13.571569953963987, 42.863022880604845], [13.571463855375823, 42.863008944236434], [13.571445524911809, 42.86304777795865], [13.571278994606724, 42.863024173856424], [13.570999553054387, 42.86293995876065], [13.570767444779115, 42.863106788214225], [13.570341616827335, 42.8633620200047], [13.570246055805383, 42.86355940817914], [13.570500807595025, 42.86385982238139], [13.570440473901977, 42.86399150794943], [13.571218489371898, 42.86453083003238], [13.571079270968072, 42.86462656682403], [13.571069150003318, 42.864761309168514], [13.570415869910171, 42.865268752147884], [13.57004453097809, 42.86543875594625], [13.569902874230456, 42.86533095483568], [13.569963918596574, 42.865262023622186], [13.569881517279402, 42.865201322191474], [13.569788627407954, 42.86516341997215], [13.568766079137017, 42.86447013764538], [13.568416219685826, 42.86434061352579], [13.56819961143527, 42.86423441315318], [13.568158318879304, 42.8641889142113], [13.568162901495306, 42.86415121999747], [13.56819441617007, 42.864124314938415], [13.568547473650074, 42.863960406605536], [13.56856835273475, 42.8637175647078], [13.569581748026666, 42.86341003310001], [13.569379941380742, 42.863224926293704], [13.569397340617973, 42.86304642140105], [13.569636678153788, 42.863014343335685], [13.569714692902702, 42.86286941776548], [13.569470932039676, 42.862386257167145], [13.56891356830502, 42.86225327834753], [13.568873084445993, 42.86214034040552], [13.568514023003846, 42.86234821929206], [13.568710119759242, 42.86265523540796], [13.568310096591693, 42.86278343914483], [13.567825466569861, 42.862715502740244], [13.567485997649074, 42.86251521153255], [13.567438946190645, 42.862546285745296], [13.56721004819717, 42.86251267024797], [13.567020788606825, 42.862394188507245], [13.566928315336833, 42.862260594714854], [13.566891005000656, 42.8622781033516], [13.566893296308656, 42.86232182068117], [13.566851121537844, 42.862426565015284], [13.566709575067067, 42.86253215945882], [13.566724535960489, 42.86266218098287], [13.566498676707038, 42.862784135511056], [13.566087454312147, 42.86278946226057], [13.565985129643044, 42.86271912927089], [13.565749480255404, 42.86287257402282], [13.565517077908515, 42.86270227178179], [13.565651052035204, 42.86255218224899], [13.565435730347964, 42.86243807766745], [13.5652931791325, 42.86243671206612], [13.565011029670707, 42.862381364516075], [13.56499965890159, 42.862970390869464], [13.565084596586443, 42.86324502143361], [13.56519290071172, 42.86341572159821], [13.565017891341729, 42.8635637220323], [13.56464124686759, 42.86368573986651], [13.563764680647626, 42.863829534972055], [13.563413975740545, 42.86391313509505], [13.56318399948448, 42.864006864181455], [13.562950065514597, 42.86417124278764], [13.562790274350693, 42.86434575035723], [13.562455265516071, 42.864850552571134], [13.562377961440225, 42.86499465516306], [13.562079552268713, 42.865707869842815], [13.561924748069282, 42.86597357425796], [13.561795846677956, 42.8661784777615], [13.561537811088613, 42.86644340441695], [13.561989260029863, 42.866606625427316], [13.561484094006904, 42.86708130301879], [13.56110002422448, 42.86760900392497], [13.560708112532318, 42.867992303796555], [13.560295505550238, 42.868360310742126], [13.55959245383622, 42.86905235407962], [13.559439401813496, 42.86913952647096], [13.559051190522492, 42.86920022790168], [13.55870038759154, 42.869278736411815], [13.558387483139992, 42.869374934433054], [13.558239589623518, 42.869435635863766], [13.558102086637449, 42.86952674227214], [13.557713495503943, 42.86988301047263], [13.557575968011905, 42.86997455097943], [13.557266874238373, 42.87007074900067], [13.557170467760525, 42.87008085083293], [13.557026066344484, 42.87003285582506], [13.55693316422005, 42.86996964928464], [13.55662006372076, 42.86965094868595], [13.55653396200243, 42.8695978530215], [13.55646186544477, 42.869582750013564], [13.555967163470116, 42.869557454736196], [13.555061251353553, 42.86955645992729], [13.554791158827985, 42.869567755530234], [13.554684545614496, 42.86958556260965], [13.554609349051892, 42.86961836417241], [13.554560545416756, 42.86971576500805], [13.554467851593051, 42.86981446813898], [13.554390449493335, 42.86995096496464], [13.554354437973458, 42.87025457159911], [13.554400840023739, 42.87030766726355], [13.5544574978216, 42.87031417874003], [13.554622545515626, 42.87019756904878], [13.555040445786778, 42.870007967514965], [13.555215749228385, 42.869954763325914], [13.555360248668299, 42.869947157559636], [13.55576266116772, 42.870026660878686], [13.556236765876326, 42.870185956915726], [13.556296156089612, 42.87022961093928], [13.556303863216526, 42.87027325591911], [13.556283253697494, 42.87030356141589], [13.556128657798794, 42.870459167616254], [13.556061560458593, 42.87055776222258], [13.555772941421266, 42.87146467524011], [13.555716234611472, 42.87187818112757], [13.555628736052968, 42.87204498345], [13.555391432512492, 42.872272695208636], [13.555247129120321, 42.87256489771556], [13.55507702094392, 42.87283430101109], [13.555071825678716, 42.87292539837575], [13.55510282572815, 42.872982301445184], [13.555304019724876, 42.87316060737605], [13.555453726682977, 42.87325160525983], [13.555582174713896, 42.87343521080905], [13.555702180438862, 42.87352655235408], [13.555756277363074, 42.873587127172755], [13.555894233709552, 42.8738610794581], [13.555863368442939, 42.87391513375658], [13.55563825662151, 42.874045679816234], [13.555595334418676, 42.87414041275525], [13.555813645834004, 42.87430105630618], [13.55593448476188, 42.874357018829016], [13.556039639870276, 42.87446548013095], [13.556335488168143, 42.87461713422685], [13.556562168371519, 42.87463264420207], [13.55671941091476, 42.87467510445494], [13.556850640373039, 42.87480073073236], [13.557020944597186, 42.874873722574925], [13.557094474753965, 42.87496573335504], [13.557257365922814, 42.87506139779695], [13.557950076118363, 42.875006882268885], [13.557967389584709, 42.875185468554996], [13.558159381590476, 42.87513846835603], [13.558226625966483, 42.87514161556966], [13.55862173568746, 42.87528531119432], [13.558789430026023, 42.875404914356], [13.55885673566695, 42.875411914193215], [13.558928636176864, 42.875403413098915], [13.558974535854802, 42.875380116483086], [13.559104172425164, 42.875208041673446], [13.55923396828432, 42.875093439687454], [13.55932884313917, 42.87506901260694], [13.559419245654874, 42.874958010020435], [13.5597169564063, 42.87473766889142], [13.559820543132753, 42.87467690415468], [13.560117053091753, 42.87455229981732], [13.560332558573752, 42.87449669904318], [13.560599857418977, 42.87446349051314], [13.560965866303032, 42.87445199594842], [13.562091266121385, 42.874491987266445], [13.562433430698642, 42.874486307811964], [13.562885945649501, 42.87450367174924], [13.563411574155687, 42.874482979723986], [13.563725483351918, 42.87444537594733], [13.56418709001688, 42.874326677157384], [13.564405793527696, 42.87420693833994], [13.565351111240693, 42.873359551069875], [13.565732620149467, 42.872987546801234], [13.566119422347313, 42.872676442925105], [13.56669683196374, 42.87214513357571], [13.567245643115593, 42.87151891945665], [13.56732574087178, 42.87145831750683], [13.567434339068672, 42.871443115018], [13.567475545853751, 42.871450720784274], [13.567527045145361, 42.87150001808743], [13.567542545170078, 42.871553122795596], [13.567516838409716, 42.87161762258759], [13.567282598115234, 42.87182304158301], [13.567211592073148, 42.87192757791162], [13.567155828743118, 42.872164025901206], [13.567119829476226, 42.8722323330982], [13.566908428743856, 42.87249793803245], [13.566655919250278, 42.872869842820194], [13.566516615075564, 42.87300264076546], [13.566367116418194, 42.87309754553512], [13.566200855678757, 42.873181398882195], [13.566052717102602, 42.873230352524104], [13.565882412878455, 42.87332154936965], [13.565825411997045, 42.8733783529582], [13.565810009996198, 42.8734200535388], [13.565820412779585, 42.87346945032286], [13.565856412046479, 42.87350355418091], [13.565913204627163, 42.87351484978386], [13.566031813511955, 42.8734845533308], [13.566078313586107, 42.87343514750303], [13.566354814422292, 42.87325345017816], [13.566733223326121, 42.87304813970734], [13.566898222008211, 42.87292283900375], [13.567161232309049, 42.8726762349196], [13.567691737502852, 42.87227107638324], [13.567730640726944, 42.87230779387559], [13.567715410267875, 42.87248707652793], [13.567584119544676, 42.87264858827572], [13.567497466442065, 42.87279843362816], [13.567505908748018, 42.872912746215206], [13.567564257457667, 42.87302769186246], [13.56758378871411, 42.87314214010527], [13.567506619421088, 42.8733614412068], [13.567438394806365, 42.873434007994646], [13.567354192300549, 42.87347782480511], [13.56701937951367, 42.87356744804384], [13.566918255636995, 42.873623283954636], [13.56685021481703, 42.87368770235318], [13.566813835707636, 42.87382184781232], [13.56676778899389, 42.87389469495541], [13.56651768108517, 42.8740657568687], [13.566470543855852, 42.874115913325014], [13.566780470832294, 42.874115913325014], [13.567086832190403, 42.87429324253441], [13.567473744665108, 42.87430105630618], [13.567713253742696, 42.87423139255159], [13.568206803936858, 42.87424795159803], [13.568455331210647, 42.874196954076005], [13.568635523592855, 42.87418355128692], [13.56900533090194, 42.874115144609036], [13.569448937933457, 42.874114041275526], [13.569562032975465, 42.87409384665473], [13.569936741478138, 42.87398053792031], [13.570860248879676, 42.8737715285691], [13.571081954371563, 42.873676632843164], [13.571112856397127, 42.87363493226256], [13.57114385644656, 42.87357802919312], [13.571123050879786, 42.87350212527357], [13.570885551291566, 42.87314552245555], [13.570849552024674, 42.87305842241395], [13.57084935597693, 42.8730053177058], [13.571029670888977, 42.87212871018503], [13.571134642202617, 42.87136521243692], [13.571207204373666, 42.8712578544685], [13.571414439091487, 42.871389332031036], [13.571539370516007, 42.8714424367392], [13.57196464708351, 42.87154054298479], [13.572033888695902, 42.87157749561379], [13.572471994137617, 42.87203146309259], [13.572610232302724, 42.872115678188365], [13.572808681631042, 42.872324361965745], [13.572926138735344, 42.872397995912245], [13.57310700503167, 42.87245696094923], [13.573274466563536, 42.8724899795612], [13.573392279004372, 42.872548157794775], [13.573612465126248, 42.87272618337042], [13.573735742397933, 42.872851447899144], [13.57389073039212, 42.87312144808002], [13.574003911205018, 42.87338062293125], [13.575122890459772, 42.872879031237], [13.575197952239549, 42.87296760540452], [13.5753512860809, 42.87330976540598], [13.575439188987874, 42.87345465480131], [13.575596786867651, 42.873606670645906], [13.575762581993699, 42.87371184003473], [13.575868006667745, 42.873817334997376], [13.575889718955331, 42.873872881509214], [13.57594414671011, 42.87392560638125], [13.576100139448984, 42.873988116555424], [13.576285085988971, 42.87414412972308], [13.576474627397946, 42.874249697035474], [13.576528969381837, 42.87433396639355], [13.576548696686022, 42.87441034963011], [13.576542423158232, 42.87454395246622], [13.576878265195765, 42.874559634272075], [13.577274980057638, 42.87451723732523], [13.578024862676378, 42.87436800694557], [13.578246237337694, 42.8748008030821], [13.578760201003144, 42.8747858266862], [13.578638908714861, 42.87448860491616], [13.578630613444718, 42.87435579792718], [13.578672849480448, 42.87416640439887], [13.579035023180523, 42.873514587516055], [13.579065827182216, 42.87340838714345], [13.578988229034756, 42.87284698030278], [13.578941925008348, 42.87265347188308], [13.578890131645123, 42.87255106987176], [13.5787248511444, 42.87236097997721], [13.580458195015222, 42.871740155913685], [13.580510772569424, 42.87180919565178], [13.580564673445892, 42.871991010544974], [13.580752462678157, 42.872322444697666], [13.580797676188991, 42.87234893374572], [13.580964451553758, 42.872396630310924], [13.58100940775193, 42.87246710800007], [13.58099828204249, 42.872618961057746], [13.580948902517106, 42.87270319424096], [13.58093758075992, 42.872763561054136], [13.581028853237486, 42.87320909074466], [13.581041829147507, 42.87343578960696], [13.581020300654675, 42.87352784560566], [13.580989239340322, 42.8735771338651], [13.58076933503708, 42.873768715973014], [13.580725922714887, 42.87382699368749], [13.580739302973377, 42.873881717221046], [13.580919593379459, 42.874030612983155], [13.580957013992492, 42.87411063179409], [13.581012323962115, 42.87434305532946], [13.581094615002433, 42.87447569953153], [13.581275836635294, 42.874631839311235], [13.581360786573132, 42.87472702443612], [13.581460452344713, 42.87486909219166], [13.58157554462311, 42.875101768951104], [13.581771727149393, 42.8752477797674], [13.582259297887378, 42.87548847830413], [13.582497740955365, 42.87553139074286], [13.58264353921158, 42.875588917828786], [13.582695577634484, 42.87571423661982], [13.584305877040315, 42.87589871036591], [13.58430270351747, 42.87579803570459], [13.58421818243407, 42.87566414346953], [13.583899212755457, 42.87549111906958], [13.583736627911211, 42.87542066851158], [13.58362337358041, 42.87534680847216], [13.583316448585038, 42.87512562627742], [13.583317833172227, 42.87506525946425], [13.583343515426618, 42.87500142890734], [13.583397293773247, 42.874941450974006], [13.58356273356276, 42.87488714345144], [13.583822839906395, 42.874987854287625], [13.58422912434875, 42.87496219726157], [13.584328336759926, 42.874934948541245], [13.584411044401698, 42.87489324796064], [13.584493543742743, 42.87483254652993], [13.58456054305907, 42.87473014451861], [13.584586850215645, 42.87464654439561], [13.58451414100879, 42.87444233725831], [13.584519250503105, 42.87435133937454], [13.584539847769152, 42.87432854016315], [13.584622445134068, 42.874298135185484], [13.58476684655011, 42.87431713603559], [13.584839151408495, 42.874370340224644], [13.584911345990026, 42.87448803516197], [13.58496304132938, 42.8746739378154], [13.58500944337966, 42.87475364009622], [13.585102345504092, 42.874852442708054], [13.585226149654087, 42.8749663392841], [13.585496548504254, 42.87516204532711], [13.585902146779507, 42.87541454591496], [13.586015548146115, 42.87546014433773], [13.586118755030062, 42.87544114348762], [13.586877128966687, 42.87564776529745], [13.587129932531878, 42.875681968636385], [13.587393138880461, 42.87574286902888], [13.587609734878031, 42.87587956481632], [13.587718039003308, 42.87592886211948], [13.588068939958136, 42.87605816918986], [13.588621145186544, 42.876297565431294], [13.589059544699875, 42.87645276466439], [13.589307349047608, 42.87660466294066], [13.5894775429949, 42.876760368621916], [13.589766541874729, 42.877113471521334], [13.5898285419736, 42.877223669216995], [13.58985934597529, 42.877488776746794], [13.589933513287235, 42.87761156329697], [13.59093263385283, 42.877150424150344], [13.591139929835572, 42.87743075225641], [13.591392549606006, 42.87770013746451], [13.591577667687769, 42.87782894713043], [13.5917702968487, 42.87791418416626], [13.591831071649173, 42.87796942319171], [13.591908314460097, 42.87812890914682], [13.591971601122284, 42.878202108994884], [13.592190365898018, 42.87834107475536], [13.592339852302405, 42.87846827463961], [13.592476914181052, 42.878675601859385], [13.592735317359919, 42.879191419321], [13.59288873697216, 42.87944950892615], [13.593277756960108, 42.87949185161069], [13.593031349452543, 42.87876158952376], [13.59439711605736, 42.877916119521764], [13.594148539771636, 42.87765330005245], [13.594143430277324, 42.8776000958634], [13.594277539186836, 42.87734969341798], [13.594334135719775, 42.877187186861285], [13.594339245214087, 42.8770998878579], [13.59429803842901, 42.87694808906252], [13.59417690542952, 42.876720332085306], [13.59474851938453, 42.87661317307866], [13.595261919412717, 42.87681803136361], [13.595481786957007, 42.877207227738886], [13.595675359597706, 42.87622706965471], [13.595979466406767, 42.875548555718346], [13.596098075291561, 42.875188055058146], [13.596061083532964, 42.87506222077523], [13.596010270408458, 42.875013448007664], [13.595901966283181, 42.874986750954115], [13.595467107882218, 42.87504774178378], [13.595179665131353, 42.87509655976993], [13.595134770198099, 42.8750943531029], [13.595091958272121, 42.875100358131206], [13.595057747940885, 42.87509056378534], [13.595057735687902, 42.87509056378534], [13.595024958955792, 42.87508895400366], [13.595000011880439, 42.8750740499575], [13.594999999627452, 42.8750740499575], [13.594974721721533, 42.87506681498363], [13.594958878613262, 42.875049487221226], [13.594942263567006, 42.8750395572196], [13.594911863913783, 42.874998037513336], [13.594875166226807, 42.874819351746346], [13.594746473136208, 42.87389334744154], [13.594756777895723, 42.87380984679943], [13.594864677672529, 42.873479642592294], [13.59485948240733, 42.8734340351258], [13.594818079574507, 42.87339613290647], [13.594653080892417, 42.87336193861125], [13.59427468424157, 42.87347233526869], [13.594132071761187, 42.873475744750124], [13.593930767487606, 42.873430146327344], [13.59378626804769, 42.873361839130354], [13.59363146384826, 42.87326313599942], [13.593114865791259, 42.8728267404634], [13.592913561517678, 42.87263684048692], [13.592562268467361, 42.87222343408035], [13.59237097488168, 42.87167312388084], [13.592287973168293, 42.87132822363304], [13.592256875094987, 42.871271221082715], [13.592086472846967, 42.871077821187626], [13.59192116784028, 42.87094882160363], [13.591771473135164, 42.870865519923306], [13.591511513827335, 42.87077590572829], [13.591119406087428, 42.87067721164107], [13.59063421242833, 42.87038490965326], [13.59020050580786, 42.87016471322373], [13.588806998447346, 42.86956130735978], [13.588776096421782, 42.869481704559846], [13.588817303206861, 42.86940580968402], [13.588879156269922, 42.86934519869047], [13.589019550960206, 42.86925283520539], [13.589189009728461, 42.869154801309534], [13.589353408014338, 42.869128800622214], [13.589482407429534, 42.869136496825654], [13.589879710434642, 42.86923519995659], [13.59004501544133, 42.86934519869047], [13.590251514980112, 42.86956540416373], [13.590427112493334, 42.86970200047027], [13.590612818718329, 42.869770398104436], [13.590850110005817, 42.869808399804654], [13.59168082555978, 42.86987679743882], [13.59190256781062, 42.8698829471666], [13.592004377854394, 42.86986428093403], [13.592081767701126, 42.869818772948435], [13.592301843546142, 42.86959000307486], [13.592483003914083, 42.86931353663609], [13.59255057912066, 42.86916196393366], [13.592481116954554, 42.868926818239366], [13.59240568758526, 42.86882806084613], [13.592250883385827, 42.86872945719608], [13.591563723792014, 42.8683751695697], [13.591326885864932, 42.86820586213757], [13.591233787692756, 42.868061660064754], [13.591104481952959, 42.86776185179156], [13.59105453879031, 42.86768504350029], [13.59095663744842, 42.86762464955596], [13.590879027047977, 42.867590446217015], [13.59071402836589, 42.867548745636405], [13.590523126875695, 42.867537242027964], [13.590290932829534, 42.867484146363516], [13.589861318705706, 42.86726512561724], [13.589680721975029, 42.867197324868414], [13.589335016285403, 42.86712132146798], [13.588695116450749, 42.86700742489193], [13.588488812959708, 42.86694662398032], [13.58836481276197, 42.86687452746577], [13.588179008513105, 42.86670762566245], [13.587342411526839, 42.86589181905331], [13.58714120527713, 42.86577792247726], [13.58695010773919, 42.865702018557705], [13.586475402634367, 42.86558051621539], [13.586325805953125, 42.86551601642339], [13.586222611322162, 42.865432515781286], [13.586072806340189, 42.865227512796864], [13.585809109872251, 42.864616510210354], [13.585793609847533, 42.864522012407974], [13.585815371147058, 42.864052770090616], [13.585784836711012, 42.86398954546277], [13.58578482445803, 42.86398953641905], [13.585717175733553, 42.86389636804312], [13.585619066090935, 42.86383936549279], [13.585309371921186, 42.86371456219364], [13.585170067746473, 42.86363856783692], [13.585161025044307, 42.86362527357245], [13.585139067697039, 42.86361206070143], [13.585056470332121, 42.86347156655272], [13.584999371426838, 42.86321735670229], [13.58498896864345, 42.86306166006475], [13.58492270450616, 42.862914907663644], [13.585038838288195, 42.862875169569705], [13.585097664864216, 42.86282254417856], [13.585148306446948, 42.86273336408197], [13.585157839268476, 42.86270324850326], [13.585097272768728, 42.86250758767884], [13.585957726314778, 42.86253707924105], [13.585966965064689, 42.862461455676744], [13.586273277410863, 42.86246106679689], [13.586287000752902, 42.862502342322784], [13.587182987952454, 42.862497974207315], [13.587468506984836, 42.86261197930798], [13.58754856798207, 42.86269583265506], [13.587936460695493, 42.86281719934162], [13.588142470114915, 42.86275782733735], [13.588178077286324, 42.86271426375097], [13.588178800212377, 42.86267434478268], [13.588307677097733, 42.862579096351766], [13.588205119621938, 42.86237180530686], [13.588075715858269, 42.86220450557997], [13.588099315105389, 42.86207461066797], [13.58831047077808, 42.86212969595022], [13.588590488220659, 42.86216197297737], [13.588655220734953, 42.86201221806212], [13.590034453369151, 42.86232801562755], [13.590397925885526, 42.86239533705935], [13.590504343051274, 42.862162660299894], [13.590442771806844, 42.86210701430716], [13.590417003781562, 42.86203158066092], [13.590430322775134, 42.86197480420352], [13.590311383059774, 42.861935066109574], [13.590471639837068, 42.86139840287952], [13.590506144239917, 42.861337864235715], [13.590700157988037, 42.86140714815418], [13.590909573737004, 42.861392777687335], [13.59190337650756, 42.861224691157055], [13.591944999894094, 42.86125545788341], [13.592083446359927, 42.861262195452824], [13.592363292260732, 42.86114639065241], [13.592685018860738, 42.86086282489555]], [[13.573970619847582, 42.870080669958575], [13.573857463540651, 42.869749507117405], [13.574227479150467, 42.8697103116465], [13.574217345932727, 42.86927836561941], [13.574480466510417, 42.86928522980085], [13.574577399866575, 42.86889531897191], [13.57436131849433, 42.868900573371675], [13.574832862329288, 42.868259997829504], [13.575181349446273, 42.86794323258632], [13.575822744144972, 42.86816158409753], [13.576339354454959, 42.8676163745546], [13.576111252905443, 42.86743440591821], [13.576264537734861, 42.86731452240129], [13.576423593719726, 42.86716148461664], [13.576590222048683, 42.86704826631939], [13.576555460333173, 42.866542306509665], [13.576581265117404, 42.866272803733246], [13.576631306303923, 42.866179219346314], [13.576710068484859, 42.86611729701376], [13.57694207873626, 42.86601469604066], [13.57760698691119, 42.86565788521714], [13.5777926808832, 42.86561228679437], [13.578107386523389, 42.865585689221696], [13.578215690648666, 42.86553628339393], [13.57850408913228, 42.865274377340064], [13.578674295332556, 42.86516427912529], [13.578787696699166, 42.86512637690596], [13.57891150084916, 42.86510737605586], [13.579365400387205, 42.86510336968908], [13.579805282511597, 42.86507301897372], [13.580192182733315, 42.86579863258994], [13.579694454271623, 42.8659327328305], [13.579666443950275, 42.86581277696384], [13.57937183320379, 42.86595420261544], [13.579136024527358, 42.86548634398683], [13.578361170327298, 42.865769475645266], [13.578390577488817, 42.86592309222783], [13.57792073681863, 42.8662890100747], [13.577709960988441, 42.866292980266614], [13.577579270661458, 42.86646321920162], [13.577966661002538, 42.86682705699351], [13.577814907796116, 42.86699334382405], [13.57777338243345, 42.867240128782534], [13.578030854385535, 42.86760291750321], [13.57850951720418, 42.86743838515383], [13.579006571751755, 42.86829981731691], [13.578705430164815, 42.86873997503933], [13.57779061012891, 42.869072575831574], [13.577825653663051, 42.8691559317742], [13.57792941193128, 42.86927732559191], [13.57823735392432, 42.869239794165], [13.578427348693701, 42.869577332826886], [13.57813226008084, 42.8696838497296], [13.578216180768024, 42.86992870837629], [13.577664306370183, 42.87013767250891], [13.577540833050756, 42.8700574547362], [13.577155586981872, 42.87006390290666], [13.576855388874698, 42.870092282091626], [13.576845892812125, 42.86997462332917], [13.576696994550966, 42.869936802503304], [13.575026483981924, 42.869862788720674], [13.573970619847582, 42.870080669958575]], [[13.56363811957624, 42.86989231645776], [13.563478732760805, 42.870104934252176], [13.56295353310906, 42.86970257022446], [13.562302556576899, 42.86954028071699], [13.56237791242829, 42.86939674787925], [13.562840866921489, 42.869476929477095], [13.56295182994429, 42.86929681480276], [13.563024122549688, 42.8694561108398], [13.563415152027003, 42.86964799139039], [13.563515503965688, 42.86949769385208], [13.56378835341265, 42.86955028306835], [13.563799736434754, 42.86949142655597], [13.563691873416898, 42.869386826921335], [13.563649980464719, 42.869319921500534], [13.563618931403347, 42.86907369725252], [13.56363342668338, 42.86902470743574], [13.563194573809644, 42.868877973122075], [13.563400338169389, 42.86854539946099], [13.563512538743568, 42.86830827319262], [13.564998727674807, 42.86878724654983], [13.565174202658188, 42.868970806880455], [13.564744943870895, 42.86924826812813], [13.56472873317311, 42.86938291099173], [13.564525823758627, 42.869380369707166], [13.564383958710266, 42.86986528478666], [13.563692816896666, 42.86974348400166], [13.56363811957624, 42.86989231645776]]]}}, {"type": "Feature", "properties": {"name": "Ascoli - Pennile di Sotto", "stato": "copertura"}, "geometry": {"type": "MultiPolygon", "coordinates": [[[[13.59941031417031, 42.849999773907065], [13.598593505753149, 42.85051536527574], [13.597833379639816, 42.851153670844866], [13.597251264877547, 42.85192627561633], [13.597316818341767, 42.85196992963988], [13.597340809684372, 42.852025467108], [13.59732708634233, 42.85208288566933], [13.597285671256524, 42.852152386637], [13.59747642571091, 42.851849964729496], [13.598227815446675, 42.85098810751171], [13.599241994929566, 42.85023503716968], [13.599842550432705, 42.84991569446705], [13.600317353561397, 42.84969388825583], [13.601156952528735, 42.849396205256205], [13.601157516165998, 42.84928904624957], [13.600340585218998, 42.84953347079784], [13.59941031417031, 42.849999773907065]]], [[[13.597198552540524, 42.851996237813594], [13.59714188248968, 42.85209173946859], [13.59722047312884, 42.851967135131225], [13.597198552540524, 42.851996237813594]]], [[[13.591843802499517, 42.85558817624396], [13.591942941392787, 42.85562097780672], [13.59202475456673, 42.8556737298099], [13.592104166155815, 42.85579285365457], [13.59235249738186, 42.85666719120227], [13.592802402447132, 42.85811122867944], [13.592880588737822, 42.858325555736435], [13.59295157027394, 42.858494989780596], [13.593128209290798, 42.85887681552626], [13.5931592338462, 42.85893584386926], [13.593598503321392, 42.8588619114801], [13.59399628419287, 42.85885505634236], [13.59486250889437, 42.859006303470984], [13.59521280945298, 42.859036970716446], [13.595724555328333, 42.859165717076344], [13.59628111036605, 42.859124007452024], [13.596410011757374, 42.859078508510144], [13.59652341312398, 42.85900280355237], [13.596543814342287, 42.85891170618771], [13.596517507185709, 42.85839550888997], [13.596476006329016, 42.85823981225243], [13.59633140886523, 42.85803870711017], [13.596274309959947, 42.85788690831479], [13.59626400520043, 42.85765190731999], [13.596315308444298, 42.857496310163334], [13.596407904244133, 42.85730271130645], [13.597072199769862, 42.85680139092373], [13.59734580890183, 42.856638504530906], [13.597768610366572, 42.856479208493866], [13.598170912589135, 42.8563845117297], [13.598441274680352, 42.856216361893395], [13.599129377753929, 42.8558776204171], [13.599418205091984, 42.85567490549315], [13.599595910118447, 42.85544476097455], [13.599809614411802, 42.85527640313274], [13.600685715018374, 42.8547531065169], [13.601639107447808, 42.8542294119775], [13.602010213573195, 42.85406620905457], [13.602525610837766, 42.8537592110261], [13.602783303343564, 42.853576907772165], [13.603143908661691, 42.85316320292293], [13.603215809171605, 42.85298100819361], [13.603200211123015, 42.85290130591278], [13.603246515149426, 42.85268931213486], [13.603261708849544, 42.85251470508438], [13.603240915535752, 42.85241990883933], [13.603127207844544, 42.8522567059164], [13.603082018839677, 42.85205937200427], [13.602836763112608, 42.851796236004844], [13.602843575771693, 42.851800812125816], [13.602760206468787, 42.851710411127385], [13.6026227157357, 42.85152924738185], [13.602511997772583, 42.85127052471648], [13.602478877956923, 42.85113339483061], [13.602489219475387, 42.851021940058246], [13.602530475272403, 42.8509683198582], [13.60280560377438, 42.850864109103405], [13.602939712683893, 42.850791904064245], [13.603455011924593, 42.8504357082135], [13.603609607823298, 42.85034830972923], [13.6038468133399, 42.850299003382354], [13.604161506727106, 42.85039390815201], [13.604388505508066, 42.8504811076745], [13.604977236881677, 42.85051304104039], [13.605225408818931, 42.850655913686765], [13.605484069310458, 42.85073838334509], [13.605808393543063, 42.85078962504748], [13.606188162528113, 42.85080290122452], [13.606712786289615, 42.85067455278818], [13.607113728430956, 42.85042102121656], [13.60726276147494, 42.85039908115832], [13.607425811932577, 42.8503104075099], [13.607620144258284, 42.850274178378285], [13.607870190902085, 42.850159829616366], [13.608332900335602, 42.849862607846326], [13.608461507655313, 42.849642411416795], [13.608657408362967, 42.8494717112522], [13.608801307406667, 42.849179309783494], [13.608899110724685, 42.84903560511513], [13.60891518663965, 42.848919149167074], [13.60921664680417, 42.84847422540561], [13.609889605189567, 42.84797550056975], [13.611125232851679, 42.84800178161231], [13.611781907021383, 42.848183108144774], [13.611947506099689, 42.848282408161054], [13.612159004855931, 42.84828870258831], [13.612334001972934, 42.84827240580968], [13.612530601100676, 42.84832420822254], [13.612893411955916, 42.84847740879411], [13.613105609132246, 42.84854050680992], [13.613378801662757, 42.84853870711017], [13.614262707420117, 42.84834730587661], [13.614700702584976, 42.848340703962954], [13.615605401656126, 42.84814150704506], [13.616475510553538, 42.84808260531409], [13.61707251269133, 42.84801050879953], [13.617376411199661, 42.84798960876879], [13.61761740288831, 42.84788940438078], [13.617988852097247, 42.847662425163236], [13.618109458218425, 42.8476268652667], [13.617966318859734, 42.84742989310327], [13.61789010529946, 42.84747420731817], [13.617577102824043, 42.84755580877964], [13.61724790190382, 42.84761870783367], [13.616823066443745, 42.8477842078608], [13.616516509037892, 42.847734792989314], [13.616164627844347, 42.847834762240666], [13.615840303611744, 42.84796540778122], [13.61561400325087, 42.84800491073851], [13.614856805600706, 42.8480514044893], [13.61438974635788, 42.848145441062094], [13.613404704470863, 42.84821539421564], [13.612320695232349, 42.847989653987376], [13.611375610326045, 42.84789171052869], [13.61093651239263, 42.8478224085228], [13.610617040341676, 42.84781905330367], [13.610405909174954, 42.847844809810624], [13.610192204881598, 42.847823638468356], [13.609730402168893, 42.84782630636497], [13.609282910941461, 42.8478975075515], [13.6090475066135, 42.84802041167001], [13.60878710619825, 42.84820790601769], [13.608625207521104, 42.848447908188184], [13.60852300538184, 42.849285808598765], [13.608425312340678, 42.84948690469731], [13.608049305021702, 42.8497830050464], [13.607600711025714, 42.849999502595544], [13.607446311174757, 42.85013580950314], [13.607157777908316, 42.85024246206161], [13.606693512345835, 42.850257302801744], [13.605791104582686, 42.85035161972978], [13.605488321095896, 42.850273717148696], [13.60495852657516, 42.85020216325718], [13.604181809921538, 42.85013211062275], [13.603667846256089, 42.85012194548447], [13.603619704282085, 42.850177709045525], [13.603416941903411, 42.85027654783222], [13.603318942537648, 42.85030031472136], [13.602769273676923, 42.8505834463798], [13.602650468744386, 42.850690044675964], [13.60242910633605, 42.850818610161525], [13.60234927814551, 42.85088986561036], [13.602271814780874, 42.85099558666594], [13.60226416891888, 42.85116635013656], [13.602265627023971, 42.851271971711256], [13.602721523798404, 42.85200261363431], [13.602774481195109, 42.852123962233435], [13.602161917767683, 42.85225558449545], [13.601749408809471, 42.852328205545604], [13.60181845437412, 42.85246836507678], [13.601763413970147, 42.85319116609691], [13.601158373874876, 42.85330288313708], [13.600686793280964, 42.85361301933547], [13.600596660330908, 42.85386411814712], [13.600306093069133, 42.85393937091902], [13.600233126549613, 42.853800938737855], [13.599708184210531, 42.8539947275128], [13.599253267674813, 42.85328532928175], [13.599549728621877, 42.85319150071446], [13.599309031004843, 42.8528060755693], [13.598872677739836, 42.85307500859153], [13.598470449035174, 42.85329546728887], [13.598432244231168, 42.8532455369255], [13.598158573834281, 42.85302012227106], [13.597523526181277, 42.85304794978928], [13.597154588834053, 42.852372347929894], [13.597063353115441, 42.85252543093313], [13.596993743913528, 42.85240271673268], [13.596987997264046, 42.852351068063015], [13.596573258262756, 42.8530499936694], [13.59604438271582, 42.853866306726715], [13.59518070663499, 42.85465002622678], [13.594403316067249, 42.85508508329264], [13.59380328744242, 42.855303570459604], [13.592840791045901, 42.85552093620562], [13.592441797129005, 42.85554463978874], [13.592001081801705, 42.85562068840776], [13.591843802499517, 42.85558817624396]]], [[[13.592955111386305, 42.85896510933854], [13.592962928790076, 42.858979425543076], [13.592958505462864, 42.85896466619639], [13.592955111386305, 42.85896510933854]]]]}}, {"type": "Feature", "properties": {"name": "Ascoli - Porta Maggiore", "stato": "istat"}, "geometry": {"type": "Polygon", "coordinates": [[[13.5853709554186, 42.84776039575307], [13.585273568702036, 42.84781861920524], [13.585136800895004, 42.84782410874166], [13.584927385146036, 42.847728977879065], [13.584766907815032, 42.84769938683596], [13.584817573903733, 42.84758147484943], [13.584818933984952, 42.847434984716116], [13.58448695163737, 42.84744054660227], [13.58446233539258, 42.847651853057684], [13.583890954244264, 42.84765319152785], [13.58362473366163, 42.84769346320111], [13.583405748332185, 42.84769549803752], [13.583136390985654, 42.84777941469061], [13.582980790342267, 42.847847522925825], [13.582453287129534, 42.8481359451589], [13.582602908316746, 42.84830702515963], [13.58272342866704, 42.84836346699947], [13.582795610995582, 42.84851379166893], [13.583041222059189, 42.84851419863621], [13.583027878559648, 42.848823132020186], [13.582959286355404, 42.848861622081145], [13.582934192244242, 42.84920610631794], [13.58273291247663, 42.84951649574041], [13.582476555546085, 42.85028040045581], [13.5826762301728, 42.85030483658003], [13.582809787698032, 42.85036430806519], [13.583068901549966, 42.85057310941089], [13.583151192590284, 42.850670663989725], [13.583249767846295, 42.850724528370144], [13.5846601720717, 42.85118111852696], [13.585538907069825, 42.85167909273428], [13.585514327583988, 42.85170853003419], [13.585580407926521, 42.85180328106065], [13.585594315063322, 42.851907030585856], [13.585569086169334, 42.85198318772949], [13.585515405846577, 42.85205084377883], [13.585407628599611, 42.85211822851665], [13.585273372654294, 42.85215063215584], [13.585167176042257, 42.852148886718396], [13.585035015357196, 42.85211210592002], [13.585101585819087, 42.85214249281024], [13.585697840524853, 42.852633991715955], [13.585804980616654, 42.85284126467344], [13.585787128019016, 42.85350820265162], [13.585516790433767, 42.85394670537378], [13.585617656997778, 42.85395368712356], [13.585587000031893, 42.854027321070056], [13.586273265157876, 42.854054325609994], [13.586299229230903, 42.85443194602709], [13.58617407725267, 42.854459249009714], [13.586285003516517, 42.85444817045599], [13.586395304878183, 42.85446224248015], [13.586494762349036, 42.85450016278691], [13.58657413717917, 42.85455842241395], [13.586847060144034, 42.854883896756924], [13.587022657657256, 42.85523660173278], [13.587513230376313, 42.855224853943966], [13.588399096611107, 42.85515519018937], [13.588538266002997, 42.855116926221356], [13.588903147612527, 42.8551316674806], [13.589141590680512, 42.85516436051875], [13.589476856827797, 42.85516384502686], [13.590091062155073, 42.855207336263504], [13.590343240818084, 42.85528228154901], [13.59081653682975, 42.85536385587932], [13.592001081801705, 42.85562068840776], [13.592441797129005, 42.85554463978874], [13.592840791045901, 42.85552093620562], [13.59380328744242, 42.855303570459604], [13.594403316067249, 42.85508508329264], [13.59518070663499, 42.85465002622678], [13.59604438271582, 42.853866306726715], [13.596573258262756, 42.8530499936694], [13.596987739951384, 42.85234878000253], [13.596993743913528, 42.85240271673268], [13.597063353115441, 42.85252543093313], [13.597154588834053, 42.852372347929894], [13.597154588834053, 42.85237233888617], [13.597151035468704, 42.85236584549713], [13.59728543844983, 42.85215276647313], [13.59728556097967, 42.85215257655506], [13.59732708634233, 42.85208288566933], [13.597340809684372, 42.852025467108], [13.597316818341767, 42.85196992963988], [13.597247736018165, 42.851923924249824], [13.597131112116772, 42.85210882305063], [13.597176154085835, 42.85203362454103], [13.597119631070797, 42.85209997829508], [13.597039778374288, 42.85215163600847], [13.59687357889977, 42.852194087217605], [13.596767541576527, 42.852189909020204], [13.596667557227361, 42.85216352849675], [13.596536241998194, 42.85207615714363], [13.596377663879702, 42.85209594479715], [13.596451573878989, 42.85109429884059], [13.596325600950829, 42.85086753667227], [13.59611342828047, 42.85089518331615], [13.596065788678809, 42.85048193969649], [13.595182703871375, 42.85057669072296], [13.595109369762335, 42.850135764284545], [13.594907685646252, 42.85013170365548], [13.594442452098038, 42.850193598856876], [13.59425809370128, 42.85020375495143], [13.594303956620266, 42.850623772315366], [13.59377731111641, 42.85061996491037], [13.593835733343962, 42.8499245392226], [13.593717553313608, 42.849728570911786], [13.593996161663032, 42.84964472660843], [13.593974902735852, 42.84960241105504], [13.594295011941972, 42.84950056975419], [13.593965247384483, 42.84897167507732], [13.593843685530556, 42.84882389169244], [13.593590146786326, 42.84901901893754], [13.593335713574268, 42.84889643134914], [13.593489770341673, 42.84870517481505], [13.594583594220344, 42.847579259138676], [13.594453688084334, 42.84750045218586], [13.594350089104898, 42.84746695425687], [13.594213358056818, 42.84749383218478], [13.59398960631661, 42.847337719536235], [13.5938700171931, 42.84737487112702], [13.593219334732554, 42.84699496264945], [13.593279643919637, 42.846813328630596], [13.59338561997796, 42.84677595094688], [13.593280146291978, 42.84678130482754], [13.593171106987663, 42.846762367283446], [13.592874646040597, 42.84662675674209], [13.592619453143534, 42.84678562772442], [13.592240162024858, 42.84680956644419], [13.591763753755263, 42.84694350389784], [13.591483528011956, 42.84708305749995], [13.591585840428072, 42.84722525186753], [13.591870697799322, 42.84739606960045], [13.59215462394379, 42.84747022808256], [13.592440351276897, 42.84740472443793], [13.592614245625349, 42.84748101723733], [13.592108479206171, 42.84791999023279], [13.59199896203548, 42.84795867925552], [13.590052073160093, 42.84713874871127], [13.58985481237122, 42.847393835802265], [13.5897072619383, 42.84738400528153], [13.589742035906797, 42.84723596867256], [13.589712788034067, 42.84716995857978], [13.589284166401944, 42.84711697143994], [13.588681601409432, 42.847102501492216], [13.588534443071998, 42.846983079204875], [13.588266409047735, 42.84699836308717], [13.58765078237432, 42.846799401305915], [13.587293338326056, 42.8472813410024], [13.587018369112867, 42.84725790873081], [13.586859484669777, 42.84734074918154], [13.586638257044266, 42.84732944453488], [13.586647128204657, 42.847284072205035], [13.58658847317041, 42.847260920288676], [13.586311629250675, 42.84733558521895], [13.586096221792547, 42.847190885741675], [13.585971915270212, 42.84720201855771], [13.585794296014637, 42.84725078228155], [13.58545825792936, 42.847511277515515], [13.5853709554186, 42.84776039575307]]]}}, {"type": "Feature", "properties": {"name": "Ascoli - Tofare", "stato": "copertura"}, "geometry": {"type": "Polygon", "coordinates": [[[13.597661249721058, 42.84442719807549], [13.597589900595423, 42.84452200336426], [13.597389257982977, 42.84472535134842], [13.597146881707136, 42.84478439777887], [13.596901307402486, 42.84486647855734], [13.596919184506094, 42.84493417982528], [13.597036788646202, 42.84509420840342], [13.596895916089542, 42.845404371732954], [13.596839797422975, 42.845584251270644], [13.595880008935913, 42.84623855517572], [13.595712767957757, 42.84606232929984], [13.595437418902065, 42.846183144319646], [13.595563734913775, 42.84639555410856], [13.595367650411363, 42.84658074230832], [13.594972356895628, 42.84670241648127], [13.594879185205548, 42.84655266156601], [13.594697657248087, 42.84662073362635], [13.594570961393876, 42.846603324470486], [13.59464332751718, 42.84671294336824], [13.594604448799055, 42.84682785284063], [13.594540843559285, 42.84681998480656], [13.594404859943227, 42.84663356666124], [13.594257640340873, 42.84670025503283], [13.594168291581791, 42.84662512887297], [13.594016954976825, 42.84670105992367], [13.593904693137725, 42.84657388717058], [13.593820735691587, 42.84663348526778], [13.593572808814013, 42.84670975997974], [13.593619370153085, 42.84675916580752], [13.593385730254816, 42.84677591477201], [13.593279643919637, 42.846813328630596], [13.593219334732554, 42.84699496264945], [13.5938700171931, 42.84737487112702], [13.59398960631661, 42.847337719536235], [13.594213358056818, 42.84749383218478], [13.594350089104898, 42.84746695425687], [13.594453688084334, 42.84750045218586], [13.594583594220344, 42.847579259138676], [13.593489770341673, 42.84870517481505], [13.593335713574268, 42.84889643134914], [13.593590146786326, 42.84901901893754], [13.593843685530556, 42.84882389169244], [13.593965247384483, 42.84897167507732], [13.594295011941972, 42.84950056975419], [13.593974902735852, 42.84960241105504], [13.593996161663032, 42.84964472660843], [13.593717553313608, 42.849728570911786], [13.593835733343962, 42.8499245392226], [13.59377731111641, 42.85061996491037], [13.594303956620266, 42.850623772315366], [13.59425809370128, 42.85020375495143], [13.594442452098038, 42.850193598856876], [13.594907685646252, 42.85013170365548], [13.595109369762335, 42.850135764284545], [13.595182703871375, 42.85057669072296], [13.596065788678809, 42.85048193969649], [13.59611342828047, 42.85089518331615], [13.596325600950829, 42.85086753667227], [13.596450275062686, 42.85109194747409], [13.596435130374504, 42.851012398936454], [13.596451684155843, 42.850934451136794], [13.596519320627337, 42.8508421871326], [13.596598670951503, 42.850789317561095], [13.59783861166397, 42.85040243637745], [13.597980390941444, 42.850398583753865], [13.598082225491188, 42.850422088375204], [13.59817061851752, 42.8504661855409], [13.598238132459175, 42.85052716732685], [13.598279081931588, 42.8505998878579], [13.598286740046568, 42.85070444227395], [13.598256658970932, 42.85078000253224], [13.598198445044106, 42.8508459945376], [13.598593505753149, 42.85051536527574], [13.59941031417031, 42.849999773907065], [13.600340585218998, 42.84953347079784], [13.601288096216125, 42.84924827717185], [13.601680828858214, 42.84914741259247], [13.601597361531434, 42.8489570513864], [13.601552356321326, 42.84891383146129], [13.601417083378339, 42.84888778555537], [13.60136966433039, 42.84884888852714], [13.601330944901054, 42.848713404597824], [13.601242919464243, 42.848559625228354], [13.601186825303644, 42.84850734349847], [13.60112552362486, 42.84849119141933], [13.60111331965283, 42.848456364063885], [13.601194458912655, 42.84824237162444], [13.60120547434524, 42.84810014108199], [13.601773326634174, 42.8471966918082], [13.600961688976247, 42.84628661348961], [13.60144573085485, 42.84609398231049], [13.601768008839134, 42.84657414943838], [13.603931714265801, 42.84616432434388], [13.60374480724838, 42.84563462477617], [13.60368236604209, 42.84564548628068], [13.603441313088519, 42.845253775751985], [13.603265347985781, 42.84503228607086], [13.603057414847871, 42.845187693309455], [13.60304155948662, 42.84498442671876], [13.603094345341548, 42.84490986126938], [13.603353863541953, 42.84473252301626], [13.60369428819549, 42.84459377430499], [13.603912354551138, 42.84473354495632], [13.604167412665378, 42.844668294535786], [13.604419456545566, 42.84469042451209], [13.604613053692233, 42.84476477291226], [13.604757528626179, 42.84499218622823], [13.605300139768142, 42.844895373234216], [13.60536522761897, 42.84486078101543], [13.605579299501846, 42.84484720639571], [13.605731162985123, 42.844811420406245], [13.605954706424603, 42.84469187150686], [13.60633616632144, 42.844522536943586], [13.606782567033301, 42.84437119033407], [13.60688815099614, 42.84453548754681], [13.60711327507055, 42.8444949897806], [13.60741496804177, 42.844463544775444], [13.607652063281517, 42.84426681679237], [13.60812751581836, 42.84411688100277], [13.608276916451862, 42.844029889485775], [13.608367331220547, 42.84419065060502], [13.608507346068333, 42.84421303380542], [13.608579307843165, 42.844341391285475], [13.608731869746528, 42.84431980393221], [13.608989439722485, 42.844247445149854], [13.608924106811974, 42.84395836272542], [13.609256138171494, 42.843904742525375], [13.609366733604775, 42.843826007922296], [13.609804422445032, 42.84371921066435], [13.610112621750739, 42.84366048980773], [13.610443550341698, 42.84355880225008], [13.61068640448391, 42.84350248702226], [13.610932236101227, 42.84350707218695], [13.611348886568017, 42.84336798885814], [13.611560409830227, 42.84334972959285], [13.611594240318956, 42.843379456291714], [13.611918270479945, 42.843324018304486], [13.612094554160267, 42.84335111328161], [13.61271173696265, 42.84316370032738], [13.613171750739694, 42.84298988008031], [13.613233934633325, 42.843256832528446], [13.613745018847542, 42.843192178993256], [13.613882717881353, 42.84347652250981], [13.614149171270684, 42.84346196212491], [13.614439505725766, 42.84340249968347], [13.614793800757152, 42.8433053972905], [13.614962610117255, 42.843205690306945], [13.615256816515268, 42.842847287789176], [13.61540461200787, 42.842709886591784], [13.615732501858806, 42.84255232694847], [13.616160241276086, 42.84243630509885], [13.616674143676617, 42.84238495487185], [13.617290015409715, 42.84246194403748], [13.618302418209929, 42.842529202163256], [13.617951921603574, 42.842367464322535], [13.618663011275073, 42.841839971421855], [13.618806236404655, 42.84166403494493], [13.618351172833131, 42.84134750483839], [13.618494937094008, 42.841202054732584], [13.61897613628033, 42.84086451607068], [13.61909075069235, 42.84095167037459], [13.619318545917269, 42.84075428220016], [13.619869317546552, 42.840882431674714], [13.619779858510615, 42.84097427966791], [13.619704882501726, 42.84128787056632], [13.619351261384457, 42.8412410512417], [13.619098555843136, 42.84147354712681], [13.619480897954821, 42.84165785808599], [13.619133672895185, 42.84224733662524], [13.619055915458933, 42.84225114403024], [13.619006045814192, 42.842344221969], [13.619069687812912, 42.84229958218026], [13.61933740325959, 42.84239048058314], [13.619518894458102, 42.84238345361477], [13.619693658768412, 42.84257611192505], [13.61958812381751, 42.84280452909364], [13.619948814906524, 42.84282932696655], [13.620184219234485, 42.84281643966936], [13.620239296397415, 42.84283912131243], [13.620255151758666, 42.843863069075915], [13.619936696705384, 42.84394910195887], [13.619649241701534, 42.84400385262359], [13.619437546897549, 42.84401799699749], [13.619355415146021, 42.844056767413676], [13.61887248828896, 42.84413982491363], [13.618778961262345, 42.84419293866551], [13.618759221705176, 42.84424183804511], [13.618774305128436, 42.84443431548104], [13.618757212215803, 42.84448120715539], [13.618851388650567, 42.84445110966412], [13.620158635003964, 42.844267504114896], [13.620254882193018, 42.84400098576519], [13.620400227088826, 42.8439556405665], [13.620455831130068, 42.84380241286378], [13.620504352946574, 42.84333518729539], [13.62069924890954, 42.84318069347224], [13.620352268909583, 42.84291350588746], [13.620345407238561, 42.842803362454106], [13.6202645252914, 42.84271237361405], [13.620097186289374, 42.8425820355599], [13.619872968935773, 42.8424824099698], [13.620024035975096, 42.84226534266645], [13.62004969372352, 42.84201133177781], [13.620319173599889, 42.84200792229638], [13.620463170667461, 42.84194634362508], [13.62062445669541, 42.84182000289399], [13.620692460756423, 42.841714200444954], [13.620651682825784, 42.84151212762494], [13.620699003849861, 42.8413173983034], [13.62099047783245, 42.84129033045743], [13.620989852930268, 42.841124776168], [13.621089138859348, 42.84091298135185], [13.621384717591566, 42.840894396512745], [13.62146329597774, 42.84103347079783], [13.62149427152121, 42.841186734675425], [13.621538492540344, 42.841260024960654], [13.621906339371995, 42.84140680449292], [13.621861861040198, 42.841216470418], [13.621929534270642, 42.84120974189231], [13.621668692747967, 42.840249615642016], [13.62167722082481, 42.84003307287427], [13.621556320632015, 42.84004870041782], [13.620714344585787, 42.84024633277262], [13.620681653624565, 42.839767531246046], [13.620693539019012, 42.839506194946374], [13.620796549855214, 42.839507759509466], [13.620791023759448, 42.83923462115868], [13.620671459141906, 42.83922389530993], [13.620636158295099, 42.838439190044674], [13.621166737006805, 42.838417883046645], [13.621068860170883, 42.83761981116719], [13.621511523722631, 42.83762007343499], [13.62177077235739, 42.83759663211967], [13.622020010304249, 42.8375940908351], [13.622127873322105, 42.83698699513448], [13.623042190985668, 42.83710354151971], [13.623018677509437, 42.837274187422], [13.62320101416384, 42.837325203031455], [13.623255282629826, 42.83740161339917], [13.623307308799747, 42.83757816484888], [13.623075494596089, 42.83759468772044], [13.623058058599906, 42.837881246947745], [13.623321583526069, 42.83789916255177], [13.623358514019742, 42.8381334943115], [13.623143069802662, 42.83811232296923], [13.62314841210367, 42.83861938611247], [13.623583699359076, 42.838657315462946], [13.623580942437682, 42.83878142239586], [13.623539282292198, 42.838989843905445], [13.6233954567664, 42.83898206630854], [13.623419656409734, 42.8392380215964], [13.62364645914295, 42.83925809864887], [13.623599456696454, 42.83953870711017], [13.623347265780462, 42.83953962956934], [13.623280744330508, 42.83978465100295], [13.623467455300187, 42.83981559860364], [13.623682911770247, 42.83993325736611], [13.623724731204527, 42.84008817624397], [13.623732230030715, 42.84079357715195], [13.623631314454768, 42.840942961274806], [13.623586444027483, 42.841120824063516], [13.623586088690947, 42.84127836561941], [13.62363315240236, 42.841427216162934], [13.62361670889788, 42.841616908133915], [13.62394380230486, 42.84161630220486], [13.623999075515531, 42.84182085300342], [13.62421396834833, 42.842408206269106], [13.624311011981346, 42.8429077902581], [13.625050038456289, 42.842773907066764], [13.625481674322469, 42.84277894441732], [13.625482164441827, 42.84233552191292], [13.625566710031194, 42.842320843959705], [13.62565643863278, 42.84232579087308], [13.625656377367857, 42.8422867129705], [13.626396322816598, 42.84228571816159], [13.626391715694627, 42.84275193987737], [13.626927207852905, 42.842770126792914], [13.627911514560884, 42.84271081809467], [13.628308523494375, 42.84265441242968], [13.629582735802998, 42.842371805306854], [13.63141355216127, 42.84241719572413], [13.632097562738204, 42.842382793423404], [13.632659166005315, 42.84238348978965], [13.633429964467684, 42.8423324832239], [13.633714270454652, 42.8423001790656], [13.633941281488596, 42.84224497621502], [13.634051374549532, 42.84218947492177], [13.634278777678963, 42.84202937399389], [13.634327176965629, 42.84195467288875], [13.63439378418647, 42.841839745328926], [13.634084384088338, 42.84168757574113], [13.634047073752159, 42.84159878452439], [13.63398198590133, 42.84150926981027], [13.633915182632746, 42.84146737026787], [13.633642480221594, 42.84136846817516], [13.633895479834528, 42.84123416897282], [13.634587687657735, 42.840819858194514], [13.635094201508934, 42.84046784958489], [13.635711286287442, 42.83941401233563], [13.63512881618864, 42.83928300504639], [13.634815041775232, 42.83925747463237], [13.633101682521257, 42.838762747119574], [13.631495255058358, 42.83822063052797], [13.630116169459969, 42.837850968582124], [13.628225007155663, 42.83749725070993], [13.62820165296822, 42.83744560204026], [13.62821680990939, 42.83738761372475], [13.628287350338084, 42.83737518765713], [13.629658569520766, 42.837639996744265], [13.629721562111335, 42.837613534827355], [13.629719417839143, 42.83758492954944], [13.628883286466268, 42.83735104997558], [13.628878287248808, 42.83728430734169], [13.628961423745018, 42.83726659069944], [13.6323420342743, 42.83816238898837], [13.635841939855478, 42.83921046538969], [13.636025599832147, 42.83891110025865], [13.636458755068338, 42.838122822725055], [13.636573577781087, 42.83795687955577], [13.636705579177356, 42.83770248883101], [13.636670449872325, 42.837601063541165], [13.636531586805036, 42.8375436811547], [13.635912823367722, 42.83720416191872], [13.635456718292561, 42.83683103622913], [13.63495390484252, 42.83636527574294], [13.63467589688931, 42.836164984535245], [13.634412212674354, 42.83607439361875], [13.633832707797671, 42.83613616220811], [13.633537937762393, 42.83620213612603], [13.63324422148374, 42.83620054443178], [13.632871890059954, 42.83625165047842], [13.632679824536282, 42.83621893030911], [13.632635529999243, 42.83607667263552], [13.63291948064968, 42.83598863204732], [13.633103495962885, 42.835873134733305], [13.633011120716764, 42.835701322191476], [13.632749102907628, 42.83567368459131], [13.63228206817077, 42.8357263823322], [13.631804973734074, 42.835644437209474], [13.631568662685302, 42.83567427243294], [13.631285753538503, 42.83573526326261], [13.631050582017238, 42.83582132327672], [13.630796822719297, 42.8358631142945], [13.630486883489871, 42.835808155624285], [13.629637102292856, 42.83552748385697], [13.629234714299402, 42.83542225116212], [13.628872136250859, 42.835238763181216], [13.628510366899253, 42.835019453035976], [13.62836614927797, 42.834890254490205], [13.628225705575748, 42.834688868992714], [13.62819336995106, 42.83442008971368], [13.628075275691593, 42.834231311158135], [13.627865075751654, 42.83414345144428], [13.62759098875331, 42.83405286052779], [13.627301095405652, 42.83389804113082], [13.626757099676503, 42.83349250275833], [13.626508903233281, 42.83320087904933], [13.626401003456472, 42.83298467089912], [13.626345901787577, 42.832820346555245], [13.626372098667296, 42.83267973483821], [13.626674869901104, 42.832311854504674], [13.626740019016852, 42.83216067068208], [13.62678153212653, 42.83189789643135], [13.626738046286432, 42.83160255575452], [13.626563833360402, 42.83127650261363], [13.626279943974886, 42.83083333333334], [13.626159448130561, 42.83069416861107], [13.625905456025924, 42.83060991734042], [13.625324431779227, 42.830487139833956], [13.624468842667813, 42.83061855409047], [13.624242677089764, 42.83047089731763], [13.62415174769575, 42.830221751948926], [13.624183152093657, 42.82990537558558], [13.624287964118505, 42.82961648307921], [13.624562663766044, 42.82929581095013], [13.624763306378492, 42.82915714363232], [13.625158844953907, 42.82884403205093], [13.625336145631898, 42.828638784886145], [13.625513519827795, 42.82835251505779], [13.62561876070708, 42.828042143722755], [13.625649062336429, 42.82783384882522], [13.625455109853227, 42.827652639861086], [13.625028693758217, 42.82759337638142], [13.624514509539058, 42.82758718143506], [13.623990951787162, 42.82745531499267], [13.623104387132281, 42.8271715864489], [13.622623298222814, 42.82687144355816], [13.62217883348242, 42.82652930164414], [13.620923576539994, 42.825238618481734], [13.620522021749453, 42.82506128927234], [13.619485725630502, 42.82486011178035], [13.618564411513095, 42.82447872013312], [13.618023528041872, 42.82430154466692], [13.6176653243086, 42.82427197171125], [13.617065638767322, 42.824266952448134], [13.61646608800887, 42.82430468283683], [13.61625419715714, 42.824333496120246], [13.615971324769296, 42.82402532240852], [13.615558325691728, 42.82377641217646], [13.615013839843217, 42.82360933854252], [13.615466011710527, 42.822497205491345], [13.61539683136305, 42.82222540561072], [13.61524396313509, 42.82197949789281], [13.615097013098381, 42.821566787852475], [13.614970108943442, 42.82109475102646], [13.61490405310688, 42.82074180187024], [13.614925361045998, 42.82041232116049], [13.61516658554134, 42.82032605314088], [13.615509889646109, 42.82046074122307], [13.615752020862267, 42.820673784072206], [13.61606229092226, 42.82077601425289], [13.61648580306007, 42.82067339519236], [13.616769104302355, 42.82049539674787], [13.617045041501276, 42.82021864995387], [13.617479127964248, 42.81997153037784], [13.617947963889751, 42.819862553584024], [13.618594529347682, 42.81984092101217], [13.618839772821769, 42.81980849928554], [13.618637010443097, 42.81967264456382], [13.617579957769308, 42.819314739450505], [13.617038400383965, 42.81894048329626], [13.616735396343465, 42.81881318393113], [13.616532021315592, 42.81862783294445], [13.616280320518957, 42.818327400654766], [13.615908368937676, 42.81805432561], [13.615718999070477, 42.817728860310744], [13.615836970800105, 42.817424747228095], [13.61584406527782, 42.81735254218894], [13.61579244345637, 42.817244686816075], [13.615676530228049, 42.81717160453633], [13.615566020565659, 42.81713269846438], [13.615480090389104, 42.8171266029989], [13.615260688458203, 42.81691233924792], [13.615039130002124, 42.81681100439524], [13.614831013069457, 42.81680815562429], [13.614743257198292, 42.8168205816919], [13.614324339929468, 42.81696384321812], [13.614164548765563, 42.81698284406822], [13.613984037805771, 42.816967641579396], [13.61379323433945, 42.816918443757125], [13.612963940131626, 42.816592444878545], [13.612597833223699, 42.81647874726428], [13.612458529048986, 42.81645974641416], [13.612345237959234, 42.81646734313672], [13.612214633403138, 42.81652646191691], [13.612190629807547, 42.81655465118382], [13.61220089780811, 42.81659751840397], [13.612752625170144, 42.81706655271583], [13.612979734227961, 42.817225857796586], [13.613170635718154, 42.817305451552805], [13.613325231616857, 42.81739145730461], [13.613448435370637, 42.817514053936726], [13.613500228733862, 42.81759745509794], [13.613526131541967, 42.817680955740045], [13.61352663391431, 42.81799965633874], [13.613485525153102, 42.818155262539115], [13.61344433062101, 42.81821206612766], [13.613161225426468, 42.818458670211804], [13.61309512057797, 42.81854596921519], [13.61302841533326, 42.818788675457164], [13.612990908949337, 42.819075876788396], [13.612956514823344, 42.81913147756254], [13.612836313050634, 42.8192048854161], [13.612730006161742, 42.81919848246424], [13.61262681153078, 42.81911128294174], [13.612528616117274, 42.81893307649176], [13.612466407717676, 42.81874337547706], [13.612461114428601, 42.81854606869607], [13.612512417672471, 42.81832996907049], [13.612690747601116, 42.81817946352669], [13.612862522183338, 42.81808326550546], [13.612911117517749, 42.81801616112287], [13.612918126224576, 42.817922558648505], [13.612848026903306, 42.81785896322825], [13.612771641801261, 42.817842557925005], [13.61205291852075, 42.81783556713151], [13.611322787712167, 42.81768761191601], [13.610385802028265, 42.817705473257725], [13.610083398383978, 42.81769297484038], [13.609565195186075, 42.81759067230994], [13.60934369799492, 42.81760587479877], [13.609302393185969, 42.817636279776444], [13.609281893943793, 42.817681778718324], [13.60929739396851, 42.81776527936043], [13.609508990748624, 42.818011783963684], [13.609529796315396, 42.81807618427479], [13.609509297073222, 42.81817488740572], [13.609457895805482, 42.81826968365077], [13.609247083216344, 42.818614990865846], [13.60903938288513, 42.818911290176715], [13.609209772880165, 42.81893295892343], [13.609296033887288, 42.81892373433176], [13.609330440266264, 42.818944697668535], [13.609430657422125, 42.81893329354098], [13.609457209638382, 42.819036789842094], [13.609439540835503, 42.81906504241504], [13.609270167838135, 42.81908038960334], [13.60926065952258, 42.8191333857869], [13.609196796970146, 42.81921143306745], [13.608942179963327, 42.81935428762639], [13.608925234086502, 42.81928046376182], [13.608769572178193, 42.81927343679346], [13.608765344898725, 42.81914904046159], [13.60861522133917, 42.8191504060629], [13.608603372703675, 42.8190864217628], [13.608506561877359, 42.81903969287536], [13.608458873263762, 42.818812261471955], [13.60811868141692, 42.818675800821175], [13.60798879978688, 42.81872061244054], [13.607861381006614, 42.818813961690815], [13.607820639834923, 42.818934758623186], [13.607650115057066, 42.81892727946896], [13.607629174707467, 42.81879731220721], [13.607426326557906, 42.81883942879881], [13.607436288233872, 42.81896791289092], [13.607195431328044, 42.81898660625463], [13.607076871455188, 42.818676280138185], [13.606929370034202, 42.8186874039105], [13.606753159871783, 42.81866080633783], [13.606624160456587, 42.81861900627634], [13.606464160991955, 42.81850910702335], [13.606306979713633, 42.81832300540814], [13.60586111813307, 42.81833125327835], [13.605840459602103, 42.818205699350656], [13.60530992990233, 42.81862852931069], [13.605176666448713, 42.818710347821366], [13.604538739344475, 42.81897611554253], [13.604385013407637, 42.81911214209489], [13.604333918464494, 42.819199974677595], [13.604271134174654, 42.819416128565486], [13.604261233763609, 42.81962852931069], [13.604292429860786, 42.819787933872334], [13.604344137453124, 42.81990923725289], [13.604890828838748, 42.82046673720766], [13.60512852447471, 42.82092954039829], [13.605253345622373, 42.821080009767215], [13.605494435334894, 42.82126715140991], [13.605920826923937, 42.82152624486769], [13.605873015780501, 42.82141578490423], [13.605687113507765, 42.82117877620417], [13.605669113874317, 42.821095275562065], [13.60570631393364, 42.821070622388625], [13.605810721610016, 42.8210686779894], [13.605994553128461, 42.82113282507642], [13.606062250864875, 42.821135773328265], [13.606213354663149, 42.82103843579865], [13.606349411797108, 42.82108696438584], [13.60640450121302, 42.82135984951254], [13.606359336714121, 42.821407980176176], [13.606522362665794, 42.82145503463744], [13.606603967539009, 42.82141997214535], [13.60678364529589, 42.821488858140256], [13.606916038787647, 42.82159142293849], [13.606906456954183, 42.82169046068696], [13.606812341784341, 42.821738157252156], [13.60680196350692, 42.821839772460066], [13.6066028280115, 42.821906705012026], [13.606512474507733, 42.82189479443631], [13.606462911187588, 42.8219089840288], [13.60653652711526, 42.822037151590784], [13.606562331899491, 42.82212435111328], [13.606495822702522, 42.822617459800675], [13.606470618314505, 42.82312966881907], [13.606507708096968, 42.82401357461971], [13.606504608092028, 42.82413317778139], [13.606470410013776, 42.8242774793351], [13.60637938259589, 42.82436105232695], [13.606301710930529, 42.82438098467994], [13.606131909078723, 42.82439728145857], [13.605405000804925, 42.824379184980195], [13.605169094104621, 42.824467885759766], [13.605099031542304, 42.82451702931973], [13.60504199390194, 42.8245975907537], [13.605027400598035, 42.82465839166531], [13.605043991138325, 42.82475689583446], [13.605207494956373, 42.825040298804424], [13.605224097749646, 42.82512739884602], [13.605204394951429, 42.825199703366074], [13.605165062872898, 42.825247870204564], [13.605112362788859, 42.82528455152206], [13.604907284596212, 42.82533430101108], [13.604521585166923, 42.825389910828946], [13.6040384745151, 42.825491607430315], [13.60388858376224, 42.82556539512001], [13.603772474486176, 42.825629813518546], [13.603427173145024, 42.826018819975765], [13.60306546505834, 42.82634732396404], [13.603035457500605, 42.826404425995264], [13.603041461462748, 42.82646882630636], [13.6030782571736, 42.82652543093313], [13.603249664166304, 42.82663813373849], [13.60351956064413, 42.82678062654873], [13.60369126170845, 42.82691612856548], [13.60377526816652, 42.82703313618029], [13.603834266284318, 42.827207236782606], [13.603868660410312, 42.827487637238406], [13.603855059598109, 42.8276357371534], [13.603784555928367, 42.82774984173494], [13.60313377544395, 42.82839001030984], [13.60352283219085, 42.828652766473134], [13.60343038342682, 42.828804538137355], [13.603544924320937, 42.82898940980701], [13.60322058783535, 42.82916019136506], [13.60312722009753, 42.829089162009154], [13.603037528254895, 42.82911864452765], [13.60315304938773, 42.82925984408631], [13.603047575701748, 42.8293413008483], [13.603064582843494, 42.829364072928534], [13.603054474131719, 42.82942027963174], [13.602984975206663, 42.829607267531244], [13.602805591521397, 42.829666241611946], [13.602367277778958, 42.82938938629334], [13.602278860246656, 42.82948397453289], [13.602171940708566, 42.82968473601389], [13.602517756675047, 42.82980570477689], [13.602739376396043, 42.82997122289146], [13.60261057302859, 42.8300168574891], [13.602717210748049, 42.83018877855554], [13.602711022991148, 42.83022441080182], [13.602588872993987, 42.83030227720802], [13.602306735785179, 42.83037982708412], [13.6022374819198, 42.830493316692895], [13.602660761250915, 42.830568822688875], [13.602784871725513, 42.830723822960195], [13.603229961368086, 42.83078967930978], [13.603286067781667, 42.830849575849655], [13.603255116744167, 42.83103388680884], [13.603164113832252, 42.8311596939606], [13.603041510474684, 42.831259093457774], [13.603137684145837, 42.831501573606815], [13.603061654380326, 42.831598477038], [13.602867493596394, 42.83169393347441], [13.602765364975035, 42.83163834174399], [13.602624357635552, 42.83166922603867], [13.602394491656344, 42.83174228118726], [13.602295610075737, 42.83183913939986], [13.602131726415188, 42.83190236402771], [13.601873212959466, 42.83190463400076], [13.601589727922423, 42.832031616835785], [13.601279408850493, 42.832038698066455], [13.600922099585054, 42.832164776529744], [13.600742189021478, 42.83206606435509], [13.600575082826145, 42.832181118526954], [13.60044778657572, 42.83230321775463], [13.600321678864736, 42.83251272451028], [13.600236875962707, 42.83274072566788], [13.60017157981115, 42.83286262593376], [13.600115681698297, 42.83292373433176], [13.599936469554807, 42.8330234322716], [13.599731575156921, 42.833108235209004], [13.599505164519192, 42.83313413641544], [13.59923716725388, 42.833133937453646], [13.599072462643406, 42.833150243275995], [13.598923564382247, 42.83319283918462], [13.598872665486853, 42.83323873605006], [13.598660051709071, 42.83365454808545], [13.59850465936641, 42.83387064771103], [13.597929541057983, 42.83443556351402], [13.597864048858684, 42.8345384629298], [13.597816911629367, 42.8346725269955], [13.598286298939147, 42.83468315336336], [13.598446347415713, 42.83464152513249], [13.598451273115268, 42.83457700725306], [13.59869768062283, 42.83449563188453], [13.598804355101242, 42.834559227304794], [13.59913404614082, 42.83455310470816], [13.599077314825058, 42.83476977408794], [13.59875352972375, 42.83478995062131], [13.598683234354734, 42.8348892596813], [13.598695928446123, 42.83497688425851], [13.599058849578222, 42.8352607213269], [13.599180239890375, 42.83551996852786], [13.598362034633041, 42.835593376381425], [13.597964756133903, 42.83564530540634], [13.598060733757311, 42.83578972452837], [13.598075547614927, 42.83598922893266], [13.59754732147614, 42.83606765604934], [13.597130352431767, 42.836205916399884], [13.596903439421697, 42.836157876173424], [13.596963050188693, 42.83578387324326], [13.597177759226732, 42.835645124531986], [13.59665602716945, 42.83558138441225], [13.596434517725308, 42.8355902834301], [13.596355314436948, 42.83560929332393], [13.5962046517461, 42.83531560764737], [13.595914121243274, 42.835582388264875], [13.595633307356733, 42.83578889250637], [13.595536815108, 42.835907093891876], [13.595411908189448, 42.836207399569524], [13.595318699740416, 42.83658720856621], [13.595312695778272, 42.83732321341364], [13.595351488725509, 42.83752771899361], [13.59543344893526, 42.83768522437463], [13.59557249579731, 42.83787912167417], [13.59584429148765, 42.8381032249896], [13.595856238147018, 42.838144925570205], [13.595821537696427, 42.8381862010961], [13.59577638545051, 42.83820232604409], [13.595470992078132, 42.83817282543817], [13.595242412662241, 42.83820926257528], [13.595052687458509, 42.83833743013728], [13.59486498399713, 42.838570034547], [13.594816376409737, 42.83880163510409], [13.594849275671685, 42.83895683433719], [13.594939273838916, 42.83913844122488], [13.594955876632193, 42.83922924014687], [13.59495157583482, 42.83929754734386], [13.594911275770555, 42.83936984282019], [13.594504672750618, 42.839669551612495], [13.594294668858417, 42.839789453216845], [13.593523453794598, 42.840061361622084], [13.593323656638042, 42.84015356232025], [13.593195845762292, 42.84024546457576], [13.593089146777912, 42.84035616871959], [13.592977950948418, 42.84053137265542], [13.592949340230858, 42.84070976902346], [13.592978747392376, 42.84099387740337], [13.59297094224159, 42.84118357841807], [13.592900940944192, 42.841354685549945], [13.59281453290126, 42.84144258143868], [13.592293131674545, 42.841787092806626], [13.592139013642214, 42.84186664134426], [13.592021519778962, 42.84190259012064], [13.591789828105144, 42.84192299274694], [13.59162981638753, 42.841901197388175], [13.59153871545174, 42.84186769945918], [13.591427421598373, 42.84177359958037], [13.591380125080265, 42.841701792464775], [13.591326420251539, 42.841539095990015], [13.59128972256456, 42.841493796009914], [13.59122772246569, 42.841471394722085], [13.59111254441641, 42.841459041004214], [13.59116994964629, 42.84155015645631], [13.591198511351914, 42.84186542044242], [13.591227232346332, 42.841948016712784], [13.591289060903426, 42.84203721489681], [13.591390993477042, 42.84212433302584], [13.591587470074941, 42.8423424494004], [13.591728342631603, 42.8424790728381], [13.591879446429873, 42.842581881816706], [13.592459710991566, 42.84281914374084], [13.592597851132801, 42.84285271401957], [13.5927678857913, 42.842838235028125], [13.592961348155145, 42.84278493135818], [13.593144787578103, 42.842714082876626], [13.593316562160327, 42.84269417765478], [13.593820282331182, 42.8427197532874], [13.593997962851676, 42.84275950042505], [13.594217462806446, 42.84284254888129], [13.594357379630358, 42.8428667679563], [13.594661131102882, 42.842848590084465], [13.594786528140792, 42.842820572648186], [13.594879221964499, 42.842780545155286], [13.595062710399393, 42.842770615153654], [13.59512361998269, 42.84280400455803], [13.595260853403113, 42.84292390616239], [13.595384461505365, 42.842966230759494], [13.595686999932477, 42.842934731492036], [13.595783639217018, 42.84293947039991], [13.595927268695071, 42.842967768191436], [13.596026125769711, 42.84301796986633], [13.59607429224968, 42.84306541320745], [13.596156007399754, 42.843091178758115], [13.596401116091014, 42.84304134787563], [13.596570403317491, 42.84306393003781], [13.596738220185895, 42.84316306726717], [13.596831685947588, 42.84326602094525], [13.59722171068022, 42.84348751062637], [13.59745346361896, 42.84359724709245], [13.59856759069206, 42.84266882811511], [13.599603041355115, 42.841936865809316], [13.599814000980063, 42.84208076943947], [13.599199673122946, 42.84249177021723], [13.59830151714523, 42.843174317651524], [13.597604640935135, 42.843822797402645], [13.597787259408166, 42.843959330403166], [13.597813529805792, 42.84409096170891], [13.597710310668859, 42.84408694629841], [13.597661249721058, 42.84442719807549]], [[13.623813761386025, 42.83646521786315], [13.624218979818773, 42.83654041637275], [13.624104990308936, 42.83670020077052], [13.624228439122396, 42.836940121547556], [13.622192385282686, 42.836829914808185], [13.622310357012314, 42.83652185866479], [13.622263109506141, 42.836520276014255], [13.622279344709897, 42.83643309457919], [13.622343636116767, 42.83643496662868], [13.62236162349723, 42.83638799356087], [13.623813761386025, 42.83646521786315]], [[13.621017900010568, 42.836747472281004], [13.620077066889701, 42.83678152187675], [13.619014292072402, 42.836852424620616], [13.616824316248108, 42.83714842548881], [13.615440035384516, 42.83741583012281], [13.614973858356537, 42.83756234738727], [13.614378228552951, 42.837718080199686], [13.612964234203242, 42.83795073887171], [13.608256380450735, 42.83894672346121], [13.607495825482964, 42.839144979832504], [13.603702902043217, 42.84034328142239], [13.601966678721162, 42.8409788648326], [13.602035724285813, 42.84074560927524], [13.604196685044073, 42.83998422775698], [13.605351161193376, 42.83961449346139], [13.606708951105633, 42.83920862951508], [13.608435580341242, 42.83873200752437], [13.609962314396425, 42.83841106408378], [13.61330593316711, 42.837661629316116], [13.61555042251707, 42.837223841047624], [13.617125433329079, 42.836896856403854], [13.618737901513073, 42.836636162208116], [13.620453294762385, 42.83644710329734], [13.621653878890353, 42.836406524137686], [13.622161029896718, 42.8364219255883], [13.62209319737748, 42.83677179988062], [13.621017900010568, 42.836747472281004]], [[13.607339869503038, 42.82854053394107], [13.607384176293063, 42.82819761426737], [13.608428118274006, 42.82834822833577], [13.608293237426503, 42.82868555899216], [13.607339869503038, 42.82854053394107]], [[13.5999050651569, 42.841962088736956], [13.59974760205995, 42.8418392660119], [13.601939599626597, 42.840765442147344], [13.6018335255444, 42.8410421708539], [13.5999050651569, 42.841962088736956]]]}}, {"type": "Feature", "properties": {"name": "Ascoli - San Filippo", "stato": "istat"}, "geometry": {"type": "Polygon", "coordinates": [[[13.601681245459668, 42.84914731311159], [13.601157516165998, 42.84928904624957], [13.601156952528735, 42.849396205256205], [13.600317353561397, 42.84969388825583], [13.599842550432705, 42.84991569446705], [13.599241994929566, 42.85023503716968], [13.598227815446675, 42.85098810751171], [13.59747642571091, 42.851849964729496], [13.597151035468704, 42.85236584549713], [13.597523526181277, 42.85304794978928], [13.598158573834281, 42.85302012227106], [13.598432244231168, 42.8532455369255], [13.598470449035174, 42.85329546728887], [13.598872677739836, 42.85307500859153], [13.599309031004843, 42.8528060755693], [13.599549728621877, 42.85319150071446], [13.599253267674813, 42.85328532928175], [13.599708184210531, 42.8539947275128], [13.600233126549613, 42.853800938737855], [13.600306093069133, 42.85393937091902], [13.600596660330908, 42.85386411814712], [13.600686793280964, 42.85361301933547], [13.601158373874876, 42.85330288313708], [13.601763413970147, 42.85319116609691], [13.60181845437412, 42.85246836507678], [13.601749408809471, 42.852328205545604], [13.602046041298312, 42.85227597807803], [13.601867331527163, 42.85227448586467], [13.601768119115988, 42.85224314938413], [13.601685497245105, 42.85219189863802], [13.601568824331776, 42.85203214137139], [13.601488089420425, 42.85176630130049], [13.601564805353037, 42.851466086060015], [13.601697492916406, 42.85131208059761], [13.601775078810883, 42.85125694105305], [13.601941094490641, 42.85120879230199], [13.602083988789655, 42.8512158464015], [13.602239846745706, 42.85127986687648], [13.602323265060548, 42.85136579123483], [13.602265627023971, 42.851271971711256], [13.602263188680162, 42.85109537504295], [13.602271814780874, 42.85099558666594], [13.60234927814551, 42.85088986561036], [13.602206236810687, 42.85096776819144], [13.602030406490773, 42.85098701322191], [13.601862895946969, 42.850943115018], [13.601742865716034, 42.850846338198856], [13.60170047039151, 42.85074575397471], [13.601713176735883, 42.85064083780997], [13.601735428154768, 42.85058465823793], [13.601960625747083, 42.85033451806031], [13.602003106842494, 42.850086141407566], [13.601902914192603, 42.84986593593431], [13.601656727238753, 42.84962918045834], [13.601471413109246, 42.84930016097817], [13.601715553814774, 42.849244551160304], [13.601681245459668, 42.84914731311159]]]}}, {"type": "Feature", "properties": {"name": "Ascoli - Centro Storico", "stato": "istat"}, "geometry": {"type": "Polygon", "coordinates": [[[13.569043560211917, 42.85166975961799], [13.568910198734427, 42.85172155298714], [13.569747114298275, 42.852296018955634], [13.570061146024347, 42.8520439434225], [13.570137837450993, 42.852040145061224], [13.570248089800721, 42.85206445457341], [13.570641239044264, 42.85222084757719], [13.570777332937176, 42.8522170944345], [13.571021681943432, 42.85216180114674], [13.570655758830263, 42.85173989364588], [13.57090036514918, 42.85166707363395], [13.571407834733128, 42.85164199540579], [13.571678343860151, 42.851712111346245], [13.571708755766357, 42.851984435762475], [13.571953864457619, 42.85195233056595], [13.572258265338293, 42.85200152838823], [13.572391761598606, 42.852009830520736], [13.572763872468679, 42.852084432144984], [13.572833285622847, 42.85220267874907], [13.572649258056657, 42.85232419013511], [13.572574674143254, 42.852356539512], [13.572297634175778, 42.8524297574475], [13.571931098413408, 42.85259673160056], [13.571210843509904, 42.85284823737949], [13.570990020232863, 42.85272531517355], [13.570889484499421, 42.85268736773563], [13.570746271622822, 42.852669605874794], [13.569811332187243, 42.85280415830123], [13.569592738953286, 42.85285746197116], [13.569569997415043, 42.852885533669756], [13.569565561834848, 42.85293700146509], [13.569610554791971, 42.85299445620127], [13.569509063325778, 42.85299234901514], [13.569545601723966, 42.85314803660897], [13.569208215810454, 42.853160218496214], [13.569276268883401, 42.85346533543148], [13.56924376171694, 42.85350492882594], [13.569302036908685, 42.85355388246785], [13.569366855193866, 42.85370504820302], [13.569135151267062, 42.85373140159531], [13.569122126345109, 42.85362029952792], [13.569044307643939, 42.853422739522856], [13.568875718837544, 42.853355635140275], [13.56863983664321, 42.85335222565884], [13.568439537114314, 42.85338752328757], [13.568234226114974, 42.85353217754626], [13.568016809167476, 42.85398552100855], [13.568026574795699, 42.85414725884928], [13.5682553747653, 42.854124242588675], [13.568227891322262, 42.85423139255159], [13.567845402174772, 42.85438538897028], [13.567660578164627, 42.8545040154105], [13.567663322833035, 42.85416170166586], [13.567218429238201, 42.8541770669416], [13.567097541298391, 42.85422422088375], [13.566958384159484, 42.85423499195109], [13.566793299706507, 42.85419374355635], [13.566673931136709, 42.854102637147975], [13.566702590866205, 42.85420500298443], [13.566688941042067, 42.85437346935084], [13.566600744063479, 42.85475077323783], [13.566770852239882, 42.85480338958526], [13.566770815480929, 42.854975156908495], [13.566678182922143, 42.855069980284696], [13.566779270039865, 42.85518945683433], [13.56667078211983, 42.85573831099535], [13.566954401939697, 42.85577482048221], [13.567352513641747, 42.85590800730733], [13.56750720756432, 42.85607111074937], [13.567569109639317, 42.85626840848663], [13.567713413031488, 42.85655681263226], [13.567847607711888, 42.856681805849476], [13.567981704368414, 42.85675001356557], [13.568213714619816, 42.85681080543346], [13.568657407422217, 42.857057310036716], [13.569106405766679, 42.85717851393637], [13.569731553008639, 42.8573999041366], [13.56990010505608, 42.85741731329246], [13.569983988984312, 42.85748631685568], [13.570156939852996, 42.857579259138674], [13.57112770701369, 42.85797192830141], [13.571542972893294, 42.85815587751189], [13.571945667211345, 42.85838238645613], [13.572870105839666, 42.858726680774865], [13.573871909808748, 42.85905491345163], [13.57435758133422, 42.85927301173874], [13.575099009394021, 42.859547913614406], [13.575434214276385, 42.85963131477562], [13.575723115132341, 42.85968421147829], [13.57590871108048, 42.85967281639445], [13.57616651386313, 42.859612015482845], [13.576460511960416, 42.85952841535985], [13.576806009349314, 42.859376508039865], [13.577058347301115, 42.859184437571216], [13.57718020322666, 42.85886778085265], [13.577157878289873, 42.85872323511857], [13.57697028510535, 42.85862381753396], [13.576788365052403, 42.858601163022044], [13.576417405962825, 42.858616202723965], [13.575799316439628, 42.85872431132093], [13.575515806896616, 42.85864470852099], [13.575324905406424, 42.85848171360356], [13.575072738996395, 42.8583126503518], [13.575023310459077, 42.85823179951887], [13.574994613970627, 42.85809111545209], [13.575084354825197, 42.85779580190641], [13.575412011869439, 42.8574800133847], [13.575597301492976, 42.857377059706614], [13.575791805360458, 42.857308906252825], [13.575462016297005, 42.857223687304426], [13.57579947572842, 42.85703482735544], [13.576043322362334, 42.85702581076926], [13.57655394096316, 42.8569347134046], [13.57666130160867, 42.85689427894442], [13.57664792135018, 42.85685931593322], [13.576681384249394, 42.856844068225804], [13.576709039234206, 42.856750583319766], [13.577585911778769, 42.856835892705334], [13.577839536293887, 42.85684553330802], [13.577929706002895, 42.856933754770566], [13.578046660734852, 42.85695927614086], [13.578248700187473, 42.856976893302225], [13.579468031380909, 42.85695277370811], [13.580366481430236, 42.85682848590084], [13.580604667185558, 42.85680844502324], [13.581296054058837, 42.85680934939498], [13.581555841824892, 42.85679723985747], [13.581859777092175, 42.85675989834861], [13.582381962509867, 42.8566632390978], [13.582739308534258, 42.85654016314866], [13.582878220613484, 42.85651957964802], [13.583049713377077, 42.85655032828694], [13.583160357822292, 42.85661565105721], [13.583229317616055, 42.85670701068967], [13.58324506270045, 42.85682345759401], [13.583660279568115, 42.85647003816449], [13.584075275882071, 42.85608426031436], [13.584747376558589, 42.85528752690506], [13.584954819577137, 42.85530022428419], [13.584974387592531, 42.8551750863675], [13.58507200711579, 42.855003906885884], [13.585398046766148, 42.85427013583663], [13.585587000031893, 42.854027321070056], [13.585617656997778, 42.85395368712356], [13.585516790433767, 42.85394670537378], [13.585787128019016, 42.85350820265162], [13.585804980616654, 42.85284126467344], [13.585697840524853, 42.852633991715955], [13.585101585819087, 42.85214249281024], [13.584640481526467, 42.8519320002894], [13.584107574747804, 42.85174075279903], [13.583574520933336, 42.85141410277281], [13.582841559685455, 42.85124283285402], [13.582059035117435, 42.85141601099716], [13.5815208350497, 42.851707688968474], [13.580827977818341, 42.851976305460596], [13.579912875963805, 42.85242488288386], [13.579288169829269, 42.85241615569664], [13.57875669664973, 42.852385687412955], [13.578433254631971, 42.85220319424096], [13.578445826193521, 42.85217369363503], [13.578206672452469, 42.852039756181384], [13.577936788227627, 42.851744641597485], [13.577792092739967, 42.8516207064952], [13.577572212942695, 42.851350444046524], [13.577251013221, 42.850835965055076], [13.577139805138524, 42.85070946153707], [13.576796966647148, 42.85038023405141], [13.576579610964568, 42.850207906017694], [13.576481942429375, 42.85004384394161], [13.576372560041506, 42.8499882069926], [13.576161931247126, 42.849924521135165], [13.576044572166698, 42.84981449527014], [13.575927531663853, 42.849690903829114], [13.575650638732183, 42.84930071264492], [13.575277351575648, 42.84909250818456], [13.574902496037167, 42.84895214064789], [13.574682346674246, 42.848901902798126], [13.574452492948021, 42.84887190478774], [13.57378074760804, 42.8488838334509], [13.573622071465676, 42.84882305062673], [13.573521021106908, 42.8487142275761], [13.57352332466789, 42.848718803697075], [13.570433845037648, 42.85055940817914], [13.57043230116167, 42.8505603306383], [13.570432215390783, 42.85056038490061], [13.570524786684647, 42.850520131314774], [13.570629157602074, 42.850501347513884], [13.570736432476696, 42.85050564327961], [13.570837446076514, 42.85053264781956], [13.570923572300813, 42.8505800549858], [13.570987434853247, 42.850643813192974], [13.571023605661916, 42.85071847812325], [13.571028972468891, 42.8507976739559], [13.570930556501676, 42.85106742995641], [13.57085096111783, 42.85106917539385], [13.570593072564291, 42.851248204822106], [13.570351639768221, 42.85134324524753], [13.570284297368342, 42.851407356159676], [13.570278207635312, 42.85150750628539], [13.570193343468361, 42.85144737460886], [13.57014030030077, 42.8514336191148], [13.569983168034385, 42.851457838189816], [13.56984094764949, 42.85145344294319], [13.569520458600866, 42.85137697831316], [13.569043560211917, 42.85166975961799]]]}}, {"type": "Feature", "properties": {"name": "Ascoli - Stadio", "stato": "copertura"}, "geometry": {"type": "Polygon", "coordinates": [[[13.58764358987273, 42.859395861594955], [13.587749578184038, 42.858674489482155], [13.587418085955814, 42.858657433031276], [13.587384255467084, 42.85898299781142], [13.586871394570192, 42.85889636804312], [13.5859427286624, 42.85838622099227], [13.585902624645882, 42.85798689565359], [13.585748347324763, 42.85746107584061], [13.585148576012596, 42.85714589324796], [13.584538928795354, 42.856414753920454], [13.584185172895264, 42.85659086222801], [13.584036801512415, 42.85642718903178], [13.585545854511734, 42.85527882684899], [13.585866098500677, 42.85452643478576], [13.586299229230903, 42.85443194602709], [13.586273265157876, 42.854054325609994], [13.585587000031893, 42.854027321070056], [13.585398046766148, 42.85427013583663], [13.58507200711579, 42.855003906885884], [13.584974387592531, 42.8551750863675], [13.584954819577137, 42.85530022428419], [13.584747376558589, 42.85528752690506], [13.584075275882071, 42.85608426031436], [13.583660279568115, 42.85647003816449], [13.583244584834075, 42.85682387360501], [13.583238887196533, 42.856942897968786], [13.583177891842347, 42.857036147738164], [13.583074011044282, 42.85710573914302], [13.582942364984548, 42.85714153417621], [13.583033514932271, 42.857130609365676], [13.583219012856539, 42.85707360681535], [13.583341297636522, 42.857082985150214], [13.583456316397012, 42.85713820608823], [13.5838848154993, 42.857430508076035], [13.584021558800362, 42.857622162533694], [13.584364911917065, 42.85788220558178], [13.585127611157029, 42.858574140394666], [13.585199315619201, 42.858742326405846], [13.585353335627657, 42.85888019787654], [13.585505076581095, 42.85893837611012], [13.585686604538555, 42.85913820608823], [13.586027102709995, 42.85928230868016], [13.586347309939985, 42.8595670049017], [13.586590004793406, 42.85983270931684], [13.586744808992837, 42.85991620995894], [13.586992601087587, 42.86010610993542], [13.58767880494865, 42.860303009749124], [13.58837386771712, 42.86038941342449], [13.588964939410669, 42.86067313292456], [13.589680280867606, 42.86090960804529], [13.59011248037105, 42.86101948016712], [13.590482728787558, 42.861155398194875], [13.590832955828267, 42.86123260440972], [13.590921299842663, 42.861266129469854], [13.591358228997917, 42.861254616817696], [13.591825508794454, 42.86107603957531], [13.592496629232256, 42.860768281874584], [13.592531636007447, 42.860684736013894], [13.592610202140639, 42.86058810389422], [13.592649730266913, 42.860402825257296], [13.592624807697526, 42.85998890335883], [13.59251903993993, 42.859582523920636], [13.592429678927862, 42.85946257709769], [13.592441429539488, 42.85932043699242], [13.592531109129135, 42.85919706260061], [13.59269034890876, 42.85907089370015], [13.59286266262228, 42.85897708322028], [13.592958505462864, 42.85896466619639], [13.593152163874452, 42.859610866930744], [13.593130463839845, 42.85993771591875], [13.592999810271815, 42.860373505525715], [13.592867147214411, 42.860557201512115], [13.592685018860738, 42.86086282489555], [13.592363292260732, 42.86114639065241], [13.592083446359927, 42.861262195452824], [13.591944999894094, 42.86125545788341], [13.59190337650756, 42.861224691157055], [13.590909573737004, 42.861392777687335], [13.590700157988037, 42.86140714815418], [13.590506144239917, 42.861337864235715], [13.590471639837068, 42.86139840287952], [13.590311383059774, 42.861935066109574], [13.590430322775134, 42.86197480420352], [13.590417003781562, 42.86203158066092], [13.590442771806844, 42.86210701430716], [13.590504343051274, 42.862162660299894], [13.590397925885526, 42.86239533705935], [13.590034453369151, 42.86232801562755], [13.588655220734953, 42.86201221806212], [13.588590488220659, 42.86216197297737], [13.58831047077808, 42.86212969595022], [13.588099315105389, 42.86207461066797], [13.588075715858269, 42.86220450557997], [13.588205119621938, 42.86237180530686], [13.588307677097733, 42.862579096351766], [13.588178800212377, 42.86267434478268], [13.588178077286324, 42.86271426375097], [13.588142470114915, 42.86275782733735], [13.587936460695493, 42.86281719934162], [13.58754856798207, 42.86269583265506], [13.587468506984836, 42.86261197930798], [13.587182987952454, 42.862497974207315], [13.586287000752902, 42.862502342322784], [13.586273277410863, 42.86246106679689], [13.585966965064689, 42.862461455676744], [13.585957726314778, 42.86253707924105], [13.585097272768728, 42.86250758767884], [13.585157839268476, 42.86270324850326], [13.585148306446948, 42.86273336408197], [13.585097664864216, 42.86282254417856], [13.585038838288195, 42.862875169569705], [13.58492270450616, 42.862914907663644], [13.58498896864345, 42.86306166006475], [13.584999371426838, 42.86321735670229], [13.585056470332121, 42.86347156655272], [13.585170067746473, 42.86363856783692], [13.585309371921186, 42.86371456219364], [13.585619066090935, 42.86383936549279], [13.585717175733553, 42.86389636804312], [13.585763675807703, 42.86394576482718], [13.585815371147058, 42.864052770090616], [13.585793609847533, 42.864522012407974], [13.585809109872251, 42.864616510210354], [13.586072806340189, 42.865227512796864], [13.586222611322162, 42.865432515781286], [13.586325805953125, 42.86551601642339], [13.586475402634367, 42.86558051621539], [13.58695010773919, 42.865702018557705], [13.58714120527713, 42.86577792247726], [13.587342411526839, 42.86589181905331], [13.588179008513105, 42.86670762566245], [13.58836481276197, 42.86687452746577], [13.588488812959708, 42.86694662398032], [13.588695116450749, 42.86700742489193], [13.589335016285403, 42.86712132146798], [13.589680721975029, 42.867197324868414], [13.589861318705706, 42.86726512561724], [13.590290932829534, 42.867484146363516], [13.590523126875695, 42.867537242027964], [13.59071402836589, 42.867548745636405], [13.590879027047977, 42.867590446217015], [13.59095663744842, 42.86762464955596], [13.59105453879031, 42.86768504350029], [13.591104481952959, 42.86776185179156], [13.591233787692756, 42.868061660064754], [13.591326885864932, 42.86820586213757], [13.591563723792014, 42.8683751695697], [13.592250883385827, 42.86872945719608], [13.59240568758526, 42.86882806084613], [13.592481116954554, 42.868926818239366], [13.59255057912066, 42.86916196393366], [13.592483003914083, 42.86931353663609], [13.592301843546142, 42.86959000307486], [13.592166570603155, 42.869737289055294], [13.592081767701126, 42.869818772948435], [13.592004377854394, 42.86986428093403], [13.59190256781062, 42.8698829471666], [13.59168082555978, 42.86987679743882], [13.590850110005817, 42.869808399804654], [13.590612818718329, 42.869770398104436], [13.590427112493334, 42.86970200047027], [13.590251514980112, 42.86956540416373], [13.59004501544133, 42.86934519869047], [13.589879710434642, 42.86923519995659], [13.589482407429534, 42.869136496825654], [13.589353408014338, 42.869128800622214], [13.589189009728461, 42.869154801309534], [13.588879156269922, 42.86934519869047], [13.588817303206861, 42.86940580968402], [13.588776096421782, 42.869481704559846], [13.588806998447346, 42.86956130735978], [13.59020050580786, 42.87016471322373], [13.59063421242833, 42.87038490965326], [13.591119406087428, 42.87067721164107], [13.591511513827335, 42.87077590572829], [13.591771473135164, 42.870865519923306], [13.59192116784028, 42.87094882160363], [13.592086472846967, 42.871077821187626], [13.592256875094987, 42.871271221082715], [13.592287973168293, 42.87132822363304], [13.59237097488168, 42.87167312388084], [13.592562268467361, 42.87222343408035], [13.592913561517678, 42.87263684048692], [13.593114865791259, 42.8728267404634], [13.59363146384826, 42.87326313599942], [13.59378626804769, 42.873361839130354], [13.593930767487606, 42.873430146327344], [13.594132071761187, 42.873475744750124], [13.59427468424157, 42.87347233526869], [13.594653080892417, 42.87336193861125], [13.594818079574507, 42.87339613290647], [13.59485948240733, 42.8734340351258], [13.594864677672529, 42.873479642592294], [13.594756777895723, 42.87380984679943], [13.594746473136208, 42.87389334744154], [13.594911863913783, 42.874998037513336], [13.594974721721533, 42.87506681498363], [13.595091958272121, 42.875100358131206], [13.595901966283181, 42.874986750954115], [13.596010270408458, 42.875013448007664], [13.59605677048261, 42.87504755186572], [13.596098075291561, 42.875188055058146], [13.595979466406767, 42.875548555718346], [13.595675359597706, 42.87622706965471], [13.595481786957007, 42.877207227738886], [13.595437749732632, 42.877129279939226], [13.595466054125595, 42.8772356792736], [13.595400561926295, 42.87759072657225], [13.59538828443636, 42.87775436359361], [13.59541373388406, 42.87789116790566], [13.595484323324689, 42.877993633223], [13.595595188323617, 42.878080651871144], [13.595689070686767, 42.878113923707204], [13.595819638483912, 42.878134263027476], [13.596037729345525, 42.87814764772913], [13.596109409301729, 42.87819671893936], [13.596323677232347, 42.87853931303923], [13.596440791253096, 42.87867192106644], [13.596906980534062, 42.87898013095303], [13.596995704390961, 42.8790802629913], [13.597195428029611, 42.87958330168032], [13.597272450286825, 42.879718089243404], [13.597378879705555, 42.879839853853525], [13.597772666104264, 42.880122361495474], [13.597861377708181, 42.88029642592291], [13.59790991177767, 42.88046125671496], [13.597952809474538, 42.88077129343245], [13.59802582500599, 42.88090296995677], [13.59822081899283, 42.881209380143616], [13.598453711459078, 42.88149762150235], [13.598743224964233, 42.88171171342268], [13.598853011700571, 42.88184946732505], [13.599058837325236, 42.88255480492702], [13.599173133159672, 42.88284978385516], [13.599284476024975, 42.88306614574855], [13.599280616335026, 42.88310683343282], [13.599421292843942, 42.88299417584604], [13.599472792135552, 42.88298277171849], [13.599573450398836, 42.8829982816937], [13.599640547739035, 42.88303258451354], [13.599903852111488, 42.88331349141751], [13.600151350134624, 42.88346908857417], [13.600254655042441, 42.88349948450811], [13.60043525177312, 42.8835222837195], [13.601007956243706, 42.883564282742775], [13.601136955658902, 42.883560384900605], [13.601406533559143, 42.883608289471304], [13.601571838565834, 42.88359320455079], [13.60194304271509, 42.88335419718921], [13.602118640228312, 42.88328969739722], [13.602211444328873, 42.88328969739722], [13.602304346453304, 42.883320102374874], [13.603026745629007, 42.8837564979109], [13.603578950857413, 42.884041302657046], [13.603738950322047, 42.88412110441876], [13.603987636884625, 42.8841955975184], [13.604190129697653, 42.88412710040335], [13.604287038547842, 42.884078399985526], [13.604555244113879, 42.88374068949301], [13.604627438695408, 42.883687494347676], [13.605199947118248, 42.883368884186154], [13.605339251292962, 42.88327028053611], [13.605531770177038, 42.88306906686925], [13.605612554100329, 42.8830197786098], [13.605839663158143, 42.8829635719066], [13.605999466575033, 42.88289527375333], [13.606097563964665, 42.882701665852736], [13.606205770066072, 42.88254996653825], [13.606437866088362, 42.882379266373654], [13.6067886812723, 42.8821743538264], [13.60695367995439, 42.882049758532744], [13.607345677417442, 42.88182975202127], [13.607423079517153, 42.88175004974045], [13.60754178642582, 42.88155264347858], [13.607613882983479, 42.88146914283647], [13.607907893333747, 42.88120353790222], [13.608005892699511, 42.88114663483278], [13.608165794140273, 42.881097337529624], [13.608480597804332, 42.88109353012462], [13.608728108080452, 42.881063333152454], [13.60895000962008, 42.88102543093313], [13.609115106326042, 42.88094962649447], [13.60918210564237, 42.88087432850399], [13.609259409718213, 42.88070732721978], [13.609305811768493, 42.88028231772388], [13.609573723262915, 42.87987620959719], [13.610187132146237, 42.87872689782408], [13.610284935464254, 42.87865479226581], [13.610341740297924, 42.87863958977698], [13.61089894474379, 42.87860188651944], [13.611022748893784, 42.878552489735384], [13.611057449344376, 42.87850588745998], [13.611002041350883, 42.87843128583573], [13.61052723822219, 42.8782716823123], [13.610124837975752, 42.87808938810208], [13.610031935851321, 42.8780665888907], [13.60987713165189, 42.87809318646336], [13.609485330236584, 42.87838149112812], [13.609387330870822, 42.87843459583627], [13.609340830796668, 42.87843459583627], [13.609310235095705, 42.878405004793166], [13.609299538240704, 42.878332193824946], [13.609387134823079, 42.877979787291764], [13.609376535991947, 42.8777596812994], [13.60940743801751, 42.877638188000795], [13.60945384006779, 42.87755467831497], [13.609680642801006, 42.877319378877495], [13.609843828041468, 42.8771250384358], [13.609861153760798, 42.87708037151591], [13.610010848465913, 42.87708037151591], [13.610506150836782, 42.87712986778086], [13.611152557005925, 42.87710677917051], [13.611445060239166, 42.87705056342359], [13.611642039209407, 42.87697828603469], [13.611862862486449, 42.87692166332049], [13.611935069320962, 42.87691405755421], [13.612383969641552, 42.87695215873533], [13.612912587875826, 42.876880369707166], [13.613147379554587, 42.87673605006602], [13.613168724252654, 42.876684573226974], [13.612988188786897, 42.876631387125364], [13.612728217226085, 42.87663326821857], [13.612373052232838, 42.87660884113806], [13.611510099078059, 42.87632547434298], [13.611497086409088, 42.876227558015444], [13.611729795080574, 42.87574619711686], [13.61190241511869, 42.875506882268894], [13.612131092558455, 42.875422603867094], [13.613569813429807, 42.87585483024942], [13.613898867314223, 42.875222737714104], [13.613850676328282, 42.87511915097581], [13.613503083679126, 42.87495451010183], [13.613754269850435, 42.874730868015995], [13.61347129943872, 42.87453212328395], [13.61336289728957, 42.87443351963391], [13.613272641809674, 42.874315526253916], [13.612893620256644, 42.874157668167925], [13.613124258173842, 42.87391628230868], [13.613287823256806, 42.873943413460665], [13.613388150689524, 42.87404525476151], [13.61349375915833, 42.87391069329137], [13.61338502617861, 42.873879194023914], [13.613491088007825, 42.873724510282706], [13.613668106867186, 42.873761878922714], [13.613748033081597, 42.87380432108814], [13.613709975313396, 42.87385140268056], [13.61376796868651, 42.873883833450904], [13.613973242926896, 42.873881283122614], [13.614320762058147, 42.873940836001225], [13.613932366972387, 42.874484517155935], [13.614055129618743, 42.8745010942898], [13.614144931738233, 42.87446193499376], [13.614748060368006, 42.87440885741675], [13.614815880634259, 42.87443484001665], [13.614959608136182, 42.87443154810354], [13.614956961491645, 42.87454941487149], [13.615743713339137, 42.87463484182538], [13.61606135969548, 42.87471700399732], [13.616890016748135, 42.87467505923635], [13.618484632334491, 42.87443943422504], [13.6189394018344, 42.8744097708322], [13.619233240642894, 42.87440790782644], [13.619183199456376, 42.87412711849078], [13.619421323946778, 42.87387141642701], [13.619630935743487, 42.87372413044658], [13.619659852785649, 42.87364128999584], [13.619648445257575, 42.873584224139485], [13.61958487677676, 42.87349873387957], [13.619563973186112, 42.873239278673104], [13.61947039714756, 42.87299631016333], [13.619368158249346, 42.87245095592092], [13.61913353811236, 42.87209034673612], [13.619175480076478, 42.87178837701448], [13.619258616572688, 42.871590084468316], [13.619359985509043, 42.871462278655024], [13.619972818502115, 42.871053122795594], [13.62004851743706, 42.870819623057855], [13.620148207714609, 42.87064178740029], [13.620591594192412, 42.870153336227325], [13.620764655337952, 42.87001468699694], [13.620393647236435, 42.86987771085427], [13.619713912950909, 42.86972736809739], [13.619459626774656, 42.86964455477779], [13.619320334852926, 42.869577450395205], [13.619042633224314, 42.86936100710837], [13.618924183628312, 42.86929837936585], [13.6178462886288, 42.86893009206504], [13.616384715942349, 42.86855173910684], [13.61548950068079, 42.86835617776331], [13.615569181835522, 42.868280527067846], [13.615656778417897, 42.86825012209019], [13.616476882887744, 42.8681855228173], [13.616667894654794, 42.86813231862825], [13.61689979462934, 42.86802981713603], [13.617193498655011, 42.86779851502161], [13.61731709450428, 42.867658011829185], [13.61751289718806, 42.867475907537035], [13.617579798480516, 42.86736960768354], [13.617584809950959, 42.86729370376399], [13.617584711927087, 42.867210203121886], [13.617527711045676, 42.867085001899184], [13.61738821082322, 42.86687620055347], [13.616969808179721, 42.86653469169968], [13.616696407348485, 42.86649299111907], [13.6164072981918, 42.866420894604516], [13.616242103461966, 42.86634119232369], [13.61604600670657, 42.86622389530993], [13.61512150681333, 42.86553378732794], [13.614605202827944, 42.86523788594064], [13.614331593695976, 42.86505618861577], [13.614026702695943, 42.864718387686075], [13.613649592608413, 42.8644147810516], [13.613437897804427, 42.86419848246423], [13.613045299945163, 42.863739676596666], [13.612895396939319, 42.86352707688969], [13.612693504522507, 42.86307546982112], [13.612631602447511, 42.86299967442618], [13.61250240698457, 42.86290846853691], [13.61211010319692, 42.86272266536437], [13.610742094296036, 42.861967867672334], [13.61059739880838, 42.861797068026846], [13.61052489790225, 42.86162666630492], [13.610519604613176, 42.8615431566191], [13.610457494237453, 42.861349557762225], [13.610359200800074, 42.86117505923635], [13.610059505065244, 42.86078425307939], [13.609713505304004, 42.86042415034276], [13.609455298172884, 42.86023434984716], [13.609155896509668, 42.86004844719374], [13.609037201853983, 42.859949744062796], [13.60899560297342, 42.85986634290158], [13.608985200190032, 42.859767549333476], [13.60902100340918, 42.859562645829946], [13.609242010480981, 42.85900893519272], [13.609247205746184, 42.858910331542674], [13.60922121716719, 42.858803932208296], [13.609148912308806, 42.8586977318357], [13.609061009401833, 42.8586332320437], [13.607977306487918, 42.85817402825258], [13.607837806265461, 42.85804922495342], [13.607698208019134, 42.857817723877226], [13.607662012704496, 42.85769252265451], [13.607672011139414, 42.85754072385913], [13.607949712768027, 42.85685791415704], [13.607980222698103, 42.856520203664516], [13.607989534965917, 42.85580280174363], [13.607953229374425, 42.855628194693146], [13.607798327151121, 42.855507090274386], [13.60768472973677, 42.855385696456665], [13.60763822966262, 42.85530979253713], [13.607622533590158, 42.855127588764084], [13.607987341681786, 42.854095474523845], [13.607976546802913, 42.853822571309706], [13.607752550003026, 42.85308769692695], [13.607365649781304, 42.853130428491326], [13.606237505294546, 42.8532107276575], [13.605006864596907, 42.8539688443938], [13.605370520908043, 42.854452909363864], [13.605391498016594, 42.85458791397616], [13.605343686873157, 42.85470540090799], [13.605530165036141, 42.854780192450306], [13.60542584313065, 42.85503602112612], [13.60536661220616, 42.85527920668512], [13.605125694035413, 42.85563225532223], [13.605121393238042, 42.855823376200554], [13.604754122296635, 42.855818899560475], [13.604824846520088, 42.8554637799121], [13.604494738879053, 42.855400428672205], [13.604546961096718, 42.85507145441062], [13.60391214625041, 42.85501097002912], [13.603542963843504, 42.85503081194494], [13.602948779892028, 42.85509455206468], [13.602952002426811, 42.8551238356214], [13.60315712963139, 42.85533035795033], [13.603196069614436, 42.85543731799519], [13.603208200068561, 42.85599270172011], [13.603121142617482, 42.85600942355346], [13.602993086682048, 42.85597293215403], [13.602198480671836, 42.855967732016566], [13.60146423286064, 42.85521333224809], [13.601240419855515, 42.85535766093295], [13.601435548625174, 42.85556795449202], [13.600997443183461, 42.85574008356395], [13.600742090997603, 42.85551443377286], [13.60309972440151, 42.85422381391648], [13.603045284393746, 42.85415906090039], [13.603270910840502, 42.85391450974008], [13.603615170678017, 42.853625933763816], [13.603712900478133, 42.853403358836616], [13.603769852347607, 42.8526330240382], [13.604067685628877, 42.852335114945646], [13.603638635142312, 42.852201032792514], [13.603437980276881, 42.851812623220646], [13.603322299855256, 42.85188423137447], [13.603146922895748, 42.85191836236366], [13.602970773998246, 42.8518864380415], [13.602836763112608, 42.851796236004844], [13.603082018839677, 42.85205937200427], [13.603127207844544, 42.8522567059164], [13.603240915535752, 42.85241990883933], [13.603261708849544, 42.85251470508438], [13.603246515149426, 42.85268931213486], [13.603200211123015, 42.85290130591278], [13.603215809171605, 42.85298100819361], [13.603143908661691, 42.85316320292293], [13.602783303343564, 42.853576907772165], [13.602525610837766, 42.8537592110261], [13.602010213573195, 42.85406620905457], [13.601639107447808, 42.8542294119775], [13.600685715018374, 42.8547531065169], [13.599809614411802, 42.85527640313274], [13.599595910118447, 42.85544476097455], [13.599418205091984, 42.85567490549315], [13.599129377753929, 42.8558776204171], [13.598441274680352, 42.856216361893395], [13.598170912589135, 42.8563845117297], [13.597768610366572, 42.856479208493866], [13.59734580890183, 42.856638504530906], [13.597072199769862, 42.85680139092373], [13.596407904244133, 42.85730271130645], [13.596315308444298, 42.857496310163334], [13.59626400520043, 42.85765190731999], [13.596274309959947, 42.85788690831479], [13.59633140886523, 42.85803870711017], [13.596476006329016, 42.85823981225243], [13.596517507185709, 42.85839550888997], [13.596543814342287, 42.85891170618771], [13.59652341312398, 42.85900280355237], [13.596410011757374, 42.859078508510144], [13.59628111036605, 42.859124007452024], [13.595724555328333, 42.859165717076344], [13.59521280945298, 42.859036970716446], [13.59486250889437, 42.859006303470984], [13.59399628419287, 42.85885505634236], [13.593598503321392, 42.8588619114801], [13.5931592338462, 42.85893584386926], [13.593046028527336, 42.85872045869735], [13.592870161448467, 42.85830067647006], [13.592882046842913, 42.85838083998047], [13.592861474082834, 42.858460044856834], [13.592810256609857, 42.85853129126196], [13.592702491615874, 42.85860318881473], [13.592601294221295, 42.85863361187983], [13.592022328475906, 42.85873712626838], [13.591882178845298, 42.85870313997866], [13.591743180995184, 42.85875526796534], [13.59071888054754, 42.85952005896504], [13.58976886994168, 42.85973424132255], [13.587916696632353, 42.85961306455406], [13.58764358987273, 42.859395861594955]], [[13.602371713359153, 42.861350570658566], [13.602040821527142, 42.86106015880768], [13.601927346642631, 42.860711921428184], [13.601680718581358, 42.8607399569519], [13.601548815208961, 42.86058742561542], [13.60146228463619, 42.86058126684392], [13.601084390357686, 42.860428726463724], [13.601247097731775, 42.86028534736918], [13.601548349595568, 42.86025708575253], [13.601492292193923, 42.8601735760667], [13.601015504081827, 42.85994841463635], [13.600897311798489, 42.859809249914086], [13.600883245372895, 42.859725215692656], [13.60098952775582, 42.859751270642285], [13.601156744228007, 42.85974801490404], [13.601605252453108, 42.859599914989055], [13.601704844706788, 42.85958584296489], [13.60186315325963, 42.85960361386944], [13.602048957508497, 42.859687114511544], [13.602761358249278, 42.86014261037857], [13.602934247853044, 42.8602666720929], [13.603045357911649, 42.86038541610144], [13.603566857162239, 42.86076641886881], [13.6035270717233, 42.86095078409029], [13.602819376128359, 42.86140417277118], [13.602487197733032, 42.861404805831384], [13.602371713359153, 42.861350570658566]], [[13.60015397227319, 42.864420804167345], [13.5999557312456, 42.86438826487239], [13.599929338318136, 42.86457918678894], [13.599571980040759, 42.86445323493769], [13.59939959280934, 42.86464473565214], [13.599652151314851, 42.86474936241793], [13.599542119518834, 42.86486382874816], [13.599281621079712, 42.86478085264167], [13.599157044991728, 42.86495824515709], [13.598723914261502, 42.864879827084124], [13.5995520811948, 42.863842630274746], [13.599859827140095, 42.86395266518349], [13.599951822543714, 42.864115452095426], [13.60027457839437, 42.86431465805705], [13.60015397227319, 42.864420804167345]], [[13.59955106419713, 42.85645638215132], [13.59964874498531, 42.85650993000163], [13.599057771315632, 42.857130338054155], [13.598994239593766, 42.85707723334599], [13.598749081890567, 42.8569649827265], [13.599140184885787, 42.856536048257276], [13.59928403491755, 42.85645939370919], [13.599453763251455, 42.85657130971114], [13.59955106419713, 42.85645638215132]], [[13.599063358676322, 42.8632110441876], [13.599395708613422, 42.86332323150108], [13.599258181121384, 42.86356065621213], [13.599489284651973, 42.863624803299146], [13.598767975991846, 42.864340251777094], [13.598747170425069, 42.864208023586016], [13.598867335438827, 42.863586177582434], [13.599063358676322, 42.8632110441876]]]}}]}